Using pre-set license
Built from '6000.0/staging' branch; Version is '6000.0.33f1 (433b0a79340b) revision 4406026'; Using compiler version '193933523'; Build Type 'Release'
OS: 'Windows 11  (10.0.26100) 64bit Core' Language: 'en' Physical Memory: 14020 MB
BatchMode: 1, IsHumanControllingUs: 0, StartBugReporterOnCrash: 0, Is64bit: 1, IsPro: 1

COMMAND LINE ARGUMENTS:
C:\Program Files\Unity\Hub\Editor\6000.0.33f1\Editor\Unity.exe
-adb2
-batchMode
-noUpm
-name
AssetImportWorker1
-projectPath
C:/Users/Student/Desktop/game builds/Breakout-project/breakout project
-logFile
Logs/AssetImportWorker1.log
-srvPort
61206
-job-worker-count
7
-background-job-worker-count
8
-gc-helper-count
1
Successfully changed project path to: C:/Users/Student/Desktop/game builds/Breakout-project/breakout project
C:/Users/Student/Desktop/game builds/Breakout-project/breakout project
[UnityMemory] Configuration Parameters - Can be set up in boot.config
    "memorysetup-bucket-allocator-granularity=16"
    "memorysetup-bucket-allocator-bucket-count=8"
    "memorysetup-bucket-allocator-block-size=33554432"
    "memorysetup-bucket-allocator-block-count=8"
    "memorysetup-main-allocator-block-size=16777216"
    "memorysetup-thread-allocator-block-size=16777216"
    "memorysetup-gfx-main-allocator-block-size=16777216"
    "memorysetup-gfx-thread-allocator-block-size=16777216"
    "memorysetup-cache-allocator-block-size=4194304"
    "memorysetup-typetree-allocator-block-size=2097152"
    "memorysetup-profiler-bucket-allocator-granularity=16"
    "memorysetup-profiler-bucket-allocator-bucket-count=8"
    "memorysetup-profiler-bucket-allocator-block-size=33554432"
    "memorysetup-profiler-bucket-allocator-block-count=8"
    "memorysetup-profiler-allocator-block-size=16777216"
    "memorysetup-profiler-editor-allocator-block-size=1048576"
    "memorysetup-temp-allocator-size-main=16777216"
    "memorysetup-job-temp-allocator-block-size=2097152"
    "memorysetup-job-temp-allocator-block-size-background=1048576"
    "memorysetup-job-temp-allocator-reduction-small-platforms=262144"
    "memorysetup-allocator-temp-initial-block-size-main=262144"
    "memorysetup-allocator-temp-initial-block-size-worker=262144"
    "memorysetup-temp-allocator-size-background-worker=32768"
    "memorysetup-temp-allocator-size-job-worker=262144"
    "memorysetup-temp-allocator-size-preload-manager=33554432"
    "memorysetup-temp-allocator-size-nav-mesh-worker=65536"
    "memorysetup-temp-allocator-size-audio-worker=65536"
    "memorysetup-temp-allocator-size-cloud-worker=32768"
    "memorysetup-temp-allocator-size-gi-baking-worker=262144"
    "memorysetup-temp-allocator-size-gi-baking-worker=262144"
    "memorysetup-temp-allocator-size-gi-baking-worker=262144"
    "memorysetup-temp-allocator-size-gi-baking-worker=262144"
    "memorysetup-temp-allocator-size-gi-baking-worker=262144"
    "memorysetup-temp-allocator-size-gfx=262144"
Player connection [23816]  Target information:

Player connection [23816]  * "[IP] 10.250.96.31 [Port] 0 [Flags] 2 [Guid] 2503332378 [EditorId] 2503332378 [Version] 1048832 [Id] WindowsEditor(7,LAPTOP-CJRAEKBM) [Debug] 1 [PackageName] WindowsEditor [ProjectName] Editor" 

Player connection [23816] Host joined multi-casting on [225.0.0.222:54997]...
Player connection [23816] Host joined alternative multi-casting on [225.0.0.222:34997]...
JobSystem: Creating JobQueue using job-worker-count value 7
[Physics::Module] Initialized fallback backend.
[Physics::Module] Id: 0xdecafbad
Library Redirect Path: Library/
[Physics::Module] Selected backend.
[Physics::Module] Name: PhysX
[Physics::Module] Id: 0xf2b8ea05
[Physics::Module] SDK Version: 4.1.2
[Physics::Module] Integration Version: 1.0.0
[Physics::Module] Threading Mode: Multi-Threaded
Refreshing native plugins compatible for Editor in 1.67 ms, found 3 plugins.
Preloading 0 native plugins for Editor in 0.00 ms.
Initialize engine version: 6000.0.33f1 (433b0a79340b)
[Subsystems] Discovering subsystems at path C:/Program Files/Unity/Hub/Editor/6000.0.33f1/Editor/Data/Resources/UnitySubsystems
[Subsystems] Discovering subsystems at path C:/Users/Student/Desktop/game builds/Breakout-project/breakout project/Assets
GfxDevice: creating device client; kGfxThreadingModeNonThreaded
Direct3D:
    Version:  Direct3D 11.0 [level 11.1]
    Renderer: NVIDIA GeForce RTX 3050 6GB Laptop GPU (ID=0x25ac)
    Vendor:   NVIDIA
    VRAM:     6005 MB
    Driver:   32.0.15.6614
Initialize mono
Mono path[0] = 'C:/Program Files/Unity/Hub/Editor/6000.0.33f1/Editor/Data/Managed'
Mono path[1] = 'C:/Program Files/Unity/Hub/Editor/6000.0.33f1/Editor/Data/MonoBleedingEdge/lib/mono/unityjit-win32'
Mono config path = 'C:/Program Files/Unity/Hub/Editor/6000.0.33f1/Editor/Data/MonoBleedingEdge/etc'
Using monoOptions --debugger-agent=transport=dt_socket,embedding=1,server=y,suspend=n,address=127.0.0.1:56228
Begin MonoManager ReloadAssembly
Registering precompiled unity dll's ...
Register platform support module: C:/Program Files/Unity/Hub/Editor/6000.0.33f1/Editor/Data/PlaybackEngines/WindowsStandaloneSupport/UnityEditor.WindowsStandalone.Extensions.dll
Registered in 0.002997 seconds.
- Loaded All Assemblies, in  0.396 seconds
Native extension for WindowsStandalone target not found
Mono: successfully reloaded assembly
- Finished resetting the current domain, in  0.362 seconds
Domain Reload Profiling: 756ms
	BeginReloadAssembly (137ms)
		ExecutionOrderSort (0ms)
		DisableScriptedObjects (0ms)
		BackupInstance (0ms)
		ReleaseScriptingObjects (0ms)
		CreateAndSetChildDomain (1ms)
	RebuildCommonClasses (38ms)
	RebuildNativeTypeToScriptingClass (10ms)
	initialDomainReloadingComplete (49ms)
	LoadAllAssembliesAndSetupDomain (159ms)
		LoadAssemblies (135ms)
		RebuildTransferFunctionScriptingTraits (0ms)
		AnalyzeDomain (155ms)
			TypeCache.Refresh (153ms)
				TypeCache.ScanAssembly (136ms)
			BuildScriptInfoCaches (0ms)
			ResolveRequiredComponents (1ms)
	FinalizeReload (362ms)
		ReleaseScriptCaches (0ms)
		RebuildScriptCaches (0ms)
		SetupLoadedEditorAssemblies (316ms)
			LogAssemblyErrors (0ms)
			InitializePlatformSupportModulesInManaged (25ms)
			SetLoadedEditorAssemblies (5ms)
			BeforeProcessingInitializeOnLoad (56ms)
			ProcessInitializeOnLoadAttributes (169ms)
			ProcessInitializeOnLoadMethodAttributes (61ms)
			AfterProcessingInitializeOnLoad (0ms)
			EditorAssembliesLoaded (0ms)
		ExecutionOrderSort2 (0ms)
		AwakeInstancesAfterBackupRestoration (0ms)
========================================================================
Worker process is ready to serve import requests
Import Worker Mode flag is 0x00
Begin MonoManager ReloadAssembly
- Loaded All Assemblies, in  0.737 seconds
Refreshing native plugins compatible for Editor in 0.96 ms, found 3 plugins.
Native extension for WindowsStandalone target not found
Mono: successfully reloaded assembly
- Finished resetting the current domain, in  0.637 seconds
Domain Reload Profiling: 1372ms
	BeginReloadAssembly (188ms)
		ExecutionOrderSort (0ms)
		DisableScriptedObjects (6ms)
		BackupInstance (0ms)
		ReleaseScriptingObjects (0ms)
		CreateAndSetChildDomain (47ms)
	RebuildCommonClasses (37ms)
	RebuildNativeTypeToScriptingClass (11ms)
	initialDomainReloadingComplete (36ms)
	LoadAllAssembliesAndSetupDomain (463ms)
		LoadAssemblies (362ms)
		RebuildTransferFunctionScriptingTraits (0ms)
		AnalyzeDomain (207ms)
			TypeCache.Refresh (156ms)
				TypeCache.ScanAssembly (141ms)
			BuildScriptInfoCaches (42ms)
			ResolveRequiredComponents (5ms)
	FinalizeReload (637ms)
		ReleaseScriptCaches (0ms)
		RebuildScriptCaches (0ms)
		SetupLoadedEditorAssemblies (522ms)
			LogAssemblyErrors (0ms)
			InitializePlatformSupportModulesInManaged (2ms)
			SetLoadedEditorAssemblies (5ms)
			BeforeProcessingInitializeOnLoad (87ms)
			ProcessInitializeOnLoadAttributes (397ms)
			ProcessInitializeOnLoadMethodAttributes (26ms)
			AfterProcessingInitializeOnLoad (4ms)
			EditorAssembliesLoaded (0ms)
		ExecutionOrderSort2 (0ms)
		AwakeInstancesAfterBackupRestoration (6ms)
Launched and connected shader compiler UnityShaderCompiler.exe after 0.01 seconds
Refreshing native plugins compatible for Editor in 1.10 ms, found 3 plugins.
Preloading 0 native plugins for Editor in 0.00 ms.
Unloading 8 Unused Serialized files (Serialized files now loaded: 0)
Unloading 3669 unused Assets / (1.2 MB). Loaded Objects now: 4155.
Memory consumption went from 82.7 MB to 81.5 MB.
Total: 10.095300 ms (FindLiveObjects: 0.679200 ms CreateObjectMapping: 0.582700 ms MarkObjects: 6.865100 ms  DeleteObjects: 1.966100 ms)

========================================================================
Received Import Request.
  Time since last request: 171174.946943 seconds.
  path: Packages/com.unity.ide.rider/Rider
  artifactKey: Guid(9129183a42052cd43b9c284d6dbd541e) Importer(815301076,1909f56bfc062723c751e8b465ee728b)
Start importing Packages/com.unity.ide.rider/Rider using Guid(9129183a42052cd43b9c284d6dbd541e) Importer(815301076,1909f56bfc062723c751e8b465ee728b) (PreviewImporter) -> (artifact id: 'b7f51ad0e5b3238b8519e95d1411293d') in 0.0068065 seconds
Number of updated asset objects reloaded before import = 0Number of asset objects unloaded after import = 0

========================================================================
Received Import Request.
  Time since last request: 0.000017 seconds.
  path: Packages/com.unity.ide.rider/package.json
  artifactKey: Guid(66c95bb3c74257f41bae2622511dc02d) Importer(815301076,1909f56bfc062723c751e8b465ee728b)
Start importing Packages/com.unity.ide.rider/package.json using Guid(66c95bb3c74257f41bae2622511dc02d) Importer(815301076,1909f56bfc062723c751e8b465ee728b) (PreviewImporter) -> (artifact id: '34943fe87a10d2e70b2300573570d890') in 0.0140231 seconds
Number of updated asset objects reloaded before import = 0Number of asset objects unloaded after import = 1

========================================================================
Received Prepare
Begin MonoManager ReloadAssembly
- Loaded All Assemblies, in  3.457 seconds
Refreshing native plugins compatible for Editor in 1.72 ms, found 3 plugins.
Native extension for WindowsStandalone target not found
Mono: successfully reloaded assembly
- Finished resetting the current domain, in  0.676 seconds
Domain Reload Profiling: 4134ms
	BeginReloadAssembly (186ms)
		ExecutionOrderSort (0ms)
		DisableScriptedObjects (5ms)
		BackupInstance (0ms)
		ReleaseScriptingObjects (0ms)
		CreateAndSetChildDomain (53ms)
	RebuildCommonClasses (31ms)
	RebuildNativeTypeToScriptingClass (10ms)
	initialDomainReloadingComplete (22ms)
	LoadAllAssembliesAndSetupDomain (3207ms)
		LoadAssemblies (3121ms)
		RebuildTransferFunctionScriptingTraits (0ms)
		AnalyzeDomain (176ms)
			TypeCache.Refresh (7ms)
				TypeCache.ScanAssembly (0ms)
			BuildScriptInfoCaches (160ms)
			ResolveRequiredComponents (4ms)
	FinalizeReload (677ms)
		ReleaseScriptCaches (0ms)
		RebuildScriptCaches (0ms)
		SetupLoadedEditorAssemblies (543ms)
			LogAssemblyErrors (0ms)
			InitializePlatformSupportModulesInManaged (3ms)
			SetLoadedEditorAssemblies (5ms)
			BeforeProcessingInitializeOnLoad (99ms)
			ProcessInitializeOnLoadAttributes (402ms)
			ProcessInitializeOnLoadMethodAttributes (28ms)
			AfterProcessingInitializeOnLoad (6ms)
			EditorAssembliesLoaded (0ms)
		ExecutionOrderSort2 (0ms)
		AwakeInstancesAfterBackupRestoration (7ms)
Refreshing native plugins compatible for Editor in 1.75 ms, found 3 plugins.
Preloading 0 native plugins for Editor in 0.00 ms.
Unloading 0 Unused Serialized files (Serialized files now loaded: 0)
Unloading 3667 unused Assets / (0.8 MB). Loaded Objects now: 4158.
Memory consumption went from 82.2 MB to 81.3 MB.
Total: 7.740700 ms (FindLiveObjects: 0.872500 ms CreateObjectMapping: 0.712300 ms MarkObjects: 4.800700 ms  DeleteObjects: 1.353000 ms)

Prepare: number of updated asset objects reloaded= 0
========================================================================
Received Prepare
Begin MonoManager ReloadAssembly
- Loaded All Assemblies, in  0.583 seconds
Refreshing native plugins compatible for Editor in 0.94 ms, found 3 plugins.
Native extension for WindowsStandalone target not found
Mono: successfully reloaded assembly
- Finished resetting the current domain, in  0.624 seconds
Domain Reload Profiling: 1207ms
	BeginReloadAssembly (189ms)
		ExecutionOrderSort (0ms)
		DisableScriptedObjects (6ms)
		BackupInstance (0ms)
		ReleaseScriptingObjects (0ms)
		CreateAndSetChildDomain (49ms)
	RebuildCommonClasses (34ms)
	RebuildNativeTypeToScriptingClass (11ms)
	initialDomainReloadingComplete (24ms)
	LoadAllAssembliesAndSetupDomain (325ms)
		LoadAssemblies (282ms)
		RebuildTransferFunctionScriptingTraits (0ms)
		AnalyzeDomain (141ms)
			TypeCache.Refresh (6ms)
				TypeCache.ScanAssembly (0ms)
			BuildScriptInfoCaches (127ms)
			ResolveRequiredComponents (4ms)
	FinalizeReload (624ms)
		ReleaseScriptCaches (0ms)
		RebuildScriptCaches (0ms)
		SetupLoadedEditorAssemblies (502ms)
			LogAssemblyErrors (0ms)
			InitializePlatformSupportModulesInManaged (3ms)
			SetLoadedEditorAssemblies (4ms)
			BeforeProcessingInitializeOnLoad (83ms)
			ProcessInitializeOnLoadAttributes (379ms)
			ProcessInitializeOnLoadMethodAttributes (27ms)
			AfterProcessingInitializeOnLoad (4ms)
			EditorAssembliesLoaded (0ms)
		ExecutionOrderSort2 (0ms)
		AwakeInstancesAfterBackupRestoration (7ms)
Refreshing native plugins compatible for Editor in 1.34 ms, found 3 plugins.
Preloading 0 native plugins for Editor in 0.00 ms.
Unloading 0 Unused Serialized files (Serialized files now loaded: 0)
Unloading 3667 unused Assets / (0.8 MB). Loaded Objects now: 4158.
Memory consumption went from 82.2 MB to 81.4 MB.
Total: 9.821200 ms (FindLiveObjects: 0.519100 ms CreateObjectMapping: 0.739800 ms MarkObjects: 7.080800 ms  DeleteObjects: 1.480000 ms)

Prepare: number of updated asset objects reloaded= 0
========================================================================
Received Prepare
Begin MonoManager ReloadAssembly
- Loaded All Assemblies, in  0.573 seconds
Refreshing native plugins compatible for Editor in 0.98 ms, found 3 plugins.
Native extension for WindowsStandalone target not found
Mono: successfully reloaded assembly
- Finished resetting the current domain, in  0.661 seconds
Domain Reload Profiling: 1235ms
	BeginReloadAssembly (183ms)
		ExecutionOrderSort (0ms)
		DisableScriptedObjects (5ms)
		BackupInstance (0ms)
		ReleaseScriptingObjects (0ms)
		CreateAndSetChildDomain (48ms)
	RebuildCommonClasses (30ms)
	RebuildNativeTypeToScriptingClass (11ms)
	initialDomainReloadingComplete (24ms)
	LoadAllAssembliesAndSetupDomain (324ms)
		LoadAssemblies (275ms)
		RebuildTransferFunctionScriptingTraits (0ms)
		AnalyzeDomain (141ms)
			TypeCache.Refresh (6ms)
				TypeCache.ScanAssembly (0ms)
			BuildScriptInfoCaches (127ms)
			ResolveRequiredComponents (4ms)
	FinalizeReload (662ms)
		ReleaseScriptCaches (0ms)
		RebuildScriptCaches (0ms)
		SetupLoadedEditorAssemblies (545ms)
			LogAssemblyErrors (0ms)
			InitializePlatformSupportModulesInManaged (4ms)
			SetLoadedEditorAssemblies (6ms)
			BeforeProcessingInitializeOnLoad (94ms)
			ProcessInitializeOnLoadAttributes (404ms)
			ProcessInitializeOnLoadMethodAttributes (32ms)
			AfterProcessingInitializeOnLoad (6ms)
			EditorAssembliesLoaded (0ms)
		ExecutionOrderSort2 (0ms)
		AwakeInstancesAfterBackupRestoration (7ms)
Refreshing native plugins compatible for Editor in 1.20 ms, found 3 plugins.
Preloading 0 native plugins for Editor in 0.00 ms.
Unloading 0 Unused Serialized files (Serialized files now loaded: 0)
Unloading 3667 unused Assets / (1.2 MB). Loaded Objects now: 4158.
Memory consumption went from 82.2 MB to 81.0 MB.
Total: 10.696300 ms (FindLiveObjects: 0.590700 ms CreateObjectMapping: 0.763400 ms MarkObjects: 7.425500 ms  DeleteObjects: 1.914600 ms)

Prepare: number of updated asset objects reloaded= 0
========================================================================
Received Prepare
Refreshing native plugins compatible for Editor in 0.95 ms, found 3 plugins.
Preloading 0 native plugins for Editor in 0.00 ms.
Unloading 0 Unused Serialized files (Serialized files now loaded: 0)
Unloading 3661 unused Assets / (0.9 MB). Loaded Objects now: 4159.
Memory consumption went from 82.4 MB to 81.5 MB.
Total: 6.569700 ms (FindLiveObjects: 0.473200 ms CreateObjectMapping: 0.223400 ms MarkObjects: 4.805600 ms  DeleteObjects: 1.066000 ms)

Prepare: number of updated asset objects reloaded= 0
========================================================================
Received Prepare
Begin MonoManager ReloadAssembly
- Loaded All Assemblies, in  0.601 seconds
Refreshing native plugins compatible for Editor in 0.86 ms, found 3 plugins.
Native extension for WindowsStandalone target not found
Mono: successfully reloaded assembly
- Finished resetting the current domain, in  0.548 seconds
Domain Reload Profiling: 1148ms
	BeginReloadAssembly (189ms)
		ExecutionOrderSort (0ms)
		DisableScriptedObjects (5ms)
		BackupInstance (0ms)
		ReleaseScriptingObjects (0ms)
		CreateAndSetChildDomain (59ms)
	RebuildCommonClasses (35ms)
	RebuildNativeTypeToScriptingClass (11ms)
	initialDomainReloadingComplete (24ms)
	LoadAllAssembliesAndSetupDomain (340ms)
		LoadAssemblies (285ms)
		RebuildTransferFunctionScriptingTraits (0ms)
		AnalyzeDomain (143ms)
			TypeCache.Refresh (7ms)
				TypeCache.ScanAssembly (0ms)
			BuildScriptInfoCaches (129ms)
			ResolveRequiredComponents (4ms)
	FinalizeReload (548ms)
		ReleaseScriptCaches (0ms)
		RebuildScriptCaches (0ms)
		SetupLoadedEditorAssemblies (442ms)
			LogAssemblyErrors (0ms)
			InitializePlatformSupportModulesInManaged (3ms)
			SetLoadedEditorAssemblies (5ms)
			BeforeProcessingInitializeOnLoad (88ms)
			ProcessInitializeOnLoadAttributes (323ms)
			ProcessInitializeOnLoadMethodAttributes (19ms)
			AfterProcessingInitializeOnLoad (4ms)
			EditorAssembliesLoaded (0ms)
		ExecutionOrderSort2 (0ms)
		AwakeInstancesAfterBackupRestoration (5ms)
Refreshing native plugins compatible for Editor in 0.96 ms, found 3 plugins.
Preloading 0 native plugins for Editor in 0.00 ms.
Unloading 0 Unused Serialized files (Serialized files now loaded: 0)
Unloading 3668 unused Assets / (0.6 MB). Loaded Objects now: 4159.
Memory consumption went from 82.2 MB to 81.6 MB.
Total: 5.517400 ms (FindLiveObjects: 0.451300 ms CreateObjectMapping: 0.247900 ms MarkObjects: 4.070200 ms  DeleteObjects: 0.747000 ms)

Prepare: number of updated asset objects reloaded= 0
========================================================================
Received Prepare
Refreshing native plugins compatible for Editor in 2.47 ms, found 3 plugins.
Preloading 0 native plugins for Editor in 0.00 ms.
Unloading 0 Unused Serialized files (Serialized files now loaded: 0)
Unloading 3661 unused Assets / (1.6 MB). Loaded Objects now: 4159.
Memory consumption went from 82.4 MB to 80.8 MB.
Total: 14.207600 ms (FindLiveObjects: 0.961600 ms CreateObjectMapping: 0.809600 ms MarkObjects: 10.309000 ms  DeleteObjects: 2.125500 ms)

Prepare: number of updated asset objects reloaded= 0
========================================================================
Received Import Request.
  Time since last request: 1714.881013 seconds.
  path: Assets/scripts/BallScript.cs
  artifactKey: Guid(c839c3ec02b3ef04382bd74e42eb887c) Importer(815301076,1909f56bfc062723c751e8b465ee728b)
Start importing Assets/scripts/BallScript.cs using Guid(c839c3ec02b3ef04382bd74e42eb887c) Importer(815301076,1909f56bfc062723c751e8b465ee728b) (PreviewImporter) -> (artifact id: '94adbce9279ec47f09c1022ac2b8a042') in 0.0066222 seconds
Number of updated asset objects reloaded before import = 0Number of asset objects unloaded after import = 0

========================================================================
Received Prepare
Begin MonoManager ReloadAssembly
- Loaded All Assemblies, in  1.178 seconds
Refreshing native plugins compatible for Editor in 2.28 ms, found 3 plugins.
Native extension for WindowsStandalone target not found
Mono: successfully reloaded assembly
- Finished resetting the current domain, in  1.121 seconds
Domain Reload Profiling: 2294ms
	BeginReloadAssembly (346ms)
		ExecutionOrderSort (0ms)
		DisableScriptedObjects (12ms)
		BackupInstance (0ms)
		ReleaseScriptingObjects (0ms)
		CreateAndSetChildDomain (73ms)
	RebuildCommonClasses (75ms)
	RebuildNativeTypeToScriptingClass (20ms)
	initialDomainReloadingComplete (42ms)
	LoadAllAssembliesAndSetupDomain (689ms)
		LoadAssemblies (546ms)
		RebuildTransferFunctionScriptingTraits (0ms)
		AnalyzeDomain (340ms)
			TypeCache.Refresh (16ms)
				TypeCache.ScanAssembly (0ms)
			BuildScriptInfoCaches (308ms)
			ResolveRequiredComponents (10ms)
	FinalizeReload (1122ms)
		ReleaseScriptCaches (0ms)
		RebuildScriptCaches (0ms)
		SetupLoadedEditorAssemblies (914ms)
			LogAssemblyErrors (0ms)
			InitializePlatformSupportModulesInManaged (5ms)
			SetLoadedEditorAssemblies (8ms)
			BeforeProcessingInitializeOnLoad (177ms)
			ProcessInitializeOnLoadAttributes (691ms)
			ProcessInitializeOnLoadMethodAttributes (29ms)
			AfterProcessingInitializeOnLoad (4ms)
			EditorAssembliesLoaded (0ms)
		ExecutionOrderSort2 (0ms)
		AwakeInstancesAfterBackupRestoration (5ms)
Refreshing native plugins compatible for Editor in 1.01 ms, found 3 plugins.
Preloading 0 native plugins for Editor in 0.00 ms.
Unloading 0 Unused Serialized files (Serialized files now loaded: 0)
Unloading 3668 unused Assets / (0.8 MB). Loaded Objects now: 4159.
Memory consumption went from 82.2 MB to 81.4 MB.
Total: 7.096000 ms (FindLiveObjects: 0.491100 ms CreateObjectMapping: 0.352200 ms MarkObjects: 4.939300 ms  DeleteObjects: 1.312000 ms)

Prepare: number of updated asset objects reloaded= 0
========================================================================
Received Prepare
Begin MonoManager ReloadAssembly
- Loaded All Assemblies, in  0.577 seconds
Refreshing native plugins compatible for Editor in 1.01 ms, found 3 plugins.
Native extension for WindowsStandalone target not found
Mono: successfully reloaded assembly
- Finished resetting the current domain, in  0.681 seconds
Domain Reload Profiling: 1259ms
	BeginReloadAssembly (175ms)
		ExecutionOrderSort (0ms)
		DisableScriptedObjects (5ms)
		BackupInstance (0ms)
		ReleaseScriptingObjects (0ms)
		CreateAndSetChildDomain (49ms)
	RebuildCommonClasses (30ms)
	RebuildNativeTypeToScriptingClass (10ms)
	initialDomainReloadingComplete (25ms)
	LoadAllAssembliesAndSetupDomain (337ms)
		LoadAssemblies (276ms)
		RebuildTransferFunctionScriptingTraits (0ms)
		AnalyzeDomain (146ms)
			TypeCache.Refresh (6ms)
				TypeCache.ScanAssembly (0ms)
			BuildScriptInfoCaches (131ms)
			ResolveRequiredComponents (5ms)
	FinalizeReload (682ms)
		ReleaseScriptCaches (0ms)
		RebuildScriptCaches (0ms)
		SetupLoadedEditorAssemblies (545ms)
			LogAssemblyErrors (0ms)
			InitializePlatformSupportModulesInManaged (3ms)
			SetLoadedEditorAssemblies (5ms)
			BeforeProcessingInitializeOnLoad (100ms)
			ProcessInitializeOnLoadAttributes (406ms)
			ProcessInitializeOnLoadMethodAttributes (25ms)
			AfterProcessingInitializeOnLoad (6ms)
			EditorAssembliesLoaded (0ms)
		ExecutionOrderSort2 (0ms)
		AwakeInstancesAfterBackupRestoration (9ms)
Refreshing native plugins compatible for Editor in 1.08 ms, found 3 plugins.
Preloading 0 native plugins for Editor in 0.00 ms.
Unloading 0 Unused Serialized files (Serialized files now loaded: 0)
Unloading 3668 unused Assets / (1.0 MB). Loaded Objects now: 4159.
Memory consumption went from 82.2 MB to 81.3 MB.
Total: 9.603900 ms (FindLiveObjects: 0.507200 ms CreateObjectMapping: 0.742100 ms MarkObjects: 6.601200 ms  DeleteObjects: 1.751300 ms)

Prepare: number of updated asset objects reloaded= 0
========================================================================
Received Prepare
Refreshing native plugins compatible for Editor in 2.45 ms, found 3 plugins.
Preloading 0 native plugins for Editor in 0.00 ms.
Unloading 0 Unused Serialized files (Serialized files now loaded: 0)
Unloading 3661 unused Assets / (0.9 MB). Loaded Objects now: 4159.
Memory consumption went from 82.4 MB to 81.5 MB.
Total: 11.377100 ms (FindLiveObjects: 0.682000 ms CreateObjectMapping: 0.664200 ms MarkObjects: 8.318200 ms  DeleteObjects: 1.710600 ms)

Prepare: number of updated asset objects reloaded= 0
========================================================================
Received Import Request.
  Time since last request: 128.495329 seconds.
  path: Assets/blockWall.cs
  artifactKey: Guid(e7a4ef2520bd703429c0a89009fc0816) Importer(815301076,1909f56bfc062723c751e8b465ee728b)
Start importing Assets/blockWall.cs using Guid(e7a4ef2520bd703429c0a89009fc0816) Importer(815301076,1909f56bfc062723c751e8b465ee728b) (PreviewImporter) -> (artifact id: '11741f84d76ca5fd5eda77bedec32319') in 0.0055671 seconds
Number of updated asset objects reloaded before import = 0Number of asset objects unloaded after import = 0

========================================================================
Received Prepare
Begin MonoManager ReloadAssembly
- Loaded All Assemblies, in  1.156 seconds
Refreshing native plugins compatible for Editor in 2.43 ms, found 3 plugins.
Native extension for WindowsStandalone target not found
Mono: successfully reloaded assembly
- Finished resetting the current domain, in  0.982 seconds
Domain Reload Profiling: 2137ms
	BeginReloadAssembly (365ms)
		ExecutionOrderSort (0ms)
		DisableScriptedObjects (13ms)
		BackupInstance (0ms)
		ReleaseScriptingObjects (0ms)
		CreateAndSetChildDomain (75ms)
	RebuildCommonClasses (90ms)
	RebuildNativeTypeToScriptingClass (32ms)
	initialDomainReloadingComplete (56ms)
	LoadAllAssembliesAndSetupDomain (611ms)
		LoadAssemblies (528ms)
		RebuildTransferFunctionScriptingTraits (0ms)
		AnalyzeDomain (283ms)
			TypeCache.Refresh (9ms)
				TypeCache.ScanAssembly (0ms)
			BuildScriptInfoCaches (258ms)
			ResolveRequiredComponents (9ms)
	FinalizeReload (982ms)
		ReleaseScriptCaches (0ms)
		RebuildScriptCaches (0ms)
		SetupLoadedEditorAssemblies (835ms)
			LogAssemblyErrors (0ms)
			InitializePlatformSupportModulesInManaged (3ms)
			SetLoadedEditorAssemblies (7ms)
			BeforeProcessingInitializeOnLoad (179ms)
			ProcessInitializeOnLoadAttributes (622ms)
			ProcessInitializeOnLoadMethodAttributes (19ms)
			AfterProcessingInitializeOnLoad (5ms)
			EditorAssembliesLoaded (0ms)
		ExecutionOrderSort2 (0ms)
		AwakeInstancesAfterBackupRestoration (5ms)
Refreshing native plugins compatible for Editor in 1.04 ms, found 3 plugins.
Preloading 0 native plugins for Editor in 0.00 ms.
Unloading 0 Unused Serialized files (Serialized files now loaded: 0)
Unloading 3668 unused Assets / (0.7 MB). Loaded Objects now: 4159.
Memory consumption went from 82.2 MB to 81.6 MB.
Total: 6.287700 ms (FindLiveObjects: 0.583500 ms CreateObjectMapping: 0.388500 ms MarkObjects: 4.310400 ms  DeleteObjects: 1.004000 ms)

Prepare: number of updated asset objects reloaded= 0
========================================================================
Received Prepare
Refreshing native plugins compatible for Editor in 2.37 ms, found 3 plugins.
Preloading 0 native plugins for Editor in 0.00 ms.
Unloading 0 Unused Serialized files (Serialized files now loaded: 0)
Unloading 3661 unused Assets / (0.8 MB). Loaded Objects now: 4159.
Memory consumption went from 82.4 MB to 81.5 MB.
Total: 12.166400 ms (FindLiveObjects: 0.590000 ms CreateObjectMapping: 0.481300 ms MarkObjects: 9.524600 ms  DeleteObjects: 1.568400 ms)

Prepare: number of updated asset objects reloaded= 0
========================================================================
Received Prepare
Begin MonoManager ReloadAssembly
- Loaded All Assemblies, in  1.149 seconds
Refreshing native plugins compatible for Editor in 1.88 ms, found 3 plugins.
Native extension for WindowsStandalone target not found
Mono: successfully reloaded assembly
- Finished resetting the current domain, in  0.987 seconds
Domain Reload Profiling: 2134ms
	BeginReloadAssembly (322ms)
		ExecutionOrderSort (0ms)
		DisableScriptedObjects (13ms)
		BackupInstance (0ms)
		ReleaseScriptingObjects (0ms)
		CreateAndSetChildDomain (72ms)
	RebuildCommonClasses (87ms)
	RebuildNativeTypeToScriptingClass (20ms)
	initialDomainReloadingComplete (46ms)
	LoadAllAssembliesAndSetupDomain (671ms)
		LoadAssemblies (530ms)
		RebuildTransferFunctionScriptingTraits (0ms)
		AnalyzeDomain (316ms)
			TypeCache.Refresh (13ms)
				TypeCache.ScanAssembly (0ms)
			BuildScriptInfoCaches (292ms)
			ResolveRequiredComponents (7ms)
	FinalizeReload (987ms)
		ReleaseScriptCaches (0ms)
		RebuildScriptCaches (0ms)
		SetupLoadedEditorAssemblies (817ms)
			LogAssemblyErrors (0ms)
			InitializePlatformSupportModulesInManaged (3ms)
			SetLoadedEditorAssemblies (6ms)
			BeforeProcessingInitializeOnLoad (158ms)
			ProcessInitializeOnLoadAttributes (627ms)
			ProcessInitializeOnLoadMethodAttributes (19ms)
			AfterProcessingInitializeOnLoad (4ms)
			EditorAssembliesLoaded (0ms)
		ExecutionOrderSort2 (0ms)
		AwakeInstancesAfterBackupRestoration (5ms)
Refreshing native plugins compatible for Editor in 1.01 ms, found 3 plugins.
Preloading 0 native plugins for Editor in 0.00 ms.
Unloading 0 Unused Serialized files (Serialized files now loaded: 0)
Unloading 3668 unused Assets / (0.5 MB). Loaded Objects now: 4159.
Memory consumption went from 82.2 MB to 81.7 MB.
Total: 5.144800 ms (FindLiveObjects: 0.448400 ms CreateObjectMapping: 0.195000 ms MarkObjects: 3.799200 ms  DeleteObjects: 0.701200 ms)

Prepare: number of updated asset objects reloaded= 0
========================================================================
Received Prepare
Begin MonoManager ReloadAssembly
- Loaded All Assemblies, in  0.564 seconds
Refreshing native plugins compatible for Editor in 1.29 ms, found 3 plugins.
Native extension for WindowsStandalone target not found
Mono: successfully reloaded assembly
- Finished resetting the current domain, in  0.608 seconds
Domain Reload Profiling: 1172ms
	BeginReloadAssembly (179ms)
		ExecutionOrderSort (0ms)
		DisableScriptedObjects (5ms)
		BackupInstance (0ms)
		ReleaseScriptingObjects (0ms)
		CreateAndSetChildDomain (47ms)
	RebuildCommonClasses (30ms)
	RebuildNativeTypeToScriptingClass (10ms)
	initialDomainReloadingComplete (23ms)
	LoadAllAssembliesAndSetupDomain (321ms)
		LoadAssemblies (277ms)
		RebuildTransferFunctionScriptingTraits (0ms)
		AnalyzeDomain (135ms)
			TypeCache.Refresh (6ms)
				TypeCache.ScanAssembly (0ms)
			BuildScriptInfoCaches (122ms)
			ResolveRequiredComponents (4ms)
	FinalizeReload (609ms)
		ReleaseScriptCaches (0ms)
		RebuildScriptCaches (0ms)
		SetupLoadedEditorAssemblies (502ms)
			LogAssemblyErrors (0ms)
			InitializePlatformSupportModulesInManaged (2ms)
			SetLoadedEditorAssemblies (4ms)
			BeforeProcessingInitializeOnLoad (89ms)
			ProcessInitializeOnLoadAttributes (376ms)
			ProcessInitializeOnLoadMethodAttributes (25ms)
			AfterProcessingInitializeOnLoad (7ms)
			EditorAssembliesLoaded (0ms)
		ExecutionOrderSort2 (0ms)
		AwakeInstancesAfterBackupRestoration (6ms)
Refreshing native plugins compatible for Editor in 1.21 ms, found 3 plugins.
Preloading 0 native plugins for Editor in 0.00 ms.
Unloading 0 Unused Serialized files (Serialized files now loaded: 0)
Unloading 3668 unused Assets / (0.8 MB). Loaded Objects now: 4159.
Memory consumption went from 82.2 MB to 81.4 MB.
Total: 7.862100 ms (FindLiveObjects: 0.616100 ms CreateObjectMapping: 0.383400 ms MarkObjects: 5.623900 ms  DeleteObjects: 1.237100 ms)

Prepare: number of updated asset objects reloaded= 0
========================================================================
Received Prepare
Begin MonoManager ReloadAssembly
- Loaded All Assemblies, in  0.595 seconds
Refreshing native plugins compatible for Editor in 1.19 ms, found 3 plugins.
Native extension for WindowsStandalone target not found
Mono: successfully reloaded assembly
- Finished resetting the current domain, in  0.647 seconds
Domain Reload Profiling: 1243ms
	BeginReloadAssembly (184ms)
		ExecutionOrderSort (0ms)
		DisableScriptedObjects (5ms)
		BackupInstance (0ms)
		ReleaseScriptingObjects (0ms)
		CreateAndSetChildDomain (49ms)
	RebuildCommonClasses (30ms)
	RebuildNativeTypeToScriptingClass (11ms)
	initialDomainReloadingComplete (23ms)
	LoadAllAssembliesAndSetupDomain (347ms)
		LoadAssemblies (276ms)
		RebuildTransferFunctionScriptingTraits (0ms)
		AnalyzeDomain (162ms)
			TypeCache.Refresh (6ms)
				TypeCache.ScanAssembly (0ms)
			BuildScriptInfoCaches (149ms)
			ResolveRequiredComponents (4ms)
	FinalizeReload (648ms)
		ReleaseScriptCaches (0ms)
		RebuildScriptCaches (0ms)
		SetupLoadedEditorAssemblies (523ms)
			LogAssemblyErrors (0ms)
			InitializePlatformSupportModulesInManaged (3ms)
			SetLoadedEditorAssemblies (5ms)
			BeforeProcessingInitializeOnLoad (85ms)
			ProcessInitializeOnLoadAttributes (397ms)
			ProcessInitializeOnLoadMethodAttributes (27ms)
			AfterProcessingInitializeOnLoad (6ms)
			EditorAssembliesLoaded (2ms)
		ExecutionOrderSort2 (0ms)
		AwakeInstancesAfterBackupRestoration (6ms)
Refreshing native plugins compatible for Editor in 1.33 ms, found 3 plugins.
Preloading 0 native plugins for Editor in 0.00 ms.
Unloading 0 Unused Serialized files (Serialized files now loaded: 0)
Unloading 3668 unused Assets / (1.0 MB). Loaded Objects now: 4159.
Memory consumption went from 82.2 MB to 81.3 MB.
Total: 11.097700 ms (FindLiveObjects: 0.589000 ms CreateObjectMapping: 0.874800 ms MarkObjects: 7.578900 ms  DeleteObjects: 2.053300 ms)

Prepare: number of updated asset objects reloaded= 0
========================================================================
Received Prepare
Begin MonoManager ReloadAssembly
- Loaded All Assemblies, in  0.585 seconds
Refreshing native plugins compatible for Editor in 0.95 ms, found 3 plugins.
Native extension for WindowsStandalone target not found
Mono: successfully reloaded assembly
- Finished resetting the current domain, in  0.641 seconds
Domain Reload Profiling: 1227ms
	BeginReloadAssembly (185ms)
		ExecutionOrderSort (0ms)
		DisableScriptedObjects (6ms)
		BackupInstance (0ms)
		ReleaseScriptingObjects (0ms)
		CreateAndSetChildDomain (50ms)
	RebuildCommonClasses (31ms)
	RebuildNativeTypeToScriptingClass (10ms)
	initialDomainReloadingComplete (24ms)
	LoadAllAssembliesAndSetupDomain (335ms)
		LoadAssemblies (277ms)
		RebuildTransferFunctionScriptingTraits (0ms)
		AnalyzeDomain (151ms)
			TypeCache.Refresh (6ms)
				TypeCache.ScanAssembly (0ms)
			BuildScriptInfoCaches (138ms)
			ResolveRequiredComponents (4ms)
	FinalizeReload (642ms)
		ReleaseScriptCaches (0ms)
		RebuildScriptCaches (0ms)
		SetupLoadedEditorAssemblies (523ms)
			LogAssemblyErrors (0ms)
			InitializePlatformSupportModulesInManaged (2ms)
			SetLoadedEditorAssemblies (5ms)
			BeforeProcessingInitializeOnLoad (85ms)
			ProcessInitializeOnLoadAttributes (398ms)
			ProcessInitializeOnLoadMethodAttributes (28ms)
			AfterProcessingInitializeOnLoad (5ms)
			EditorAssembliesLoaded (0ms)
		ExecutionOrderSort2 (0ms)
		AwakeInstancesAfterBackupRestoration (6ms)
Refreshing native plugins compatible for Editor in 1.53 ms, found 3 plugins.
Preloading 0 native plugins for Editor in 0.00 ms.
Unloading 0 Unused Serialized files (Serialized files now loaded: 0)
Unloading 3668 unused Assets / (1.0 MB). Loaded Objects now: 4159.
Memory consumption went from 82.2 MB to 81.2 MB.
Total: 10.578600 ms (FindLiveObjects: 0.515700 ms CreateObjectMapping: 0.967300 ms MarkObjects: 7.415500 ms  DeleteObjects: 1.678300 ms)

Prepare: number of updated asset objects reloaded= 0
========================================================================
Received Prepare
Begin MonoManager ReloadAssembly
- Loaded All Assemblies, in  0.586 seconds
Refreshing native plugins compatible for Editor in 0.79 ms, found 3 plugins.
Native extension for WindowsStandalone target not found
Mono: successfully reloaded assembly
- Finished resetting the current domain, in  0.626 seconds
Domain Reload Profiling: 1214ms
	BeginReloadAssembly (182ms)
		ExecutionOrderSort (0ms)
		DisableScriptedObjects (5ms)
		BackupInstance (0ms)
		ReleaseScriptingObjects (0ms)
		CreateAndSetChildDomain (49ms)
	RebuildCommonClasses (35ms)
	RebuildNativeTypeToScriptingClass (11ms)
	initialDomainReloadingComplete (25ms)
	LoadAllAssembliesAndSetupDomain (335ms)
		LoadAssemblies (275ms)
		RebuildTransferFunctionScriptingTraits (0ms)
		AnalyzeDomain (150ms)
			TypeCache.Refresh (7ms)
				TypeCache.ScanAssembly (0ms)
			BuildScriptInfoCaches (136ms)
			ResolveRequiredComponents (4ms)
	FinalizeReload (626ms)
		ReleaseScriptCaches (0ms)
		RebuildScriptCaches (0ms)
		SetupLoadedEditorAssemblies (511ms)
			LogAssemblyErrors (0ms)
			InitializePlatformSupportModulesInManaged (3ms)
			SetLoadedEditorAssemblies (4ms)
			BeforeProcessingInitializeOnLoad (99ms)
			ProcessInitializeOnLoadAttributes (372ms)
			ProcessInitializeOnLoadMethodAttributes (26ms)
			AfterProcessingInitializeOnLoad (6ms)
			EditorAssembliesLoaded (0ms)
		ExecutionOrderSort2 (0ms)
		AwakeInstancesAfterBackupRestoration (8ms)
Refreshing native plugins compatible for Editor in 1.13 ms, found 3 plugins.
Preloading 0 native plugins for Editor in 0.00 ms.
Unloading 0 Unused Serialized files (Serialized files now loaded: 0)
Unloading 3668 unused Assets / (0.8 MB). Loaded Objects now: 4159.
Memory consumption went from 82.2 MB to 81.5 MB.
Total: 7.917700 ms (FindLiveObjects: 0.618800 ms CreateObjectMapping: 0.630900 ms MarkObjects: 5.339800 ms  DeleteObjects: 1.326600 ms)

Prepare: number of updated asset objects reloaded= 0
========================================================================
Received Prepare
Begin MonoManager ReloadAssembly
- Loaded All Assemblies, in  0.589 seconds
Refreshing native plugins compatible for Editor in 1.06 ms, found 3 plugins.
Native extension for WindowsStandalone target not found
Mono: successfully reloaded assembly
- Finished resetting the current domain, in  0.623 seconds
Domain Reload Profiling: 1211ms
	BeginReloadAssembly (182ms)
		ExecutionOrderSort (0ms)
		DisableScriptedObjects (5ms)
		BackupInstance (0ms)
		ReleaseScriptingObjects (0ms)
		CreateAndSetChildDomain (50ms)
	RebuildCommonClasses (31ms)
	RebuildNativeTypeToScriptingClass (17ms)
	initialDomainReloadingComplete (28ms)
	LoadAllAssembliesAndSetupDomain (330ms)
		LoadAssemblies (275ms)
		RebuildTransferFunctionScriptingTraits (0ms)
		AnalyzeDomain (145ms)
			TypeCache.Refresh (6ms)
				TypeCache.ScanAssembly (0ms)
			BuildScriptInfoCaches (133ms)
			ResolveRequiredComponents (4ms)
	FinalizeReload (624ms)
		ReleaseScriptCaches (0ms)
		RebuildScriptCaches (0ms)
		SetupLoadedEditorAssemblies (508ms)
			LogAssemblyErrors (0ms)
			InitializePlatformSupportModulesInManaged (2ms)
			SetLoadedEditorAssemblies (5ms)
			BeforeProcessingInitializeOnLoad (82ms)
			ProcessInitializeOnLoadAttributes (385ms)
			ProcessInitializeOnLoadMethodAttributes (26ms)
			AfterProcessingInitializeOnLoad (8ms)
			EditorAssembliesLoaded (0ms)
		ExecutionOrderSort2 (0ms)
		AwakeInstancesAfterBackupRestoration (6ms)
Refreshing native plugins compatible for Editor in 1.27 ms, found 3 plugins.
Preloading 0 native plugins for Editor in 0.00 ms.
Unloading 0 Unused Serialized files (Serialized files now loaded: 0)
Unloading 3668 unused Assets / (0.9 MB). Loaded Objects now: 4159.
Memory consumption went from 82.2 MB to 81.3 MB.
Total: 9.509300 ms (FindLiveObjects: 0.544700 ms CreateObjectMapping: 0.793800 ms MarkObjects: 6.561000 ms  DeleteObjects: 1.608100 ms)

Prepare: number of updated asset objects reloaded= 0
========================================================================
Received Prepare
Refreshing native plugins compatible for Editor in 2.36 ms, found 3 plugins.
Preloading 0 native plugins for Editor in 0.00 ms.
Unloading 0 Unused Serialized files (Serialized files now loaded: 0)
Unloading 3661 unused Assets / (0.9 MB). Loaded Objects now: 4159.
Memory consumption went from 82.4 MB to 81.5 MB.
Total: 11.587100 ms (FindLiveObjects: 0.687000 ms CreateObjectMapping: 0.367200 ms MarkObjects: 8.824000 ms  DeleteObjects: 1.706600 ms)

Prepare: number of updated asset objects reloaded= 0
========================================================================
Received Prepare
Begin MonoManager ReloadAssembly
- Loaded All Assemblies, in  1.163 seconds
Refreshing native plugins compatible for Editor in 2.07 ms, found 3 plugins.
Native extension for WindowsStandalone target not found
Mono: successfully reloaded assembly
- Finished resetting the current domain, in  1.071 seconds
Domain Reload Profiling: 2231ms
	BeginReloadAssembly (328ms)
		ExecutionOrderSort (0ms)
		DisableScriptedObjects (13ms)
		BackupInstance (0ms)
		ReleaseScriptingObjects (0ms)
		CreateAndSetChildDomain (66ms)
	RebuildCommonClasses (81ms)
	RebuildNativeTypeToScriptingClass (27ms)
	initialDomainReloadingComplete (46ms)
	LoadAllAssembliesAndSetupDomain (679ms)
		LoadAssemblies (546ms)
		RebuildTransferFunctionScriptingTraits (0ms)
		AnalyzeDomain (320ms)
			TypeCache.Refresh (15ms)
				TypeCache.ScanAssembly (0ms)
			BuildScriptInfoCaches (289ms)
			ResolveRequiredComponents (10ms)
	FinalizeReload (1072ms)
		ReleaseScriptCaches (0ms)
		RebuildScriptCaches (0ms)
		SetupLoadedEditorAssemblies (860ms)
			LogAssemblyErrors (0ms)
			InitializePlatformSupportModulesInManaged (5ms)
			SetLoadedEditorAssemblies (10ms)
			BeforeProcessingInitializeOnLoad (186ms)
			ProcessInitializeOnLoadAttributes (633ms)
			ProcessInitializeOnLoadMethodAttributes (20ms)
			AfterProcessingInitializeOnLoad (6ms)
			EditorAssembliesLoaded (0ms)
		ExecutionOrderSort2 (0ms)
		AwakeInstancesAfterBackupRestoration (5ms)
Refreshing native plugins compatible for Editor in 1.59 ms, found 3 plugins.
Preloading 0 native plugins for Editor in 0.00 ms.
Unloading 0 Unused Serialized files (Serialized files now loaded: 0)
Unloading 3668 unused Assets / (0.9 MB). Loaded Objects now: 4159.
Memory consumption went from 82.2 MB to 81.4 MB.
Total: 7.604300 ms (FindLiveObjects: 0.512000 ms CreateObjectMapping: 0.327800 ms MarkObjects: 5.398200 ms  DeleteObjects: 1.364300 ms)

Prepare: number of updated asset objects reloaded= 0
========================================================================
Received Prepare
Begin MonoManager ReloadAssembly
- Loaded All Assemblies, in  0.608 seconds
Refreshing native plugins compatible for Editor in 0.81 ms, found 3 plugins.
Native extension for WindowsStandalone target not found
Mono: successfully reloaded assembly
- Finished resetting the current domain, in  0.627 seconds
Domain Reload Profiling: 1234ms
	BeginReloadAssembly (185ms)
		ExecutionOrderSort (0ms)
		DisableScriptedObjects (5ms)
		BackupInstance (0ms)
		ReleaseScriptingObjects (0ms)
		CreateAndSetChildDomain (48ms)
	RebuildCommonClasses (33ms)
	RebuildNativeTypeToScriptingClass (11ms)
	initialDomainReloadingComplete (26ms)
	LoadAllAssembliesAndSetupDomain (352ms)
		LoadAssemblies (283ms)
		RebuildTransferFunctionScriptingTraits (0ms)
		AnalyzeDomain (164ms)
			TypeCache.Refresh (6ms)
				TypeCache.ScanAssembly (0ms)
			BuildScriptInfoCaches (150ms)
			ResolveRequiredComponents (5ms)
	FinalizeReload (628ms)
		ReleaseScriptCaches (0ms)
		RebuildScriptCaches (0ms)
		SetupLoadedEditorAssemblies (515ms)
			LogAssemblyErrors (0ms)
			InitializePlatformSupportModulesInManaged (2ms)
			SetLoadedEditorAssemblies (4ms)
			BeforeProcessingInitializeOnLoad (94ms)
			ProcessInitializeOnLoadAttributes (383ms)
			ProcessInitializeOnLoadMethodAttributes (25ms)
			AfterProcessingInitializeOnLoad (5ms)
			EditorAssembliesLoaded (0ms)
		ExecutionOrderSort2 (0ms)
		AwakeInstancesAfterBackupRestoration (6ms)
Refreshing native plugins compatible for Editor in 1.16 ms, found 3 plugins.
Preloading 0 native plugins for Editor in 0.00 ms.
Unloading 0 Unused Serialized files (Serialized files now loaded: 0)
Unloading 3668 unused Assets / (0.9 MB). Loaded Objects now: 4159.
Memory consumption went from 82.2 MB to 81.3 MB.
Total: 9.530900 ms (FindLiveObjects: 0.725600 ms CreateObjectMapping: 0.435300 ms MarkObjects: 6.960200 ms  DeleteObjects: 1.408400 ms)

Prepare: number of updated asset objects reloaded= 0
========================================================================
Received Prepare
Begin MonoManager ReloadAssembly
- Loaded All Assemblies, in  0.578 seconds
Refreshing native plugins compatible for Editor in 1.40 ms, found 3 plugins.
Native extension for WindowsStandalone target not found
Mono: successfully reloaded assembly
- Finished resetting the current domain, in  0.593 seconds
Domain Reload Profiling: 1172ms
	BeginReloadAssembly (185ms)
		ExecutionOrderSort (0ms)
		DisableScriptedObjects (5ms)
		BackupInstance (0ms)
		ReleaseScriptingObjects (0ms)
		CreateAndSetChildDomain (53ms)
	RebuildCommonClasses (33ms)
	RebuildNativeTypeToScriptingClass (11ms)
	initialDomainReloadingComplete (24ms)
	LoadAllAssembliesAndSetupDomain (326ms)
		LoadAssemblies (272ms)
		RebuildTransferFunctionScriptingTraits (0ms)
		AnalyzeDomain (142ms)
			TypeCache.Refresh (6ms)
				TypeCache.ScanAssembly (0ms)
			BuildScriptInfoCaches (129ms)
			ResolveRequiredComponents (4ms)
	FinalizeReload (593ms)
		ReleaseScriptCaches (0ms)
		RebuildScriptCaches (0ms)
		SetupLoadedEditorAssemblies (482ms)
			LogAssemblyErrors (0ms)
			InitializePlatformSupportModulesInManaged (3ms)
			SetLoadedEditorAssemblies (5ms)
			BeforeProcessingInitializeOnLoad (89ms)
			ProcessInitializeOnLoadAttributes (354ms)
			ProcessInitializeOnLoadMethodAttributes (25ms)
			AfterProcessingInitializeOnLoad (7ms)
			EditorAssembliesLoaded (0ms)
		ExecutionOrderSort2 (0ms)
		AwakeInstancesAfterBackupRestoration (7ms)
Refreshing native plugins compatible for Editor in 1.10 ms, found 3 plugins.
Preloading 0 native plugins for Editor in 0.00 ms.
Unloading 0 Unused Serialized files (Serialized files now loaded: 0)
Unloading 3668 unused Assets / (0.8 MB). Loaded Objects now: 4159.
Memory consumption went from 82.2 MB to 81.4 MB.
Total: 6.864000 ms (FindLiveObjects: 0.549600 ms CreateObjectMapping: 0.277900 ms MarkObjects: 4.961400 ms  DeleteObjects: 1.073600 ms)

Prepare: number of updated asset objects reloaded= 0
========================================================================
Received Prepare
Begin MonoManager ReloadAssembly
- Loaded All Assemblies, in  0.580 seconds
Refreshing native plugins compatible for Editor in 0.79 ms, found 3 plugins.
Native extension for WindowsStandalone target not found
Mono: successfully reloaded assembly
- Finished resetting the current domain, in  0.653 seconds
Domain Reload Profiling: 1233ms
	BeginReloadAssembly (182ms)
		ExecutionOrderSort (0ms)
		DisableScriptedObjects (5ms)
		BackupInstance (0ms)
		ReleaseScriptingObjects (0ms)
		CreateAndSetChildDomain (51ms)
	RebuildCommonClasses (31ms)
	RebuildNativeTypeToScriptingClass (10ms)
	initialDomainReloadingComplete (23ms)
	LoadAllAssembliesAndSetupDomain (333ms)
		LoadAssemblies (271ms)
		RebuildTransferFunctionScriptingTraits (0ms)
		AnalyzeDomain (149ms)
			TypeCache.Refresh (6ms)
				TypeCache.ScanAssembly (0ms)
			BuildScriptInfoCaches (136ms)
			ResolveRequiredComponents (4ms)
	FinalizeReload (654ms)
		ReleaseScriptCaches (0ms)
		RebuildScriptCaches (0ms)
		SetupLoadedEditorAssemblies (528ms)
			LogAssemblyErrors (0ms)
			InitializePlatformSupportModulesInManaged (2ms)
			SetLoadedEditorAssemblies (4ms)
			BeforeProcessingInitializeOnLoad (86ms)
			ProcessInitializeOnLoadAttributes (401ms)
			ProcessInitializeOnLoadMethodAttributes (28ms)
			AfterProcessingInitializeOnLoad (6ms)
			EditorAssembliesLoaded (0ms)
		ExecutionOrderSort2 (0ms)
		AwakeInstancesAfterBackupRestoration (7ms)
Refreshing native plugins compatible for Editor in 1.59 ms, found 3 plugins.
Preloading 0 native plugins for Editor in 0.00 ms.
Unloading 0 Unused Serialized files (Serialized files now loaded: 0)
Unloading 3668 unused Assets / (1.0 MB). Loaded Objects now: 4159.
Memory consumption went from 82.2 MB to 81.2 MB.
Total: 8.565000 ms (FindLiveObjects: 0.668800 ms CreateObjectMapping: 0.522900 ms MarkObjects: 5.794800 ms  DeleteObjects: 1.576600 ms)

Prepare: number of updated asset objects reloaded= 0
========================================================================
Received Prepare
Begin MonoManager ReloadAssembly
- Loaded All Assemblies, in  0.582 seconds
Refreshing native plugins compatible for Editor in 0.84 ms, found 3 plugins.
Native extension for WindowsStandalone target not found
Mono: successfully reloaded assembly
- Finished resetting the current domain, in  0.627 seconds
Domain Reload Profiling: 1210ms
	BeginReloadAssembly (187ms)
		ExecutionOrderSort (0ms)
		DisableScriptedObjects (5ms)
		BackupInstance (0ms)
		ReleaseScriptingObjects (0ms)
		CreateAndSetChildDomain (49ms)
	RebuildCommonClasses (31ms)
	RebuildNativeTypeToScriptingClass (10ms)
	initialDomainReloadingComplete (23ms)
	LoadAllAssembliesAndSetupDomain (330ms)
		LoadAssemblies (278ms)
		RebuildTransferFunctionScriptingTraits (0ms)
		AnalyzeDomain (145ms)
			TypeCache.Refresh (7ms)
				TypeCache.ScanAssembly (0ms)
			BuildScriptInfoCaches (131ms)
			ResolveRequiredComponents (4ms)
	FinalizeReload (628ms)
		ReleaseScriptCaches (0ms)
		RebuildScriptCaches (0ms)
		SetupLoadedEditorAssemblies (504ms)
			LogAssemblyErrors (0ms)
			InitializePlatformSupportModulesInManaged (4ms)
			SetLoadedEditorAssemblies (4ms)
			BeforeProcessingInitializeOnLoad (83ms)
			ProcessInitializeOnLoadAttributes (379ms)
			ProcessInitializeOnLoadMethodAttributes (28ms)
			AfterProcessingInitializeOnLoad (7ms)
			EditorAssembliesLoaded (0ms)
		ExecutionOrderSort2 (0ms)
		AwakeInstancesAfterBackupRestoration (7ms)
Refreshing native plugins compatible for Editor in 1.29 ms, found 3 plugins.
Preloading 0 native plugins for Editor in 0.00 ms.
Unloading 0 Unused Serialized files (Serialized files now loaded: 0)
Unloading 3668 unused Assets / (0.9 MB). Loaded Objects now: 4159.
Memory consumption went from 82.2 MB to 81.3 MB.
Total: 8.509400 ms (FindLiveObjects: 0.579200 ms CreateObjectMapping: 0.713700 ms MarkObjects: 5.620000 ms  DeleteObjects: 1.594000 ms)

Prepare: number of updated asset objects reloaded= 0
========================================================================
Received Prepare
Begin MonoManager ReloadAssembly
- Loaded All Assemblies, in  0.583 seconds
Refreshing native plugins compatible for Editor in 0.86 ms, found 3 plugins.
Native extension for WindowsStandalone target not found
Mono: successfully reloaded assembly
- Finished resetting the current domain, in  0.680 seconds
Domain Reload Profiling: 1263ms
	BeginReloadAssembly (183ms)
		ExecutionOrderSort (0ms)
		DisableScriptedObjects (5ms)
		BackupInstance (0ms)
		ReleaseScriptingObjects (0ms)
		CreateAndSetChildDomain (47ms)
	RebuildCommonClasses (31ms)
	RebuildNativeTypeToScriptingClass (10ms)
	initialDomainReloadingComplete (24ms)
	LoadAllAssembliesAndSetupDomain (334ms)
		LoadAssemblies (286ms)
		RebuildTransferFunctionScriptingTraits (0ms)
		AnalyzeDomain (141ms)
			TypeCache.Refresh (5ms)
				TypeCache.ScanAssembly (0ms)
			BuildScriptInfoCaches (129ms)
			ResolveRequiredComponents (4ms)
	FinalizeReload (680ms)
		ReleaseScriptCaches (0ms)
		RebuildScriptCaches (0ms)
		SetupLoadedEditorAssemblies (553ms)
			LogAssemblyErrors (0ms)
			InitializePlatformSupportModulesInManaged (3ms)
			SetLoadedEditorAssemblies (6ms)
			BeforeProcessingInitializeOnLoad (99ms)
			ProcessInitializeOnLoadAttributes (410ms)
			ProcessInitializeOnLoadMethodAttributes (28ms)
			AfterProcessingInitializeOnLoad (7ms)
			EditorAssembliesLoaded (0ms)
		ExecutionOrderSort2 (0ms)
		AwakeInstancesAfterBackupRestoration (8ms)
Refreshing native plugins compatible for Editor in 1.42 ms, found 3 plugins.
Preloading 0 native plugins for Editor in 0.00 ms.
Unloading 0 Unused Serialized files (Serialized files now loaded: 0)
Unloading 3668 unused Assets / (1.1 MB). Loaded Objects now: 4159.
Memory consumption went from 82.2 MB to 81.2 MB.
Total: 9.011500 ms (FindLiveObjects: 0.588000 ms CreateObjectMapping: 0.602900 ms MarkObjects: 6.052400 ms  DeleteObjects: 1.766400 ms)

Prepare: number of updated asset objects reloaded= 0
========================================================================
Received Prepare
Begin MonoManager ReloadAssembly
- Loaded All Assemblies, in  0.578 seconds
Refreshing native plugins compatible for Editor in 0.94 ms, found 3 plugins.
Native extension for WindowsStandalone target not found
Mono: successfully reloaded assembly
- Finished resetting the current domain, in  0.651 seconds
Domain Reload Profiling: 1230ms
	BeginReloadAssembly (176ms)
		ExecutionOrderSort (0ms)
		DisableScriptedObjects (5ms)
		BackupInstance (0ms)
		ReleaseScriptingObjects (0ms)
		CreateAndSetChildDomain (51ms)
	RebuildCommonClasses (35ms)
	RebuildNativeTypeToScriptingClass (12ms)
	initialDomainReloadingComplete (24ms)
	LoadAllAssembliesAndSetupDomain (331ms)
		LoadAssemblies (267ms)
		RebuildTransferFunctionScriptingTraits (0ms)
		AnalyzeDomain (148ms)
			TypeCache.Refresh (7ms)
				TypeCache.ScanAssembly (0ms)
			BuildScriptInfoCaches (134ms)
			ResolveRequiredComponents (4ms)
	FinalizeReload (652ms)
		ReleaseScriptCaches (0ms)
		RebuildScriptCaches (0ms)
		SetupLoadedEditorAssemblies (537ms)
			LogAssemblyErrors (0ms)
			InitializePlatformSupportModulesInManaged (3ms)
			SetLoadedEditorAssemblies (4ms)
			BeforeProcessingInitializeOnLoad (85ms)
			ProcessInitializeOnLoadAttributes (407ms)
			ProcessInitializeOnLoadMethodAttributes (29ms)
			AfterProcessingInitializeOnLoad (7ms)
			EditorAssembliesLoaded (1ms)
		ExecutionOrderSort2 (0ms)
		AwakeInstancesAfterBackupRestoration (7ms)
Refreshing native plugins compatible for Editor in 1.46 ms, found 3 plugins.
Preloading 0 native plugins for Editor in 0.00 ms.
Unloading 0 Unused Serialized files (Serialized files now loaded: 0)
Unloading 3668 unused Assets / (0.8 MB). Loaded Objects now: 4159.
Memory consumption went from 82.2 MB to 81.4 MB.
Total: 9.027000 ms (FindLiveObjects: 0.554900 ms CreateObjectMapping: 0.733800 ms MarkObjects: 6.150400 ms  DeleteObjects: 1.586400 ms)

Prepare: number of updated asset objects reloaded= 0
========================================================================
Received Prepare
Begin MonoManager ReloadAssembly
- Loaded All Assemblies, in  0.592 seconds
Refreshing native plugins compatible for Editor in 1.29 ms, found 3 plugins.
Native extension for WindowsStandalone target not found
Mono: successfully reloaded assembly
- Finished resetting the current domain, in  0.661 seconds
Domain Reload Profiling: 1253ms
	BeginReloadAssembly (190ms)
		ExecutionOrderSort (0ms)
		DisableScriptedObjects (5ms)
		BackupInstance (0ms)
		ReleaseScriptingObjects (0ms)
		CreateAndSetChildDomain (48ms)
	RebuildCommonClasses (31ms)
	RebuildNativeTypeToScriptingClass (10ms)
	initialDomainReloadingComplete (25ms)
	LoadAllAssembliesAndSetupDomain (335ms)
		LoadAssemblies (284ms)
		RebuildTransferFunctionScriptingTraits (0ms)
		AnalyzeDomain (147ms)
			TypeCache.Refresh (5ms)
				TypeCache.ScanAssembly (0ms)
			BuildScriptInfoCaches (134ms)
			ResolveRequiredComponents (4ms)
	FinalizeReload (661ms)
		ReleaseScriptCaches (0ms)
		RebuildScriptCaches (0ms)
		SetupLoadedEditorAssemblies (539ms)
			LogAssemblyErrors (0ms)
			InitializePlatformSupportModulesInManaged (2ms)
			SetLoadedEditorAssemblies (6ms)
			BeforeProcessingInitializeOnLoad (98ms)
			ProcessInitializeOnLoadAttributes (399ms)
			ProcessInitializeOnLoadMethodAttributes (27ms)
			AfterProcessingInitializeOnLoad (6ms)
			EditorAssembliesLoaded (0ms)
		ExecutionOrderSort2 (0ms)
		AwakeInstancesAfterBackupRestoration (6ms)
Refreshing native plugins compatible for Editor in 1.14 ms, found 3 plugins.
Preloading 0 native plugins for Editor in 0.00 ms.
Unloading 0 Unused Serialized files (Serialized files now loaded: 0)
Unloading 3668 unused Assets / (1.0 MB). Loaded Objects now: 4159.
Memory consumption went from 82.2 MB to 81.2 MB.
Total: 9.759200 ms (FindLiveObjects: 0.834500 ms CreateObjectMapping: 0.418900 ms MarkObjects: 6.787300 ms  DeleteObjects: 1.716400 ms)

Prepare: number of updated asset objects reloaded= 0
========================================================================
Received Prepare
Begin MonoManager ReloadAssembly
- Loaded All Assemblies, in  0.558 seconds
Refreshing native plugins compatible for Editor in 0.81 ms, found 3 plugins.
Native extension for WindowsStandalone target not found
Mono: successfully reloaded assembly
- Finished resetting the current domain, in  0.626 seconds
Domain Reload Profiling: 1186ms
	BeginReloadAssembly (172ms)
		ExecutionOrderSort (0ms)
		DisableScriptedObjects (5ms)
		BackupInstance (0ms)
		ReleaseScriptingObjects (0ms)
		CreateAndSetChildDomain (44ms)
	RebuildCommonClasses (31ms)
	RebuildNativeTypeToScriptingClass (11ms)
	initialDomainReloadingComplete (24ms)
	LoadAllAssembliesAndSetupDomain (322ms)
		LoadAssemblies (269ms)
		RebuildTransferFunctionScriptingTraits (0ms)
		AnalyzeDomain (138ms)
			TypeCache.Refresh (6ms)
				TypeCache.ScanAssembly (0ms)
			BuildScriptInfoCaches (124ms)
			ResolveRequiredComponents (4ms)
	FinalizeReload (626ms)
		ReleaseScriptCaches (0ms)
		RebuildScriptCaches (0ms)
		SetupLoadedEditorAssemblies (514ms)
			LogAssemblyErrors (0ms)
			InitializePlatformSupportModulesInManaged (2ms)
			SetLoadedEditorAssemblies (4ms)
			BeforeProcessingInitializeOnLoad (84ms)
			ProcessInitializeOnLoadAttributes (391ms)
			ProcessInitializeOnLoadMethodAttributes (26ms)
			AfterProcessingInitializeOnLoad (6ms)
			EditorAssembliesLoaded (0ms)
		ExecutionOrderSort2 (0ms)
		AwakeInstancesAfterBackupRestoration (6ms)
Refreshing native plugins compatible for Editor in 1.22 ms, found 3 plugins.
Preloading 0 native plugins for Editor in 0.00 ms.
Unloading 0 Unused Serialized files (Serialized files now loaded: 0)
Unloading 3668 unused Assets / (0.8 MB). Loaded Objects now: 4159.
Memory consumption went from 82.2 MB to 81.4 MB.
Total: 8.081500 ms (FindLiveObjects: 0.720800 ms CreateObjectMapping: 0.662500 ms MarkObjects: 5.421300 ms  DeleteObjects: 1.275000 ms)

Prepare: number of updated asset objects reloaded= 0
========================================================================
Received Prepare
Begin MonoManager ReloadAssembly
- Loaded All Assemblies, in  0.566 seconds
Refreshing native plugins compatible for Editor in 0.83 ms, found 3 plugins.
Native extension for WindowsStandalone target not found
Mono: successfully reloaded assembly
- Finished resetting the current domain, in  0.635 seconds
Domain Reload Profiling: 1200ms
	BeginReloadAssembly (179ms)
		ExecutionOrderSort (0ms)
		DisableScriptedObjects (5ms)
		BackupInstance (0ms)
		ReleaseScriptingObjects (0ms)
		CreateAndSetChildDomain (47ms)
	RebuildCommonClasses (30ms)
	RebuildNativeTypeToScriptingClass (10ms)
	initialDomainReloadingComplete (27ms)
	LoadAllAssembliesAndSetupDomain (320ms)
		LoadAssemblies (271ms)
		RebuildTransferFunctionScriptingTraits (0ms)
		AnalyzeDomain (138ms)
			TypeCache.Refresh (6ms)
				TypeCache.ScanAssembly (0ms)
			BuildScriptInfoCaches (125ms)
			ResolveRequiredComponents (4ms)
	FinalizeReload (635ms)
		ReleaseScriptCaches (0ms)
		RebuildScriptCaches (0ms)
		SetupLoadedEditorAssemblies (523ms)
			LogAssemblyErrors (0ms)
			InitializePlatformSupportModulesInManaged (3ms)
			SetLoadedEditorAssemblies (4ms)
			BeforeProcessingInitializeOnLoad (86ms)
			ProcessInitializeOnLoadAttributes (396ms)
			ProcessInitializeOnLoadMethodAttributes (27ms)
			AfterProcessingInitializeOnLoad (6ms)
			EditorAssembliesLoaded (0ms)
		ExecutionOrderSort2 (0ms)
		AwakeInstancesAfterBackupRestoration (6ms)
Refreshing native plugins compatible for Editor in 1.06 ms, found 3 plugins.
Preloading 0 native plugins for Editor in 0.00 ms.
Unloading 0 Unused Serialized files (Serialized files now loaded: 0)
Unloading 3668 unused Assets / (0.9 MB). Loaded Objects now: 4159.
Memory consumption went from 82.2 MB to 81.3 MB.
Total: 8.916300 ms (FindLiveObjects: 0.621300 ms CreateObjectMapping: 0.991000 ms MarkObjects: 5.973900 ms  DeleteObjects: 1.328700 ms)

Prepare: number of updated asset objects reloaded= 0
========================================================================
Received Prepare
Begin MonoManager ReloadAssembly
- Loaded All Assemblies, in  0.558 seconds
Refreshing native plugins compatible for Editor in 0.98 ms, found 3 plugins.
Native extension for WindowsStandalone target not found
Mono: successfully reloaded assembly
- Finished resetting the current domain, in  0.668 seconds
Domain Reload Profiling: 1226ms
	BeginReloadAssembly (178ms)
		ExecutionOrderSort (0ms)
		DisableScriptedObjects (5ms)
		BackupInstance (0ms)
		ReleaseScriptingObjects (0ms)
		CreateAndSetChildDomain (46ms)
	RebuildCommonClasses (30ms)
	RebuildNativeTypeToScriptingClass (10ms)
	initialDomainReloadingComplete (23ms)
	LoadAllAssembliesAndSetupDomain (316ms)
		LoadAssemblies (268ms)
		RebuildTransferFunctionScriptingTraits (0ms)
		AnalyzeDomain (137ms)
			TypeCache.Refresh (6ms)
				TypeCache.ScanAssembly (0ms)
			BuildScriptInfoCaches (124ms)
			ResolveRequiredComponents (4ms)
	FinalizeReload (669ms)
		ReleaseScriptCaches (0ms)
		RebuildScriptCaches (0ms)
		SetupLoadedEditorAssemblies (545ms)
			LogAssemblyErrors (0ms)
			InitializePlatformSupportModulesInManaged (3ms)
			SetLoadedEditorAssemblies (6ms)
			BeforeProcessingInitializeOnLoad (93ms)
			ProcessInitializeOnLoadAttributes (412ms)
			ProcessInitializeOnLoadMethodAttributes (25ms)
			AfterProcessingInitializeOnLoad (6ms)
			EditorAssembliesLoaded (0ms)
		ExecutionOrderSort2 (0ms)
		AwakeInstancesAfterBackupRestoration (6ms)
Refreshing native plugins compatible for Editor in 1.33 ms, found 3 plugins.
Preloading 0 native plugins for Editor in 0.00 ms.
Unloading 0 Unused Serialized files (Serialized files now loaded: 0)
Unloading 3668 unused Assets / (1.0 MB). Loaded Objects now: 4159.
Memory consumption went from 82.2 MB to 81.3 MB.
Total: 8.714800 ms (FindLiveObjects: 0.560400 ms CreateObjectMapping: 0.448400 ms MarkObjects: 6.203500 ms  DeleteObjects: 1.500900 ms)

Prepare: number of updated asset objects reloaded= 0
========================================================================
Received Prepare
Begin MonoManager ReloadAssembly
- Loaded All Assemblies, in  0.583 seconds
Refreshing native plugins compatible for Editor in 0.84 ms, found 3 plugins.
Native extension for WindowsStandalone target not found
Mono: successfully reloaded assembly
- Finished resetting the current domain, in  0.605 seconds
Domain Reload Profiling: 1188ms
	BeginReloadAssembly (181ms)
		ExecutionOrderSort (0ms)
		DisableScriptedObjects (6ms)
		BackupInstance (0ms)
		ReleaseScriptingObjects (0ms)
		CreateAndSetChildDomain (47ms)
	RebuildCommonClasses (41ms)
	RebuildNativeTypeToScriptingClass (10ms)
	initialDomainReloadingComplete (29ms)
	LoadAllAssembliesAndSetupDomain (321ms)
		LoadAssemblies (273ms)
		RebuildTransferFunctionScriptingTraits (0ms)
		AnalyzeDomain (140ms)
			TypeCache.Refresh (6ms)
				TypeCache.ScanAssembly (0ms)
			BuildScriptInfoCaches (127ms)
			ResolveRequiredComponents (4ms)
	FinalizeReload (606ms)
		ReleaseScriptCaches (0ms)
		RebuildScriptCaches (0ms)
		SetupLoadedEditorAssemblies (494ms)
			LogAssemblyErrors (0ms)
			InitializePlatformSupportModulesInManaged (3ms)
			SetLoadedEditorAssemblies (6ms)
			BeforeProcessingInitializeOnLoad (86ms)
			ProcessInitializeOnLoadAttributes (369ms)
			ProcessInitializeOnLoadMethodAttributes (25ms)
			AfterProcessingInitializeOnLoad (6ms)
			EditorAssembliesLoaded (0ms)
		ExecutionOrderSort2 (0ms)
		AwakeInstancesAfterBackupRestoration (7ms)
Refreshing native plugins compatible for Editor in 1.20 ms, found 3 plugins.
Preloading 0 native plugins for Editor in 0.00 ms.
Unloading 0 Unused Serialized files (Serialized files now loaded: 0)
Unloading 3668 unused Assets / (0.9 MB). Loaded Objects now: 4159.
Memory consumption went from 82.2 MB to 81.4 MB.
Total: 9.397700 ms (FindLiveObjects: 0.701700 ms CreateObjectMapping: 0.569100 ms MarkObjects: 6.475700 ms  DeleteObjects: 1.649400 ms)

Prepare: number of updated asset objects reloaded= 0
========================================================================
Received Prepare
Begin MonoManager ReloadAssembly
- Loaded All Assemblies, in  0.567 seconds
Refreshing native plugins compatible for Editor in 0.97 ms, found 3 plugins.
Native extension for WindowsStandalone target not found
Mono: successfully reloaded assembly
- Finished resetting the current domain, in  0.656 seconds
Domain Reload Profiling: 1224ms
	BeginReloadAssembly (182ms)
		ExecutionOrderSort (0ms)
		DisableScriptedObjects (5ms)
		BackupInstance (0ms)
		ReleaseScriptingObjects (0ms)
		CreateAndSetChildDomain (49ms)
	RebuildCommonClasses (30ms)
	RebuildNativeTypeToScriptingClass (12ms)
	initialDomainReloadingComplete (25ms)
	LoadAllAssembliesAndSetupDomain (318ms)
		LoadAssemblies (275ms)
		RebuildTransferFunctionScriptingTraits (0ms)
		AnalyzeDomain (136ms)
			TypeCache.Refresh (5ms)
				TypeCache.ScanAssembly (0ms)
			BuildScriptInfoCaches (124ms)
			ResolveRequiredComponents (4ms)
	FinalizeReload (657ms)
		ReleaseScriptCaches (0ms)
		RebuildScriptCaches (0ms)
		SetupLoadedEditorAssemblies (539ms)
			LogAssemblyErrors (0ms)
			InitializePlatformSupportModulesInManaged (3ms)
			SetLoadedEditorAssemblies (6ms)
			BeforeProcessingInitializeOnLoad (97ms)
			ProcessInitializeOnLoadAttributes (401ms)
			ProcessInitializeOnLoadMethodAttributes (26ms)
			AfterProcessingInitializeOnLoad (5ms)
			EditorAssembliesLoaded (0ms)
		ExecutionOrderSort2 (0ms)
		AwakeInstancesAfterBackupRestoration (8ms)
Refreshing native plugins compatible for Editor in 1.17 ms, found 3 plugins.
Preloading 0 native plugins for Editor in 0.00 ms.
Unloading 0 Unused Serialized files (Serialized files now loaded: 0)
Unloading 3668 unused Assets / (1.1 MB). Loaded Objects now: 4159.
Memory consumption went from 82.2 MB to 81.2 MB.
Total: 9.206800 ms (FindLiveObjects: 0.531100 ms CreateObjectMapping: 0.708700 ms MarkObjects: 6.124800 ms  DeleteObjects: 1.839500 ms)

Prepare: number of updated asset objects reloaded= 0
========================================================================
Received Prepare
Begin MonoManager ReloadAssembly
- Loaded All Assemblies, in  0.573 seconds
Refreshing native plugins compatible for Editor in 0.85 ms, found 3 plugins.
Native extension for WindowsStandalone target not found
Mono: successfully reloaded assembly
- Finished resetting the current domain, in  0.626 seconds
Domain Reload Profiling: 1199ms
	BeginReloadAssembly (183ms)
		ExecutionOrderSort (0ms)
		DisableScriptedObjects (5ms)
		BackupInstance (0ms)
		ReleaseScriptingObjects (0ms)
		CreateAndSetChildDomain (48ms)
	RebuildCommonClasses (31ms)
	RebuildNativeTypeToScriptingClass (10ms)
	initialDomainReloadingComplete (24ms)
	LoadAllAssembliesAndSetupDomain (325ms)
		LoadAssemblies (278ms)
		RebuildTransferFunctionScriptingTraits (0ms)
		AnalyzeDomain (140ms)
			TypeCache.Refresh (5ms)
				TypeCache.ScanAssembly (0ms)
			BuildScriptInfoCaches (125ms)
			ResolveRequiredComponents (6ms)
	FinalizeReload (626ms)
		ReleaseScriptCaches (0ms)
		RebuildScriptCaches (0ms)
		SetupLoadedEditorAssemblies (511ms)
			LogAssemblyErrors (0ms)
			InitializePlatformSupportModulesInManaged (3ms)
			SetLoadedEditorAssemblies (5ms)
			BeforeProcessingInitializeOnLoad (85ms)
			ProcessInitializeOnLoadAttributes (386ms)
			ProcessInitializeOnLoadMethodAttributes (27ms)
			AfterProcessingInitializeOnLoad (6ms)
			EditorAssembliesLoaded (0ms)
		ExecutionOrderSort2 (0ms)
		AwakeInstancesAfterBackupRestoration (6ms)
Refreshing native plugins compatible for Editor in 1.21 ms, found 3 plugins.
Preloading 0 native plugins for Editor in 0.00 ms.
Unloading 0 Unused Serialized files (Serialized files now loaded: 0)
Unloading 3668 unused Assets / (1.0 MB). Loaded Objects now: 4159.
Memory consumption went from 82.3 MB to 81.3 MB.
Total: 9.522500 ms (FindLiveObjects: 0.784700 ms CreateObjectMapping: 0.486700 ms MarkObjects: 6.585600 ms  DeleteObjects: 1.663100 ms)

Prepare: number of updated asset objects reloaded= 0
========================================================================
Received Prepare
Begin MonoManager ReloadAssembly
- Loaded All Assemblies, in  0.570 seconds
Refreshing native plugins compatible for Editor in 0.78 ms, found 3 plugins.
Native extension for WindowsStandalone target not found
Mono: successfully reloaded assembly
- Finished resetting the current domain, in  0.660 seconds
Domain Reload Profiling: 1230ms
	BeginReloadAssembly (178ms)
		ExecutionOrderSort (0ms)
		DisableScriptedObjects (5ms)
		BackupInstance (0ms)
		ReleaseScriptingObjects (0ms)
		CreateAndSetChildDomain (50ms)
	RebuildCommonClasses (35ms)
	RebuildNativeTypeToScriptingClass (10ms)
	initialDomainReloadingComplete (23ms)
	LoadAllAssembliesAndSetupDomain (325ms)
		LoadAssemblies (270ms)
		RebuildTransferFunctionScriptingTraits (0ms)
		AnalyzeDomain (141ms)
			TypeCache.Refresh (6ms)
				TypeCache.ScanAssembly (0ms)
			BuildScriptInfoCaches (128ms)
			ResolveRequiredComponents (4ms)
	FinalizeReload (660ms)
		ReleaseScriptCaches (0ms)
		RebuildScriptCaches (0ms)
		SetupLoadedEditorAssemblies (543ms)
			LogAssemblyErrors (0ms)
			InitializePlatformSupportModulesInManaged (3ms)
			SetLoadedEditorAssemblies (5ms)
			BeforeProcessingInitializeOnLoad (97ms)
			ProcessInitializeOnLoadAttributes (404ms)
			ProcessInitializeOnLoadMethodAttributes (27ms)
			AfterProcessingInitializeOnLoad (5ms)
			EditorAssembliesLoaded (0ms)
		ExecutionOrderSort2 (0ms)
		AwakeInstancesAfterBackupRestoration (6ms)
Refreshing native plugins compatible for Editor in 1.10 ms, found 3 plugins.
Preloading 0 native plugins for Editor in 0.00 ms.
Unloading 0 Unused Serialized files (Serialized files now loaded: 0)
Unloading 3668 unused Assets / (1.0 MB). Loaded Objects now: 4159.
Memory consumption went from 82.3 MB to 81.3 MB.
Total: 8.894800 ms (FindLiveObjects: 0.771600 ms CreateObjectMapping: 1.051400 ms MarkObjects: 5.667200 ms  DeleteObjects: 1.403000 ms)

Prepare: number of updated asset objects reloaded= 0
========================================================================
Received Prepare
Refreshing native plugins compatible for Editor in 2.64 ms, found 3 plugins.
Preloading 0 native plugins for Editor in 0.00 ms.
Unloading 0 Unused Serialized files (Serialized files now loaded: 0)
Unloading 3661 unused Assets / (1.0 MB). Loaded Objects now: 4159.
Memory consumption went from 82.4 MB to 81.4 MB.
Total: 12.140200 ms (FindLiveObjects: 0.870200 ms CreateObjectMapping: 0.505100 ms MarkObjects: 8.587400 ms  DeleteObjects: 2.175300 ms)

Prepare: number of updated asset objects reloaded= 0
========================================================================
Received Prepare
Begin MonoManager ReloadAssembly
- Loaded All Assemblies, in  1.156 seconds
Refreshing native plugins compatible for Editor in 2.67 ms, found 3 plugins.
Native extension for WindowsStandalone target not found
Mono: successfully reloaded assembly
- Finished resetting the current domain, in  0.979 seconds
Domain Reload Profiling: 2135ms
	BeginReloadAssembly (342ms)
		ExecutionOrderSort (0ms)
		DisableScriptedObjects (12ms)
		BackupInstance (0ms)
		ReleaseScriptingObjects (0ms)
		CreateAndSetChildDomain (69ms)
	RebuildCommonClasses (78ms)
	RebuildNativeTypeToScriptingClass (33ms)
	initialDomainReloadingComplete (53ms)
	LoadAllAssembliesAndSetupDomain (649ms)
		LoadAssemblies (532ms)
		RebuildTransferFunctionScriptingTraits (0ms)
		AnalyzeDomain (313ms)
			TypeCache.Refresh (13ms)
				TypeCache.ScanAssembly (0ms)
			BuildScriptInfoCaches (283ms)
			ResolveRequiredComponents (10ms)
	FinalizeReload (980ms)
		ReleaseScriptCaches (0ms)
		RebuildScriptCaches (0ms)
		SetupLoadedEditorAssemblies (819ms)
			LogAssemblyErrors (0ms)
			InitializePlatformSupportModulesInManaged (4ms)
			SetLoadedEditorAssemblies (9ms)
			BeforeProcessingInitializeOnLoad (181ms)
			ProcessInitializeOnLoadAttributes (600ms)
			ProcessInitializeOnLoadMethodAttributes (20ms)
			AfterProcessingInitializeOnLoad (6ms)
			EditorAssembliesLoaded (0ms)
		ExecutionOrderSort2 (0ms)
		AwakeInstancesAfterBackupRestoration (6ms)
Refreshing native plugins compatible for Editor in 0.96 ms, found 3 plugins.
Preloading 0 native plugins for Editor in 0.00 ms.
Unloading 0 Unused Serialized files (Serialized files now loaded: 0)
Unloading 3668 unused Assets / (0.8 MB). Loaded Objects now: 4159.
Memory consumption went from 82.3 MB to 81.5 MB.
Total: 5.527600 ms (FindLiveObjects: 0.472200 ms CreateObjectMapping: 0.244600 ms MarkObjects: 3.934100 ms  DeleteObjects: 0.875600 ms)

Prepare: number of updated asset objects reloaded= 0
========================================================================
Received Prepare
Begin MonoManager ReloadAssembly
- Loaded All Assemblies, in  0.587 seconds
Refreshing native plugins compatible for Editor in 1.09 ms, found 3 plugins.
Native extension for WindowsStandalone target not found
Mono: successfully reloaded assembly
- Finished resetting the current domain, in  0.655 seconds
Domain Reload Profiling: 1242ms
	BeginReloadAssembly (187ms)
		ExecutionOrderSort (0ms)
		DisableScriptedObjects (5ms)
		BackupInstance (0ms)
		ReleaseScriptingObjects (0ms)
		CreateAndSetChildDomain (51ms)
	RebuildCommonClasses (32ms)
	RebuildNativeTypeToScriptingClass (10ms)
	initialDomainReloadingComplete (24ms)
	LoadAllAssembliesAndSetupDomain (333ms)
		LoadAssemblies (279ms)
		RebuildTransferFunctionScriptingTraits (0ms)
		AnalyzeDomain (146ms)
			TypeCache.Refresh (6ms)
				TypeCache.ScanAssembly (0ms)
			BuildScriptInfoCaches (133ms)
			ResolveRequiredComponents (4ms)
	FinalizeReload (656ms)
		ReleaseScriptCaches (0ms)
		RebuildScriptCaches (0ms)
		SetupLoadedEditorAssemblies (538ms)
			LogAssemblyErrors (0ms)
			InitializePlatformSupportModulesInManaged (3ms)
			SetLoadedEditorAssemblies (5ms)
			BeforeProcessingInitializeOnLoad (88ms)
			ProcessInitializeOnLoadAttributes (409ms)
			ProcessInitializeOnLoadMethodAttributes (27ms)
			AfterProcessingInitializeOnLoad (7ms)
			EditorAssembliesLoaded (0ms)
		ExecutionOrderSort2 (0ms)
		AwakeInstancesAfterBackupRestoration (7ms)
Refreshing native plugins compatible for Editor in 1.75 ms, found 3 plugins.
Preloading 0 native plugins for Editor in 0.00 ms.
Unloading 0 Unused Serialized files (Serialized files now loaded: 0)
Unloading 3668 unused Assets / (0.9 MB). Loaded Objects now: 4159.
Memory consumption went from 82.3 MB to 81.4 MB.
Total: 8.708000 ms (FindLiveObjects: 0.739700 ms CreateObjectMapping: 0.689100 ms MarkObjects: 6.004500 ms  DeleteObjects: 1.272700 ms)

Prepare: number of updated asset objects reloaded= 0
========================================================================
Received Prepare
Begin MonoManager ReloadAssembly
- Loaded All Assemblies, in  0.580 seconds
Refreshing native plugins compatible for Editor in 0.82 ms, found 3 plugins.
Native extension for WindowsStandalone target not found
Mono: successfully reloaded assembly
- Finished resetting the current domain, in  0.665 seconds
Domain Reload Profiling: 1245ms
	BeginReloadAssembly (177ms)
		ExecutionOrderSort (0ms)
		DisableScriptedObjects (5ms)
		BackupInstance (0ms)
		ReleaseScriptingObjects (0ms)
		CreateAndSetChildDomain (48ms)
	RebuildCommonClasses (32ms)
	RebuildNativeTypeToScriptingClass (10ms)
	initialDomainReloadingComplete (26ms)
	LoadAllAssembliesAndSetupDomain (334ms)
		LoadAssemblies (269ms)
		RebuildTransferFunctionScriptingTraits (0ms)
		AnalyzeDomain (153ms)
			TypeCache.Refresh (6ms)
				TypeCache.ScanAssembly (0ms)
			BuildScriptInfoCaches (139ms)
			ResolveRequiredComponents (4ms)
	FinalizeReload (666ms)
		ReleaseScriptCaches (0ms)
		RebuildScriptCaches (0ms)
		SetupLoadedEditorAssemblies (544ms)
			LogAssemblyErrors (0ms)
			InitializePlatformSupportModulesInManaged (2ms)
			SetLoadedEditorAssemblies (7ms)
			BeforeProcessingInitializeOnLoad (95ms)
			ProcessInitializeOnLoadAttributes (408ms)
			ProcessInitializeOnLoadMethodAttributes (27ms)
			AfterProcessingInitializeOnLoad (6ms)
			EditorAssembliesLoaded (0ms)
		ExecutionOrderSort2 (0ms)
		AwakeInstancesAfterBackupRestoration (7ms)
Refreshing native plugins compatible for Editor in 1.30 ms, found 3 plugins.
Preloading 0 native plugins for Editor in 0.00 ms.
Unloading 0 Unused Serialized files (Serialized files now loaded: 0)
Unloading 3668 unused Assets / (0.8 MB). Loaded Objects now: 4159.
Memory consumption went from 82.3 MB to 81.5 MB.
Total: 11.402900 ms (FindLiveObjects: 0.670500 ms CreateObjectMapping: 0.701900 ms MarkObjects: 8.470400 ms  DeleteObjects: 1.558900 ms)

Prepare: number of updated asset objects reloaded= 0
========================================================================
Received Prepare
Begin MonoManager ReloadAssembly
- Loaded All Assemblies, in  0.569 seconds
Refreshing native plugins compatible for Editor in 0.96 ms, found 3 plugins.
Native extension for WindowsStandalone target not found
Mono: successfully reloaded assembly
- Finished resetting the current domain, in  0.633 seconds
Domain Reload Profiling: 1202ms
	BeginReloadAssembly (180ms)
		ExecutionOrderSort (0ms)
		DisableScriptedObjects (5ms)
		BackupInstance (0ms)
		ReleaseScriptingObjects (0ms)
		CreateAndSetChildDomain (51ms)
	RebuildCommonClasses (30ms)
	RebuildNativeTypeToScriptingClass (10ms)
	initialDomainReloadingComplete (24ms)
	LoadAllAssembliesAndSetupDomain (324ms)
		LoadAssemblies (276ms)
		RebuildTransferFunctionScriptingTraits (0ms)
		AnalyzeDomain (137ms)
			TypeCache.Refresh (6ms)
				TypeCache.ScanAssembly (0ms)
			BuildScriptInfoCaches (124ms)
			ResolveRequiredComponents (4ms)
	FinalizeReload (633ms)
		ReleaseScriptCaches (0ms)
		RebuildScriptCaches (0ms)
		SetupLoadedEditorAssemblies (521ms)
			LogAssemblyErrors (0ms)
			InitializePlatformSupportModulesInManaged (2ms)
			SetLoadedEditorAssemblies (5ms)
			BeforeProcessingInitializeOnLoad (82ms)
			ProcessInitializeOnLoadAttributes (398ms)
			ProcessInitializeOnLoadMethodAttributes (27ms)
			AfterProcessingInitializeOnLoad (6ms)
			EditorAssembliesLoaded (0ms)
		ExecutionOrderSort2 (0ms)
		AwakeInstancesAfterBackupRestoration (7ms)
Refreshing native plugins compatible for Editor in 1.14 ms, found 3 plugins.
Preloading 0 native plugins for Editor in 0.00 ms.
Unloading 0 Unused Serialized files (Serialized files now loaded: 0)
Unloading 3668 unused Assets / (0.9 MB). Loaded Objects now: 4159.
Memory consumption went from 82.3 MB to 81.4 MB.
Total: 8.410000 ms (FindLiveObjects: 0.607600 ms CreateObjectMapping: 0.660700 ms MarkObjects: 5.868600 ms  DeleteObjects: 1.270900 ms)

Prepare: number of updated asset objects reloaded= 0
========================================================================
Received Prepare
Begin MonoManager ReloadAssembly
- Loaded All Assemblies, in  0.567 seconds
Refreshing native plugins compatible for Editor in 0.95 ms, found 3 plugins.
Native extension for WindowsStandalone target not found
Mono: successfully reloaded assembly
- Finished resetting the current domain, in  0.630 seconds
Domain Reload Profiling: 1198ms
	BeginReloadAssembly (181ms)
		ExecutionOrderSort (0ms)
		DisableScriptedObjects (5ms)
		BackupInstance (0ms)
		ReleaseScriptingObjects (0ms)
		CreateAndSetChildDomain (48ms)
	RebuildCommonClasses (32ms)
	RebuildNativeTypeToScriptingClass (10ms)
	initialDomainReloadingComplete (23ms)
	LoadAllAssembliesAndSetupDomain (320ms)
		LoadAssemblies (277ms)
		RebuildTransferFunctionScriptingTraits (0ms)
		AnalyzeDomain (137ms)
			TypeCache.Refresh (6ms)
				TypeCache.ScanAssembly (0ms)
			BuildScriptInfoCaches (124ms)
			ResolveRequiredComponents (4ms)
	FinalizeReload (631ms)
		ReleaseScriptCaches (0ms)
		RebuildScriptCaches (0ms)
		SetupLoadedEditorAssemblies (505ms)
			LogAssemblyErrors (0ms)
			InitializePlatformSupportModulesInManaged (2ms)
			SetLoadedEditorAssemblies (5ms)
			BeforeProcessingInitializeOnLoad (88ms)
			ProcessInitializeOnLoadAttributes (379ms)
			ProcessInitializeOnLoadMethodAttributes (26ms)
			AfterProcessingInitializeOnLoad (6ms)
			EditorAssembliesLoaded (0ms)
		ExecutionOrderSort2 (0ms)
		AwakeInstancesAfterBackupRestoration (7ms)
Refreshing native plugins compatible for Editor in 1.37 ms, found 3 plugins.
Preloading 0 native plugins for Editor in 0.00 ms.
Unloading 0 Unused Serialized files (Serialized files now loaded: 0)
Unloading 3668 unused Assets / (1.0 MB). Loaded Objects now: 4159.
Memory consumption went from 82.3 MB to 81.3 MB.
Total: 9.205800 ms (FindLiveObjects: 0.608900 ms CreateObjectMapping: 0.775000 ms MarkObjects: 6.367200 ms  DeleteObjects: 1.452800 ms)

Prepare: number of updated asset objects reloaded= 0
========================================================================
Received Prepare
Refreshing native plugins compatible for Editor in 2.83 ms, found 3 plugins.
Preloading 0 native plugins for Editor in 0.00 ms.
Unloading 0 Unused Serialized files (Serialized files now loaded: 0)
Unloading 3661 unused Assets / (1.0 MB). Loaded Objects now: 4159.
Memory consumption went from 82.4 MB to 81.4 MB.
Total: 13.913200 ms (FindLiveObjects: 0.873900 ms CreateObjectMapping: 0.631200 ms MarkObjects: 10.580200 ms  DeleteObjects: 1.826000 ms)

Prepare: number of updated asset objects reloaded= 0
========================================================================
Received Prepare
Begin MonoManager ReloadAssembly
- Loaded All Assemblies, in  1.132 seconds
Script error: OnCollisionEnter
This message parameter has to be of type: Collision
The message will be ignored.
Refreshing native plugins compatible for Editor in 2.41 ms, found 3 plugins.
Script error: OnCollisionEnter
This message parameter has to be of type: Collision
The message will be ignored.
Native extension for WindowsStandalone target not found
Mono: successfully reloaded assembly
- Finished resetting the current domain, in  0.964 seconds
Domain Reload Profiling: 2094ms
	BeginReloadAssembly (333ms)
		ExecutionOrderSort (0ms)
		DisableScriptedObjects (11ms)
		BackupInstance (0ms)
		ReleaseScriptingObjects (0ms)
		CreateAndSetChildDomain (70ms)
	RebuildCommonClasses (58ms)
	RebuildNativeTypeToScriptingClass (21ms)
	initialDomainReloadingComplete (46ms)
	LoadAllAssembliesAndSetupDomain (672ms)
		LoadAssemblies (541ms)
		RebuildTransferFunctionScriptingTraits (0ms)
		AnalyzeDomain (316ms)
			TypeCache.Refresh (14ms)
				TypeCache.ScanAssembly (0ms)
			BuildScriptInfoCaches (286ms)
			ResolveRequiredComponents (9ms)
	FinalizeReload (965ms)
		ReleaseScriptCaches (0ms)
		RebuildScriptCaches (0ms)
		SetupLoadedEditorAssemblies (774ms)
			LogAssemblyErrors (0ms)
			InitializePlatformSupportModulesInManaged (5ms)
			SetLoadedEditorAssemblies (7ms)
			BeforeProcessingInitializeOnLoad (178ms)
			ProcessInitializeOnLoadAttributes (559ms)
			ProcessInitializeOnLoadMethodAttributes (21ms)
			AfterProcessingInitializeOnLoad (4ms)
			EditorAssembliesLoaded (0ms)
		ExecutionOrderSort2 (0ms)
		AwakeInstancesAfterBackupRestoration (5ms)
Refreshing native plugins compatible for Editor in 1.03 ms, found 3 plugins.
Preloading 0 native plugins for Editor in 0.00 ms.
Unloading 0 Unused Serialized files (Serialized files now loaded: 0)
Unloading 3668 unused Assets / (0.7 MB). Loaded Objects now: 4159.
Memory consumption went from 82.3 MB to 81.6 MB.
Total: 6.086500 ms (FindLiveObjects: 0.441600 ms CreateObjectMapping: 0.187700 ms MarkObjects: 4.530300 ms  DeleteObjects: 0.925500 ms)

Prepare: number of updated asset objects reloaded= 0
========================================================================
Received Prepare
Script error: OnCollisionEnter
This message parameter has to be of type: Collision
The message will be ignored.
Refreshing native plugins compatible for Editor in 2.13 ms, found 3 plugins.
Preloading 0 native plugins for Editor in 0.00 ms.
Unloading 0 Unused Serialized files (Serialized files now loaded: 0)
Unloading 3661 unused Assets / (0.9 MB). Loaded Objects now: 4159.
Memory consumption went from 82.5 MB to 81.6 MB.
Total: 11.329900 ms (FindLiveObjects: 0.897800 ms CreateObjectMapping: 0.540000 ms MarkObjects: 8.119000 ms  DeleteObjects: 1.770600 ms)

Prepare: number of updated asset objects reloaded= 0
========================================================================
Received Prepare
Begin MonoManager ReloadAssembly
- Loaded All Assemblies, in  1.153 seconds
Refreshing native plugins compatible for Editor in 1.83 ms, found 3 plugins.
Native extension for WindowsStandalone target not found
Mono: successfully reloaded assembly
- Finished resetting the current domain, in  1.000 seconds
Domain Reload Profiling: 2151ms
	BeginReloadAssembly (359ms)
		ExecutionOrderSort (0ms)
		DisableScriptedObjects (11ms)
		BackupInstance (0ms)
		ReleaseScriptingObjects (0ms)
		CreateAndSetChildDomain (78ms)
	RebuildCommonClasses (58ms)
	RebuildNativeTypeToScriptingClass (20ms)
	initialDomainReloadingComplete (42ms)
	LoadAllAssembliesAndSetupDomain (672ms)
		LoadAssemblies (586ms)
		RebuildTransferFunctionScriptingTraits (0ms)
		AnalyzeDomain (290ms)
			TypeCache.Refresh (11ms)
				TypeCache.ScanAssembly (0ms)
			BuildScriptInfoCaches (262ms)
			ResolveRequiredComponents (10ms)
	FinalizeReload (1000ms)
		ReleaseScriptCaches (0ms)
		RebuildScriptCaches (0ms)
		SetupLoadedEditorAssemblies (835ms)
			LogAssemblyErrors (0ms)
			InitializePlatformSupportModulesInManaged (3ms)
			SetLoadedEditorAssemblies (7ms)
			BeforeProcessingInitializeOnLoad (159ms)
			ProcessInitializeOnLoadAttributes (643ms)
			ProcessInitializeOnLoadMethodAttributes (19ms)
			AfterProcessingInitializeOnLoad (4ms)
			EditorAssembliesLoaded (0ms)
		ExecutionOrderSort2 (0ms)
		AwakeInstancesAfterBackupRestoration (5ms)
Refreshing native plugins compatible for Editor in 0.99 ms, found 3 plugins.
Preloading 0 native plugins for Editor in 0.00 ms.
Unloading 0 Unused Serialized files (Serialized files now loaded: 0)
Unloading 3668 unused Assets / (0.6 MB). Loaded Objects now: 4159.
Memory consumption went from 82.3 MB to 81.7 MB.
Total: 5.836700 ms (FindLiveObjects: 0.529700 ms CreateObjectMapping: 0.319400 ms MarkObjects: 4.085100 ms  DeleteObjects: 0.901100 ms)

Prepare: number of updated asset objects reloaded= 0
========================================================================
Received Prepare
Begin MonoManager ReloadAssembly
- Loaded All Assemblies, in  0.575 seconds
Refreshing native plugins compatible for Editor in 1.00 ms, found 3 plugins.
Native extension for WindowsStandalone target not found
Mono: successfully reloaded assembly
- Finished resetting the current domain, in  0.611 seconds
Domain Reload Profiling: 1187ms
	BeginReloadAssembly (184ms)
		ExecutionOrderSort (0ms)
		DisableScriptedObjects (5ms)
		BackupInstance (0ms)
		ReleaseScriptingObjects (0ms)
		CreateAndSetChildDomain (47ms)
	RebuildCommonClasses (31ms)
	RebuildNativeTypeToScriptingClass (10ms)
	initialDomainReloadingComplete (27ms)
	LoadAllAssembliesAndSetupDomain (322ms)
		LoadAssemblies (278ms)
		RebuildTransferFunctionScriptingTraits (0ms)
		AnalyzeDomain (139ms)
			TypeCache.Refresh (6ms)
				TypeCache.ScanAssembly (0ms)
			BuildScriptInfoCaches (127ms)
			ResolveRequiredComponents (4ms)
	FinalizeReload (612ms)
		ReleaseScriptCaches (0ms)
		RebuildScriptCaches (0ms)
		SetupLoadedEditorAssemblies (505ms)
			LogAssemblyErrors (0ms)
			InitializePlatformSupportModulesInManaged (2ms)
			SetLoadedEditorAssemblies (5ms)
			BeforeProcessingInitializeOnLoad (86ms)
			ProcessInitializeOnLoadAttributes (384ms)
			ProcessInitializeOnLoadMethodAttributes (23ms)
			AfterProcessingInitializeOnLoad (4ms)
			EditorAssembliesLoaded (0ms)
		ExecutionOrderSort2 (0ms)
		AwakeInstancesAfterBackupRestoration (6ms)
Refreshing native plugins compatible for Editor in 1.13 ms, found 3 plugins.
Preloading 0 native plugins for Editor in 0.00 ms.
Unloading 0 Unused Serialized files (Serialized files now loaded: 0)
Unloading 3668 unused Assets / (0.8 MB). Loaded Objects now: 4159.
Memory consumption went from 82.3 MB to 81.4 MB.
Total: 8.869400 ms (FindLiveObjects: 0.621300 ms CreateObjectMapping: 0.299800 ms MarkObjects: 6.472700 ms  DeleteObjects: 1.474400 ms)

Prepare: number of updated asset objects reloaded= 0
========================================================================
Received Prepare
Begin MonoManager ReloadAssembly
- Loaded All Assemblies, in  0.602 seconds
Refreshing native plugins compatible for Editor in 0.96 ms, found 3 plugins.
Native extension for WindowsStandalone target not found
Mono: successfully reloaded assembly
- Finished resetting the current domain, in  0.657 seconds
Domain Reload Profiling: 1260ms
	BeginReloadAssembly (187ms)
		ExecutionOrderSort (0ms)
		DisableScriptedObjects (5ms)
		BackupInstance (0ms)
		ReleaseScriptingObjects (0ms)
		CreateAndSetChildDomain (50ms)
	RebuildCommonClasses (32ms)
	RebuildNativeTypeToScriptingClass (10ms)
	initialDomainReloadingComplete (25ms)
	LoadAllAssembliesAndSetupDomain (349ms)
		LoadAssemblies (279ms)
		RebuildTransferFunctionScriptingTraits (0ms)
		AnalyzeDomain (156ms)
			TypeCache.Refresh (6ms)
				TypeCache.ScanAssembly (0ms)
			BuildScriptInfoCaches (143ms)
			ResolveRequiredComponents (4ms)
	FinalizeReload (657ms)
		ReleaseScriptCaches (0ms)
		RebuildScriptCaches (0ms)
		SetupLoadedEditorAssemblies (540ms)
			LogAssemblyErrors (0ms)
			InitializePlatformSupportModulesInManaged (3ms)
			SetLoadedEditorAssemblies (6ms)
			BeforeProcessingInitializeOnLoad (97ms)
			ProcessInitializeOnLoadAttributes (406ms)
			ProcessInitializeOnLoadMethodAttributes (23ms)
			AfterProcessingInitializeOnLoad (6ms)
			EditorAssembliesLoaded (0ms)
		ExecutionOrderSort2 (0ms)
		AwakeInstancesAfterBackupRestoration (6ms)
Refreshing native plugins compatible for Editor in 1.11 ms, found 3 plugins.
Preloading 0 native plugins for Editor in 0.00 ms.
Unloading 0 Unused Serialized files (Serialized files now loaded: 0)
Unloading 3668 unused Assets / (0.8 MB). Loaded Objects now: 4159.
Memory consumption went from 82.3 MB to 81.5 MB.
Total: 7.371300 ms (FindLiveObjects: 0.510300 ms CreateObjectMapping: 0.232900 ms MarkObjects: 5.514600 ms  DeleteObjects: 1.112100 ms)

Prepare: number of updated asset objects reloaded= 0
========================================================================
Received Prepare
Begin MonoManager ReloadAssembly
- Loaded All Assemblies, in  0.586 seconds
Refreshing native plugins compatible for Editor in 0.88 ms, found 3 plugins.
Native extension for WindowsStandalone target not found
Mono: successfully reloaded assembly
- Finished resetting the current domain, in  0.698 seconds
Domain Reload Profiling: 1284ms
	BeginReloadAssembly (183ms)
		ExecutionOrderSort (0ms)
		DisableScriptedObjects (5ms)
		BackupInstance (0ms)
		ReleaseScriptingObjects (0ms)
		CreateAndSetChildDomain (51ms)
	RebuildCommonClasses (32ms)
	RebuildNativeTypeToScriptingClass (10ms)
	initialDomainReloadingComplete (25ms)
	LoadAllAssembliesAndSetupDomain (336ms)
		LoadAssemblies (286ms)
		RebuildTransferFunctionScriptingTraits (0ms)
		AnalyzeDomain (140ms)
			TypeCache.Refresh (6ms)
				TypeCache.ScanAssembly (0ms)
			BuildScriptInfoCaches (126ms)
			ResolveRequiredComponents (5ms)
	FinalizeReload (698ms)
		ReleaseScriptCaches (0ms)
		RebuildScriptCaches (0ms)
		SetupLoadedEditorAssemblies (568ms)
			LogAssemblyErrors (0ms)
			InitializePlatformSupportModulesInManaged (3ms)
			SetLoadedEditorAssemblies (6ms)
			BeforeProcessingInitializeOnLoad (101ms)
			ProcessInitializeOnLoadAttributes (426ms)
			ProcessInitializeOnLoadMethodAttributes (26ms)
			AfterProcessingInitializeOnLoad (6ms)
			EditorAssembliesLoaded (0ms)
		ExecutionOrderSort2 (0ms)
		AwakeInstancesAfterBackupRestoration (7ms)
Refreshing native plugins compatible for Editor in 1.46 ms, found 3 plugins.
Preloading 0 native plugins for Editor in 0.00 ms.
Unloading 0 Unused Serialized files (Serialized files now loaded: 0)
Unloading 3668 unused Assets / (0.7 MB). Loaded Objects now: 4159.
Memory consumption went from 82.3 MB to 81.6 MB.
Total: 8.263300 ms (FindLiveObjects: 0.687800 ms CreateObjectMapping: 0.703300 ms MarkObjects: 5.568200 ms  DeleteObjects: 1.302300 ms)

Prepare: number of updated asset objects reloaded= 0
========================================================================
Received Prepare
Begin MonoManager ReloadAssembly
- Loaded All Assemblies, in  0.577 seconds
Refreshing native plugins compatible for Editor in 0.97 ms, found 3 plugins.
Native extension for WindowsStandalone target not found
Mono: successfully reloaded assembly
- Finished resetting the current domain, in  0.685 seconds
Domain Reload Profiling: 1263ms
	BeginReloadAssembly (181ms)
		ExecutionOrderSort (0ms)
		DisableScriptedObjects (5ms)
		BackupInstance (0ms)
		ReleaseScriptingObjects (0ms)
		CreateAndSetChildDomain (50ms)
	RebuildCommonClasses (30ms)
	RebuildNativeTypeToScriptingClass (10ms)
	initialDomainReloadingComplete (24ms)
	LoadAllAssembliesAndSetupDomain (332ms)
		LoadAssemblies (276ms)
		RebuildTransferFunctionScriptingTraits (0ms)
		AnalyzeDomain (145ms)
			TypeCache.Refresh (6ms)
				TypeCache.ScanAssembly (0ms)
			BuildScriptInfoCaches (131ms)
			ResolveRequiredComponents (5ms)
	FinalizeReload (686ms)
		ReleaseScriptCaches (0ms)
		RebuildScriptCaches (0ms)
		SetupLoadedEditorAssemblies (552ms)
			LogAssemblyErrors (0ms)
			InitializePlatformSupportModulesInManaged (3ms)
			SetLoadedEditorAssemblies (6ms)
			BeforeProcessingInitializeOnLoad (97ms)
			ProcessInitializeOnLoadAttributes (414ms)
			ProcessInitializeOnLoadMethodAttributes (25ms)
			AfterProcessingInitializeOnLoad (7ms)
			EditorAssembliesLoaded (0ms)
		ExecutionOrderSort2 (0ms)
		AwakeInstancesAfterBackupRestoration (6ms)
Refreshing native plugins compatible for Editor in 1.32 ms, found 3 plugins.
Preloading 0 native plugins for Editor in 0.00 ms.
Unloading 0 Unused Serialized files (Serialized files now loaded: 0)
Unloading 3668 unused Assets / (0.8 MB). Loaded Objects now: 4159.
Memory consumption went from 82.3 MB to 81.5 MB.
Total: 10.786300 ms (FindLiveObjects: 1.084200 ms CreateObjectMapping: 1.152000 ms MarkObjects: 6.648500 ms  DeleteObjects: 1.899800 ms)

Prepare: number of updated asset objects reloaded= 0
========================================================================
Received Prepare
Begin MonoManager ReloadAssembly
- Loaded All Assemblies, in  0.669 seconds
Refreshing native plugins compatible for Editor in 0.99 ms, found 3 plugins.
Native extension for WindowsStandalone target not found
Mono: successfully reloaded assembly
- Finished resetting the current domain, in  0.697 seconds
Domain Reload Profiling: 1367ms
	BeginReloadAssembly (194ms)
		ExecutionOrderSort (0ms)
		DisableScriptedObjects (6ms)
		BackupInstance (0ms)
		ReleaseScriptingObjects (0ms)
		CreateAndSetChildDomain (52ms)
	RebuildCommonClasses (38ms)
	RebuildNativeTypeToScriptingClass (11ms)
	initialDomainReloadingComplete (26ms)
	LoadAllAssembliesAndSetupDomain (401ms)
		LoadAssemblies (349ms)
		RebuildTransferFunctionScriptingTraits (0ms)
		AnalyzeDomain (150ms)
			TypeCache.Refresh (6ms)
				TypeCache.ScanAssembly (0ms)
			BuildScriptInfoCaches (136ms)
			ResolveRequiredComponents (5ms)
	FinalizeReload (698ms)
		ReleaseScriptCaches (0ms)
		RebuildScriptCaches (0ms)
		SetupLoadedEditorAssemblies (561ms)
			LogAssemblyErrors (0ms)
			InitializePlatformSupportModulesInManaged (3ms)
			SetLoadedEditorAssemblies (6ms)
			BeforeProcessingInitializeOnLoad (105ms)
			ProcessInitializeOnLoadAttributes (417ms)
			ProcessInitializeOnLoadMethodAttributes (25ms)
			AfterProcessingInitializeOnLoad (5ms)
			EditorAssembliesLoaded (0ms)
		ExecutionOrderSort2 (0ms)
		AwakeInstancesAfterBackupRestoration (6ms)
Refreshing native plugins compatible for Editor in 1.43 ms, found 3 plugins.
Preloading 0 native plugins for Editor in 0.00 ms.
Unloading 0 Unused Serialized files (Serialized files now loaded: 0)
Unloading 3668 unused Assets / (0.9 MB). Loaded Objects now: 4159.
Memory consumption went from 82.3 MB to 81.4 MB.
Total: 9.381100 ms (FindLiveObjects: 0.825500 ms CreateObjectMapping: 0.802200 ms MarkObjects: 6.214000 ms  DeleteObjects: 1.537600 ms)

Prepare: number of updated asset objects reloaded= 0
========================================================================
Received Prepare
Begin MonoManager ReloadAssembly
- Loaded All Assemblies, in  0.592 seconds
Refreshing native plugins compatible for Editor in 0.91 ms, found 3 plugins.
Native extension for WindowsStandalone target not found
Mono: successfully reloaded assembly
- Finished resetting the current domain, in  0.631 seconds
Domain Reload Profiling: 1223ms
	BeginReloadAssembly (189ms)
		ExecutionOrderSort (0ms)
		DisableScriptedObjects (5ms)
		BackupInstance (0ms)
		ReleaseScriptingObjects (0ms)
		CreateAndSetChildDomain (54ms)
	RebuildCommonClasses (33ms)
	RebuildNativeTypeToScriptingClass (10ms)
	initialDomainReloadingComplete (25ms)
	LoadAllAssembliesAndSetupDomain (334ms)
		LoadAssemblies (276ms)
		RebuildTransferFunctionScriptingTraits (0ms)
		AnalyzeDomain (148ms)
			TypeCache.Refresh (7ms)
				TypeCache.ScanAssembly (0ms)
			BuildScriptInfoCaches (134ms)
			ResolveRequiredComponents (4ms)
	FinalizeReload (632ms)
		ReleaseScriptCaches (0ms)
		RebuildScriptCaches (0ms)
		SetupLoadedEditorAssemblies (506ms)
			LogAssemblyErrors (0ms)
			InitializePlatformSupportModulesInManaged (2ms)
			SetLoadedEditorAssemblies (5ms)
			BeforeProcessingInitializeOnLoad (87ms)
			ProcessInitializeOnLoadAttributes (376ms)
			ProcessInitializeOnLoadMethodAttributes (29ms)
			AfterProcessingInitializeOnLoad (7ms)
			EditorAssembliesLoaded (0ms)
		ExecutionOrderSort2 (0ms)
		AwakeInstancesAfterBackupRestoration (6ms)
Refreshing native plugins compatible for Editor in 1.47 ms, found 3 plugins.
Preloading 0 native plugins for Editor in 0.00 ms.
Unloading 0 Unused Serialized files (Serialized files now loaded: 0)
Unloading 3668 unused Assets / (1.0 MB). Loaded Objects now: 4159.
Memory consumption went from 82.3 MB to 81.2 MB.
Total: 9.190200 ms (FindLiveObjects: 0.482800 ms CreateObjectMapping: 0.711500 ms MarkObjects: 6.026700 ms  DeleteObjects: 1.967300 ms)

Prepare: number of updated asset objects reloaded= 0
========================================================================
Received Prepare
Refreshing native plugins compatible for Editor in 1.87 ms, found 3 plugins.
Preloading 0 native plugins for Editor in 0.00 ms.
Unloading 0 Unused Serialized files (Serialized files now loaded: 0)
Unloading 3661 unused Assets / (0.9 MB). Loaded Objects now: 4159.
Memory consumption went from 82.5 MB to 81.6 MB.
Total: 13.282600 ms (FindLiveObjects: 0.891900 ms CreateObjectMapping: 0.492900 ms MarkObjects: 10.184900 ms  DeleteObjects: 1.710500 ms)

Prepare: number of updated asset objects reloaded= 0
========================================================================
Received Prepare
Begin MonoManager ReloadAssembly
- Loaded All Assemblies, in  1.122 seconds
Refreshing native plugins compatible for Editor in 3.12 ms, found 3 plugins.
Native extension for WindowsStandalone target not found
Mono: successfully reloaded assembly
- Finished resetting the current domain, in  0.965 seconds
Domain Reload Profiling: 2085ms
	BeginReloadAssembly (320ms)
		ExecutionOrderSort (0ms)
		DisableScriptedObjects (10ms)
		BackupInstance (0ms)
		ReleaseScriptingObjects (0ms)
		CreateAndSetChildDomain (73ms)
	RebuildCommonClasses (68ms)
	RebuildNativeTypeToScriptingClass (31ms)
	initialDomainReloadingComplete (57ms)
	LoadAllAssembliesAndSetupDomain (643ms)
		LoadAssemblies (505ms)
		RebuildTransferFunctionScriptingTraits (0ms)
		AnalyzeDomain (310ms)
			TypeCache.Refresh (10ms)
				TypeCache.ScanAssembly (0ms)
			BuildScriptInfoCaches (288ms)
			ResolveRequiredComponents (7ms)
	FinalizeReload (966ms)
		ReleaseScriptCaches (0ms)
		RebuildScriptCaches (0ms)
		SetupLoadedEditorAssemblies (783ms)
			LogAssemblyErrors (0ms)
			InitializePlatformSupportModulesInManaged (3ms)
			SetLoadedEditorAssemblies (7ms)
			BeforeProcessingInitializeOnLoad (168ms)
			ProcessInitializeOnLoadAttributes (578ms)
			ProcessInitializeOnLoadMethodAttributes (20ms)
			AfterProcessingInitializeOnLoad (5ms)
			EditorAssembliesLoaded (0ms)
		ExecutionOrderSort2 (0ms)
		AwakeInstancesAfterBackupRestoration (5ms)
Refreshing native plugins compatible for Editor in 1.35 ms, found 3 plugins.
Preloading 0 native plugins for Editor in 0.00 ms.
Unloading 0 Unused Serialized files (Serialized files now loaded: 0)
Unloading 3668 unused Assets / (0.8 MB). Loaded Objects now: 4159.
Memory consumption went from 82.3 MB to 81.5 MB.
Total: 6.703500 ms (FindLiveObjects: 0.766900 ms CreateObjectMapping: 0.344200 ms MarkObjects: 4.701300 ms  DeleteObjects: 0.889700 ms)

Prepare: number of updated asset objects reloaded= 0
========================================================================
Received Prepare
Begin MonoManager ReloadAssembly
- Loaded All Assemblies, in  0.573 seconds
Refreshing native plugins compatible for Editor in 0.91 ms, found 3 plugins.
Native extension for WindowsStandalone target not found
Mono: successfully reloaded assembly
- Finished resetting the current domain, in  0.605 seconds
Domain Reload Profiling: 1179ms
	BeginReloadAssembly (181ms)
		ExecutionOrderSort (0ms)
		DisableScriptedObjects (5ms)
		BackupInstance (0ms)
		ReleaseScriptingObjects (0ms)
		CreateAndSetChildDomain (48ms)
	RebuildCommonClasses (33ms)
	RebuildNativeTypeToScriptingClass (11ms)
	initialDomainReloadingComplete (25ms)
	LoadAllAssembliesAndSetupDomain (323ms)
		LoadAssemblies (269ms)
		RebuildTransferFunctionScriptingTraits (0ms)
		AnalyzeDomain (145ms)
			TypeCache.Refresh (6ms)
				TypeCache.ScanAssembly (0ms)
			BuildScriptInfoCaches (132ms)
			ResolveRequiredComponents (4ms)
	FinalizeReload (606ms)
		ReleaseScriptCaches (0ms)
		RebuildScriptCaches (0ms)
		SetupLoadedEditorAssemblies (495ms)
			LogAssemblyErrors (0ms)
			InitializePlatformSupportModulesInManaged (2ms)
			SetLoadedEditorAssemblies (5ms)
			BeforeProcessingInitializeOnLoad (82ms)
			ProcessInitializeOnLoadAttributes (372ms)
			ProcessInitializeOnLoadMethodAttributes (27ms)
			AfterProcessingInitializeOnLoad (7ms)
			EditorAssembliesLoaded (0ms)
		ExecutionOrderSort2 (0ms)
		AwakeInstancesAfterBackupRestoration (7ms)
Refreshing native plugins compatible for Editor in 1.32 ms, found 3 plugins.
Preloading 0 native plugins for Editor in 0.00 ms.
Unloading 0 Unused Serialized files (Serialized files now loaded: 0)
Unloading 3668 unused Assets / (0.9 MB). Loaded Objects now: 4159.
Memory consumption went from 82.3 MB to 81.4 MB.
Total: 8.592300 ms (FindLiveObjects: 0.598600 ms CreateObjectMapping: 0.358600 ms MarkObjects: 6.139800 ms  DeleteObjects: 1.493500 ms)

Prepare: number of updated asset objects reloaded= 0
========================================================================
Received Prepare
Begin MonoManager ReloadAssembly
- Loaded All Assemblies, in  0.590 seconds
Refreshing native plugins compatible for Editor in 1.34 ms, found 3 plugins.
Native extension for WindowsStandalone target not found
Mono: successfully reloaded assembly
- Finished resetting the current domain, in  0.634 seconds
Domain Reload Profiling: 1225ms
	BeginReloadAssembly (193ms)
		ExecutionOrderSort (0ms)
		DisableScriptedObjects (5ms)
		BackupInstance (0ms)
		ReleaseScriptingObjects (0ms)
		CreateAndSetChildDomain (49ms)
	RebuildCommonClasses (33ms)
	RebuildNativeTypeToScriptingClass (11ms)
	initialDomainReloadingComplete (23ms)
	LoadAllAssembliesAndSetupDomain (331ms)
		LoadAssemblies (279ms)
		RebuildTransferFunctionScriptingTraits (0ms)
		AnalyzeDomain (152ms)
			TypeCache.Refresh (6ms)
				TypeCache.ScanAssembly (0ms)
			BuildScriptInfoCaches (136ms)
			ResolveRequiredComponents (5ms)
	FinalizeReload (634ms)
		ReleaseScriptCaches (0ms)
		RebuildScriptCaches (0ms)
		SetupLoadedEditorAssemblies (519ms)
			LogAssemblyErrors (0ms)
			InitializePlatformSupportModulesInManaged (2ms)
			SetLoadedEditorAssemblies (6ms)
			BeforeProcessingInitializeOnLoad (93ms)
			ProcessInitializeOnLoadAttributes (385ms)
			ProcessInitializeOnLoadMethodAttributes (25ms)
			AfterProcessingInitializeOnLoad (7ms)
			EditorAssembliesLoaded (0ms)
		ExecutionOrderSort2 (0ms)
		AwakeInstancesAfterBackupRestoration (7ms)
Refreshing native plugins compatible for Editor in 1.22 ms, found 3 plugins.
Preloading 0 native plugins for Editor in 0.00 ms.
Unloading 0 Unused Serialized files (Serialized files now loaded: 0)
Unloading 3668 unused Assets / (0.9 MB). Loaded Objects now: 4159.
Memory consumption went from 82.3 MB to 81.4 MB.
Total: 7.450000 ms (FindLiveObjects: 0.509300 ms CreateObjectMapping: 0.363700 ms MarkObjects: 5.281900 ms  DeleteObjects: 1.293600 ms)

Prepare: number of updated asset objects reloaded= 0
========================================================================
Received Prepare
Begin MonoManager ReloadAssembly
- Loaded All Assemblies, in  0.573 seconds
Refreshing native plugins compatible for Editor in 1.10 ms, found 3 plugins.
Native extension for WindowsStandalone target not found
Mono: successfully reloaded assembly
- Finished resetting the current domain, in  0.649 seconds
Domain Reload Profiling: 1221ms
	BeginReloadAssembly (181ms)
		ExecutionOrderSort (0ms)
		DisableScriptedObjects (5ms)
		BackupInstance (0ms)
		ReleaseScriptingObjects (0ms)
		CreateAndSetChildDomain (50ms)
	RebuildCommonClasses (33ms)
	RebuildNativeTypeToScriptingClass (13ms)
	initialDomainReloadingComplete (24ms)
	LoadAllAssembliesAndSetupDomain (321ms)
		LoadAssemblies (272ms)
		RebuildTransferFunctionScriptingTraits (0ms)
		AnalyzeDomain (138ms)
			TypeCache.Refresh (6ms)
				TypeCache.ScanAssembly (0ms)
			BuildScriptInfoCaches (124ms)
			ResolveRequiredComponents (4ms)
	FinalizeReload (649ms)
		ReleaseScriptCaches (0ms)
		RebuildScriptCaches (0ms)
		SetupLoadedEditorAssemblies (531ms)
			LogAssemblyErrors (0ms)
			InitializePlatformSupportModulesInManaged (3ms)
			SetLoadedEditorAssemblies (4ms)
			BeforeProcessingInitializeOnLoad (90ms)
			ProcessInitializeOnLoadAttributes (399ms)
			ProcessInitializeOnLoadMethodAttributes (29ms)
			AfterProcessingInitializeOnLoad (6ms)
			EditorAssembliesLoaded (0ms)
		ExecutionOrderSort2 (0ms)
		AwakeInstancesAfterBackupRestoration (6ms)
Refreshing native plugins compatible for Editor in 1.30 ms, found 3 plugins.
Preloading 0 native plugins for Editor in 0.00 ms.
Unloading 0 Unused Serialized files (Serialized files now loaded: 0)
Unloading 3668 unused Assets / (0.9 MB). Loaded Objects now: 4159.
Memory consumption went from 82.3 MB to 81.4 MB.
Total: 8.029900 ms (FindLiveObjects: 0.572200 ms CreateObjectMapping: 0.265100 ms MarkObjects: 5.750100 ms  DeleteObjects: 1.440900 ms)

Prepare: number of updated asset objects reloaded= 0
========================================================================
Received Prepare
Refreshing native plugins compatible for Editor in 2.18 ms, found 3 plugins.
Preloading 0 native plugins for Editor in 0.00 ms.
Unloading 0 Unused Serialized files (Serialized files now loaded: 0)
Unloading 3661 unused Assets / (1.3 MB). Loaded Objects now: 4159.
Memory consumption went from 82.5 MB to 81.2 MB.
Total: 9.565000 ms (FindLiveObjects: 0.620700 ms CreateObjectMapping: 0.575600 ms MarkObjects: 6.398000 ms  DeleteObjects: 1.968900 ms)

Prepare: number of updated asset objects reloaded= 0
========================================================================
Received Prepare
Begin MonoManager ReloadAssembly
- Loaded All Assemblies, in  1.181 seconds
Refreshing native plugins compatible for Editor in 2.14 ms, found 3 plugins.
Native extension for WindowsStandalone target not found
Mono: successfully reloaded assembly
- Finished resetting the current domain, in  0.963 seconds
Domain Reload Profiling: 2141ms
	BeginReloadAssembly (368ms)
		ExecutionOrderSort (0ms)
		DisableScriptedObjects (8ms)
		BackupInstance (0ms)
		ReleaseScriptingObjects (0ms)
		CreateAndSetChildDomain (98ms)
	RebuildCommonClasses (74ms)
	RebuildNativeTypeToScriptingClass (31ms)
	initialDomainReloadingComplete (50ms)
	LoadAllAssembliesAndSetupDomain (654ms)
		LoadAssemblies (546ms)
		RebuildTransferFunctionScriptingTraits (0ms)
		AnalyzeDomain (300ms)
			TypeCache.Refresh (14ms)
				TypeCache.ScanAssembly (0ms)
			BuildScriptInfoCaches (275ms)
			ResolveRequiredComponents (6ms)
	FinalizeReload (963ms)
		ReleaseScriptCaches (0ms)
		RebuildScriptCaches (0ms)
		SetupLoadedEditorAssemblies (762ms)
			LogAssemblyErrors (0ms)
			InitializePlatformSupportModulesInManaged (5ms)
			SetLoadedEditorAssemblies (9ms)
			BeforeProcessingInitializeOnLoad (187ms)
			ProcessInitializeOnLoadAttributes (536ms)
			ProcessInitializeOnLoadMethodAttributes (21ms)
			AfterProcessingInitializeOnLoad (5ms)
			EditorAssembliesLoaded (0ms)
		ExecutionOrderSort2 (0ms)
		AwakeInstancesAfterBackupRestoration (5ms)
Refreshing native plugins compatible for Editor in 1.43 ms, found 3 plugins.
Preloading 0 native plugins for Editor in 0.00 ms.
Unloading 0 Unused Serialized files (Serialized files now loaded: 0)
Unloading 3668 unused Assets / (0.8 MB). Loaded Objects now: 4159.
Memory consumption went from 82.3 MB to 81.4 MB.
Total: 7.761400 ms (FindLiveObjects: 0.469700 ms CreateObjectMapping: 0.598200 ms MarkObjects: 5.384900 ms  DeleteObjects: 1.306700 ms)

Prepare: number of updated asset objects reloaded= 0
========================================================================
Received Prepare
Begin MonoManager ReloadAssembly
- Loaded All Assemblies, in  0.572 seconds
Refreshing native plugins compatible for Editor in 1.19 ms, found 3 plugins.
Native extension for WindowsStandalone target not found
Mono: successfully reloaded assembly
- Finished resetting the current domain, in  0.647 seconds
Domain Reload Profiling: 1220ms
	BeginReloadAssembly (179ms)
		ExecutionOrderSort (0ms)
		DisableScriptedObjects (5ms)
		BackupInstance (0ms)
		ReleaseScriptingObjects (0ms)
		CreateAndSetChildDomain (47ms)
	RebuildCommonClasses (31ms)
	RebuildNativeTypeToScriptingClass (12ms)
	initialDomainReloadingComplete (25ms)
	LoadAllAssembliesAndSetupDomain (326ms)
		LoadAssemblies (274ms)
		RebuildTransferFunctionScriptingTraits (0ms)
		AnalyzeDomain (140ms)
			TypeCache.Refresh (6ms)
				TypeCache.ScanAssembly (0ms)
			BuildScriptInfoCaches (126ms)
			ResolveRequiredComponents (5ms)
	FinalizeReload (648ms)
		ReleaseScriptCaches (0ms)
		RebuildScriptCaches (0ms)
		SetupLoadedEditorAssemblies (520ms)
			LogAssemblyErrors (0ms)
			InitializePlatformSupportModulesInManaged (2ms)
			SetLoadedEditorAssemblies (5ms)
			BeforeProcessingInitializeOnLoad (92ms)
			ProcessInitializeOnLoadAttributes (391ms)
			ProcessInitializeOnLoadMethodAttributes (24ms)
			AfterProcessingInitializeOnLoad (5ms)
			EditorAssembliesLoaded (0ms)
		ExecutionOrderSort2 (0ms)
		AwakeInstancesAfterBackupRestoration (7ms)
Refreshing native plugins compatible for Editor in 1.30 ms, found 3 plugins.
Preloading 0 native plugins for Editor in 0.00 ms.
Unloading 0 Unused Serialized files (Serialized files now loaded: 0)
Unloading 3668 unused Assets / (0.8 MB). Loaded Objects now: 4159.
Memory consumption went from 82.3 MB to 81.5 MB.
Total: 8.235800 ms (FindLiveObjects: 0.677600 ms CreateObjectMapping: 0.434700 ms MarkObjects: 5.907500 ms  DeleteObjects: 1.214200 ms)

Prepare: number of updated asset objects reloaded= 0
========================================================================
Received Prepare
Begin MonoManager ReloadAssembly
- Loaded All Assemblies, in  0.579 seconds
Refreshing native plugins compatible for Editor in 0.98 ms, found 3 plugins.
Native extension for WindowsStandalone target not found
Mono: successfully reloaded assembly
- Finished resetting the current domain, in  0.677 seconds
Domain Reload Profiling: 1257ms
	BeginReloadAssembly (180ms)
		ExecutionOrderSort (0ms)
		DisableScriptedObjects (5ms)
		BackupInstance (0ms)
		ReleaseScriptingObjects (0ms)
		CreateAndSetChildDomain (46ms)
	RebuildCommonClasses (34ms)
	RebuildNativeTypeToScriptingClass (11ms)
	initialDomainReloadingComplete (24ms)
	LoadAllAssembliesAndSetupDomain (330ms)
		LoadAssemblies (279ms)
		RebuildTransferFunctionScriptingTraits (0ms)
		AnalyzeDomain (142ms)
			TypeCache.Refresh (6ms)
				TypeCache.ScanAssembly (0ms)
			BuildScriptInfoCaches (128ms)
			ResolveRequiredComponents (4ms)
	FinalizeReload (678ms)
		ReleaseScriptCaches (0ms)
		RebuildScriptCaches (0ms)
		SetupLoadedEditorAssemblies (562ms)
			LogAssemblyErrors (0ms)
			InitializePlatformSupportModulesInManaged (2ms)
			SetLoadedEditorAssemblies (5ms)
			BeforeProcessingInitializeOnLoad (88ms)
			ProcessInitializeOnLoadAttributes (430ms)
			ProcessInitializeOnLoadMethodAttributes (30ms)
			AfterProcessingInitializeOnLoad (7ms)
			EditorAssembliesLoaded (0ms)
		ExecutionOrderSort2 (0ms)
		AwakeInstancesAfterBackupRestoration (7ms)
Refreshing native plugins compatible for Editor in 1.40 ms, found 3 plugins.
Preloading 0 native plugins for Editor in 0.00 ms.
Unloading 0 Unused Serialized files (Serialized files now loaded: 0)
Unloading 3668 unused Assets / (1.1 MB). Loaded Objects now: 4159.
Memory consumption went from 82.3 MB to 81.2 MB.
Total: 9.351900 ms (FindLiveObjects: 0.767300 ms CreateObjectMapping: 0.863200 ms MarkObjects: 5.925700 ms  DeleteObjects: 1.794000 ms)

Prepare: number of updated asset objects reloaded= 0
========================================================================
Received Prepare
Begin MonoManager ReloadAssembly
- Loaded All Assemblies, in  0.606 seconds
Refreshing native plugins compatible for Editor in 0.96 ms, found 3 plugins.
Native extension for WindowsStandalone target not found
Mono: successfully reloaded assembly
- Finished resetting the current domain, in  0.665 seconds
Domain Reload Profiling: 1272ms
	BeginReloadAssembly (184ms)
		ExecutionOrderSort (0ms)
		DisableScriptedObjects (5ms)
		BackupInstance (0ms)
		ReleaseScriptingObjects (0ms)
		CreateAndSetChildDomain (49ms)
	RebuildCommonClasses (33ms)
	RebuildNativeTypeToScriptingClass (12ms)
	initialDomainReloadingComplete (29ms)
	LoadAllAssembliesAndSetupDomain (348ms)
		LoadAssemblies (286ms)
		RebuildTransferFunctionScriptingTraits (0ms)
		AnalyzeDomain (156ms)
			TypeCache.Refresh (6ms)
				TypeCache.ScanAssembly (0ms)
			BuildScriptInfoCaches (143ms)
			ResolveRequiredComponents (4ms)
	FinalizeReload (665ms)
		ReleaseScriptCaches (0ms)
		RebuildScriptCaches (0ms)
		SetupLoadedEditorAssemblies (550ms)
			LogAssemblyErrors (0ms)
			InitializePlatformSupportModulesInManaged (2ms)
			SetLoadedEditorAssemblies (5ms)
			BeforeProcessingInitializeOnLoad (94ms)
			ProcessInitializeOnLoadAttributes (416ms)
			ProcessInitializeOnLoadMethodAttributes (28ms)
			AfterProcessingInitializeOnLoad (6ms)
			EditorAssembliesLoaded (0ms)
		ExecutionOrderSort2 (0ms)
		AwakeInstancesAfterBackupRestoration (7ms)
Refreshing native plugins compatible for Editor in 1.36 ms, found 3 plugins.
Preloading 0 native plugins for Editor in 0.00 ms.
Unloading 0 Unused Serialized files (Serialized files now loaded: 0)
Unloading 3668 unused Assets / (0.9 MB). Loaded Objects now: 4159.
Memory consumption went from 82.3 MB to 81.4 MB.
Total: 8.411800 ms (FindLiveObjects: 0.751200 ms CreateObjectMapping: 0.624200 ms MarkObjects: 5.782400 ms  DeleteObjects: 1.252300 ms)

Prepare: number of updated asset objects reloaded= 0
========================================================================
Received Prepare
Refreshing native plugins compatible for Editor in 2.09 ms, found 3 plugins.
Preloading 0 native plugins for Editor in 0.00 ms.
Unloading 0 Unused Serialized files (Serialized files now loaded: 0)
Unloading 3661 unused Assets / (1.1 MB). Loaded Objects now: 4159.
Memory consumption went from 82.5 MB to 81.4 MB.
Total: 10.468500 ms (FindLiveObjects: 0.641300 ms CreateObjectMapping: 0.610600 ms MarkObjects: 7.338000 ms  DeleteObjects: 1.876800 ms)

Prepare: number of updated asset objects reloaded= 0
========================================================================
Received Prepare
Begin MonoManager ReloadAssembly
- Loaded All Assemblies, in  1.194 seconds
Refreshing native plugins compatible for Editor in 1.98 ms, found 3 plugins.
Native extension for WindowsStandalone target not found
Mono: successfully reloaded assembly
- Finished resetting the current domain, in  1.158 seconds
Domain Reload Profiling: 2350ms
	BeginReloadAssembly (325ms)
		ExecutionOrderSort (0ms)
		DisableScriptedObjects (13ms)
		BackupInstance (0ms)
		ReleaseScriptingObjects (0ms)
		CreateAndSetChildDomain (70ms)
	RebuildCommonClasses (77ms)
	RebuildNativeTypeToScriptingClass (21ms)
	initialDomainReloadingComplete (52ms)
	LoadAllAssembliesAndSetupDomain (716ms)
		LoadAssemblies (547ms)
		RebuildTransferFunctionScriptingTraits (0ms)
		AnalyzeDomain (345ms)
			TypeCache.Refresh (15ms)
				TypeCache.ScanAssembly (0ms)
			BuildScriptInfoCaches (319ms)
			ResolveRequiredComponents (6ms)
	FinalizeReload (1158ms)
		ReleaseScriptCaches (0ms)
		RebuildScriptCaches (0ms)
		SetupLoadedEditorAssemblies (957ms)
			LogAssemblyErrors (0ms)
			InitializePlatformSupportModulesInManaged (3ms)
			SetLoadedEditorAssemblies (8ms)
			BeforeProcessingInitializeOnLoad (179ms)
			ProcessInitializeOnLoadAttributes (706ms)
			ProcessInitializeOnLoadMethodAttributes (48ms)
			AfterProcessingInitializeOnLoad (12ms)
			EditorAssembliesLoaded (0ms)
		ExecutionOrderSort2 (0ms)
		AwakeInstancesAfterBackupRestoration (12ms)
Refreshing native plugins compatible for Editor in 2.47 ms, found 3 plugins.
Preloading 0 native plugins for Editor in 0.00 ms.
Unloading 0 Unused Serialized files (Serialized files now loaded: 0)
Unloading 3668 unused Assets / (1.3 MB). Loaded Objects now: 4159.
Memory consumption went from 82.3 MB to 81.0 MB.
Total: 11.313000 ms (FindLiveObjects: 0.500000 ms CreateObjectMapping: 0.298300 ms MarkObjects: 8.431900 ms  DeleteObjects: 2.081300 ms)

Prepare: number of updated asset objects reloaded= 0
========================================================================
Received Prepare
Refreshing native plugins compatible for Editor in 1.99 ms, found 3 plugins.
Preloading 0 native plugins for Editor in 0.00 ms.
Unloading 0 Unused Serialized files (Serialized files now loaded: 0)
Unloading 3661 unused Assets / (1.3 MB). Loaded Objects now: 4159.
Memory consumption went from 82.5 MB to 81.2 MB.
Total: 10.515400 ms (FindLiveObjects: 0.492700 ms CreateObjectMapping: 0.306600 ms MarkObjects: 7.760600 ms  DeleteObjects: 1.953600 ms)

Prepare: number of updated asset objects reloaded= 0
========================================================================
Received Prepare
Begin MonoManager ReloadAssembly
- Loaded All Assemblies, in  1.210 seconds
Refreshing native plugins compatible for Editor in 1.23 ms, found 3 plugins.
Native extension for WindowsStandalone target not found
Mono: successfully reloaded assembly
- Finished resetting the current domain, in  0.998 seconds
Domain Reload Profiling: 2202ms
	BeginReloadAssembly (339ms)
		ExecutionOrderSort (0ms)
		DisableScriptedObjects (9ms)
		BackupInstance (0ms)
		ReleaseScriptingObjects (0ms)
		CreateAndSetChildDomain (67ms)
	RebuildCommonClasses (84ms)
	RebuildNativeTypeToScriptingClass (31ms)
	initialDomainReloadingComplete (59ms)
	LoadAllAssembliesAndSetupDomain (691ms)
		LoadAssemblies (553ms)
		RebuildTransferFunctionScriptingTraits (0ms)
		AnalyzeDomain (330ms)
			TypeCache.Refresh (14ms)
				TypeCache.ScanAssembly (0ms)
			BuildScriptInfoCaches (302ms)
			ResolveRequiredComponents (9ms)
	FinalizeReload (999ms)
		ReleaseScriptCaches (0ms)
		RebuildScriptCaches (0ms)
		SetupLoadedEditorAssemblies (797ms)
			LogAssemblyErrors (0ms)
			InitializePlatformSupportModulesInManaged (5ms)
			SetLoadedEditorAssemblies (8ms)
			BeforeProcessingInitializeOnLoad (179ms)
			ProcessInitializeOnLoadAttributes (578ms)
			ProcessInitializeOnLoadMethodAttributes (22ms)
			AfterProcessingInitializeOnLoad (4ms)
			EditorAssembliesLoaded (0ms)
		ExecutionOrderSort2 (0ms)
		AwakeInstancesAfterBackupRestoration (5ms)
Refreshing native plugins compatible for Editor in 1.06 ms, found 3 plugins.
Preloading 0 native plugins for Editor in 0.00 ms.
Unloading 0 Unused Serialized files (Serialized files now loaded: 0)
Unloading 3668 unused Assets / (0.8 MB). Loaded Objects now: 4159.
Memory consumption went from 82.3 MB to 81.5 MB.
Total: 6.204000 ms (FindLiveObjects: 0.438400 ms CreateObjectMapping: 0.532300 ms MarkObjects: 4.219500 ms  DeleteObjects: 1.012600 ms)

Prepare: number of updated asset objects reloaded= 0
========================================================================
Received Prepare
Begin MonoManager ReloadAssembly
- Loaded All Assemblies, in  0.573 seconds
Refreshing native plugins compatible for Editor in 0.96 ms, found 3 plugins.
Native extension for WindowsStandalone target not found
Mono: successfully reloaded assembly
- Finished resetting the current domain, in  0.621 seconds
Domain Reload Profiling: 1194ms
	BeginReloadAssembly (174ms)
		ExecutionOrderSort (0ms)
		DisableScriptedObjects (6ms)
		BackupInstance (0ms)
		ReleaseScriptingObjects (0ms)
		CreateAndSetChildDomain (47ms)
	RebuildCommonClasses (32ms)
	RebuildNativeTypeToScriptingClass (10ms)
	initialDomainReloadingComplete (25ms)
	LoadAllAssembliesAndSetupDomain (332ms)
		LoadAssemblies (266ms)
		RebuildTransferFunctionScriptingTraits (0ms)
		AnalyzeDomain (150ms)
			TypeCache.Refresh (6ms)
				TypeCache.ScanAssembly (0ms)
			BuildScriptInfoCaches (137ms)
			ResolveRequiredComponents (4ms)
	FinalizeReload (622ms)
		ReleaseScriptCaches (0ms)
		RebuildScriptCaches (0ms)
		SetupLoadedEditorAssemblies (496ms)
			LogAssemblyErrors (0ms)
			InitializePlatformSupportModulesInManaged (2ms)
			SetLoadedEditorAssemblies (5ms)
			BeforeProcessingInitializeOnLoad (84ms)
			ProcessInitializeOnLoadAttributes (376ms)
			ProcessInitializeOnLoadMethodAttributes (24ms)
			AfterProcessingInitializeOnLoad (5ms)
			EditorAssembliesLoaded (0ms)
		ExecutionOrderSort2 (0ms)
		AwakeInstancesAfterBackupRestoration (7ms)
Refreshing native plugins compatible for Editor in 1.13 ms, found 3 plugins.
Preloading 0 native plugins for Editor in 0.00 ms.
Unloading 0 Unused Serialized files (Serialized files now loaded: 0)
Unloading 3668 unused Assets / (0.8 MB). Loaded Objects now: 4159.
Memory consumption went from 82.3 MB to 81.5 MB.
Total: 7.368800 ms (FindLiveObjects: 0.499700 ms CreateObjectMapping: 0.229400 ms MarkObjects: 5.419900 ms  DeleteObjects: 1.218100 ms)

Prepare: number of updated asset objects reloaded= 0
========================================================================
Received Prepare
Begin MonoManager ReloadAssembly
- Loaded All Assemblies, in  0.576 seconds
Refreshing native plugins compatible for Editor in 0.90 ms, found 3 plugins.
Native extension for WindowsStandalone target not found
Mono: successfully reloaded assembly
- Finished resetting the current domain, in  0.658 seconds
Domain Reload Profiling: 1233ms
	BeginReloadAssembly (182ms)
		ExecutionOrderSort (0ms)
		DisableScriptedObjects (6ms)
		BackupInstance (0ms)
		ReleaseScriptingObjects (0ms)
		CreateAndSetChildDomain (45ms)
	RebuildCommonClasses (31ms)
	RebuildNativeTypeToScriptingClass (10ms)
	initialDomainReloadingComplete (24ms)
	LoadAllAssembliesAndSetupDomain (328ms)
		LoadAssemblies (283ms)
		RebuildTransferFunctionScriptingTraits (0ms)
		AnalyzeDomain (140ms)
			TypeCache.Refresh (6ms)
				TypeCache.ScanAssembly (0ms)
			BuildScriptInfoCaches (126ms)
			ResolveRequiredComponents (4ms)
	FinalizeReload (659ms)
		ReleaseScriptCaches (0ms)
		RebuildScriptCaches (0ms)
		SetupLoadedEditorAssemblies (538ms)
			LogAssemblyErrors (0ms)
			InitializePlatformSupportModulesInManaged (3ms)
			SetLoadedEditorAssemblies (6ms)
			BeforeProcessingInitializeOnLoad (96ms)
			ProcessInitializeOnLoadAttributes (396ms)
			ProcessInitializeOnLoadMethodAttributes (32ms)
			AfterProcessingInitializeOnLoad (5ms)
			EditorAssembliesLoaded (0ms)
		ExecutionOrderSort2 (0ms)
		AwakeInstancesAfterBackupRestoration (7ms)
Refreshing native plugins compatible for Editor in 1.30 ms, found 3 plugins.
Preloading 0 native plugins for Editor in 0.00 ms.
Unloading 0 Unused Serialized files (Serialized files now loaded: 0)
Unloading 3668 unused Assets / (0.8 MB). Loaded Objects now: 4159.
Memory consumption went from 82.3 MB to 81.5 MB.
Total: 8.569600 ms (FindLiveObjects: 0.555900 ms CreateObjectMapping: 0.560000 ms MarkObjects: 6.180800 ms  DeleteObjects: 1.271100 ms)

Prepare: number of updated asset objects reloaded= 0
========================================================================
Received Prepare
Begin MonoManager ReloadAssembly
- Loaded All Assemblies, in  0.582 seconds
Refreshing native plugins compatible for Editor in 0.93 ms, found 3 plugins.
Native extension for WindowsStandalone target not found
Mono: successfully reloaded assembly
- Finished resetting the current domain, in  0.688 seconds
Domain Reload Profiling: 1270ms
	BeginReloadAssembly (189ms)
		ExecutionOrderSort (0ms)
		DisableScriptedObjects (5ms)
		BackupInstance (0ms)
		ReleaseScriptingObjects (0ms)
		CreateAndSetChildDomain (48ms)
	RebuildCommonClasses (30ms)
	RebuildNativeTypeToScriptingClass (11ms)
	initialDomainReloadingComplete (24ms)
	LoadAllAssembliesAndSetupDomain (328ms)
		LoadAssemblies (276ms)
		RebuildTransferFunctionScriptingTraits (0ms)
		AnalyzeDomain (148ms)
			TypeCache.Refresh (6ms)
				TypeCache.ScanAssembly (0ms)
			BuildScriptInfoCaches (135ms)
			ResolveRequiredComponents (4ms)
	FinalizeReload (688ms)
		ReleaseScriptCaches (0ms)
		RebuildScriptCaches (0ms)
		SetupLoadedEditorAssemblies (562ms)
			LogAssemblyErrors (0ms)
			InitializePlatformSupportModulesInManaged (3ms)
			SetLoadedEditorAssemblies (6ms)
			BeforeProcessingInitializeOnLoad (101ms)
			ProcessInitializeOnLoadAttributes (418ms)
			ProcessInitializeOnLoadMethodAttributes (28ms)
			AfterProcessingInitializeOnLoad (6ms)
			EditorAssembliesLoaded (0ms)
		ExecutionOrderSort2 (0ms)
		AwakeInstancesAfterBackupRestoration (7ms)
Refreshing native plugins compatible for Editor in 1.12 ms, found 3 plugins.
Preloading 0 native plugins for Editor in 0.00 ms.
Unloading 0 Unused Serialized files (Serialized files now loaded: 0)
Unloading 3668 unused Assets / (1.0 MB). Loaded Objects now: 4159.
Memory consumption went from 82.3 MB to 81.3 MB.
Total: 9.988300 ms (FindLiveObjects: 0.495100 ms CreateObjectMapping: 0.294000 ms MarkObjects: 6.780900 ms  DeleteObjects: 2.416300 ms)

Prepare: number of updated asset objects reloaded= 0
========================================================================
Received Prepare
Begin MonoManager ReloadAssembly
- Loaded All Assemblies, in  0.583 seconds
Refreshing native plugins compatible for Editor in 0.89 ms, found 3 plugins.
Native extension for WindowsStandalone target not found
Mono: successfully reloaded assembly
- Finished resetting the current domain, in  0.640 seconds
Domain Reload Profiling: 1224ms
	BeginReloadAssembly (177ms)
		ExecutionOrderSort (0ms)
		DisableScriptedObjects (5ms)
		BackupInstance (0ms)
		ReleaseScriptingObjects (0ms)
		CreateAndSetChildDomain (49ms)
	RebuildCommonClasses (31ms)
	RebuildNativeTypeToScriptingClass (11ms)
	initialDomainReloadingComplete (30ms)
	LoadAllAssembliesAndSetupDomain (334ms)
		LoadAssemblies (274ms)
		RebuildTransferFunctionScriptingTraits (0ms)
		AnalyzeDomain (147ms)
			TypeCache.Refresh (6ms)
				TypeCache.ScanAssembly (0ms)
			BuildScriptInfoCaches (134ms)
			ResolveRequiredComponents (4ms)
	FinalizeReload (641ms)
		ReleaseScriptCaches (0ms)
		RebuildScriptCaches (0ms)
		SetupLoadedEditorAssemblies (523ms)
			LogAssemblyErrors (0ms)
			InitializePlatformSupportModulesInManaged (2ms)
			SetLoadedEditorAssemblies (5ms)
			BeforeProcessingInitializeOnLoad (91ms)
			ProcessInitializeOnLoadAttributes (392ms)
			ProcessInitializeOnLoadMethodAttributes (28ms)
			AfterProcessingInitializeOnLoad (5ms)
			EditorAssembliesLoaded (0ms)
		ExecutionOrderSort2 (0ms)
		AwakeInstancesAfterBackupRestoration (6ms)
Refreshing native plugins compatible for Editor in 1.25 ms, found 3 plugins.
Preloading 0 native plugins for Editor in 0.00 ms.
Unloading 0 Unused Serialized files (Serialized files now loaded: 0)
Unloading 3668 unused Assets / (0.8 MB). Loaded Objects now: 4159.
Memory consumption went from 82.3 MB to 81.5 MB.
Total: 8.450800 ms (FindLiveObjects: 0.693400 ms CreateObjectMapping: 0.936300 ms MarkObjects: 5.508000 ms  DeleteObjects: 1.311500 ms)

Prepare: number of updated asset objects reloaded= 0
========================================================================
Received Prepare
Refreshing native plugins compatible for Editor in 2.44 ms, found 3 plugins.
Preloading 0 native plugins for Editor in 0.00 ms.
Unloading 0 Unused Serialized files (Serialized files now loaded: 0)
Unloading 3661 unused Assets / (1.1 MB). Loaded Objects now: 4159.
Memory consumption went from 82.5 MB to 81.4 MB.
Total: 11.232700 ms (FindLiveObjects: 0.533800 ms CreateObjectMapping: 0.650400 ms MarkObjects: 7.924900 ms  DeleteObjects: 2.121600 ms)

Prepare: number of updated asset objects reloaded= 0
========================================================================
Received Prepare
Begin MonoManager ReloadAssembly
- Loaded All Assemblies, in  1.126 seconds
Refreshing native plugins compatible for Editor in 1.93 ms, found 3 plugins.
Native extension for WindowsStandalone target not found
Mono: successfully reloaded assembly
- Finished resetting the current domain, in  1.033 seconds
Domain Reload Profiling: 2158ms
	BeginReloadAssembly (332ms)
		ExecutionOrderSort (0ms)
		DisableScriptedObjects (12ms)
		BackupInstance (0ms)
		ReleaseScriptingObjects (0ms)
		CreateAndSetChildDomain (74ms)
	RebuildCommonClasses (73ms)
	RebuildNativeTypeToScriptingClass (19ms)
	initialDomainReloadingComplete (50ms)
	LoadAllAssembliesAndSetupDomain (651ms)
		LoadAssemblies (513ms)
		RebuildTransferFunctionScriptingTraits (0ms)
		AnalyzeDomain (318ms)
			TypeCache.Refresh (13ms)
				TypeCache.ScanAssembly (0ms)
			BuildScriptInfoCaches (292ms)
			ResolveRequiredComponents (8ms)
	FinalizeReload (1033ms)
		ReleaseScriptCaches (0ms)
		RebuildScriptCaches (0ms)
		SetupLoadedEditorAssemblies (841ms)
			LogAssemblyErrors (0ms)
			InitializePlatformSupportModulesInManaged (4ms)
			SetLoadedEditorAssemblies (7ms)
			BeforeProcessingInitializeOnLoad (170ms)
			ProcessInitializeOnLoadAttributes (632ms)
			ProcessInitializeOnLoadMethodAttributes (22ms)
			AfterProcessingInitializeOnLoad (6ms)
			EditorAssembliesLoaded (0ms)
		ExecutionOrderSort2 (0ms)
		AwakeInstancesAfterBackupRestoration (5ms)
Refreshing native plugins compatible for Editor in 0.94 ms, found 3 plugins.
Preloading 0 native plugins for Editor in 0.00 ms.
Unloading 0 Unused Serialized files (Serialized files now loaded: 0)
Unloading 3668 unused Assets / (0.5 MB). Loaded Objects now: 4159.
Memory consumption went from 82.3 MB to 81.8 MB.
Total: 6.318100 ms (FindLiveObjects: 0.457100 ms CreateObjectMapping: 0.181700 ms MarkObjects: 4.441400 ms  DeleteObjects: 1.237000 ms)

Prepare: number of updated asset objects reloaded= 0
========================================================================
Received Prepare
Begin MonoManager ReloadAssembly
- Loaded All Assemblies, in  0.560 seconds
Refreshing native plugins compatible for Editor in 0.91 ms, found 3 plugins.
Native extension for WindowsStandalone target not found
Mono: successfully reloaded assembly
- Finished resetting the current domain, in  0.593 seconds
Domain Reload Profiling: 1153ms
	BeginReloadAssembly (176ms)
		ExecutionOrderSort (0ms)
		DisableScriptedObjects (5ms)
		BackupInstance (0ms)
		ReleaseScriptingObjects (0ms)
		CreateAndSetChildDomain (49ms)
	RebuildCommonClasses (31ms)
	RebuildNativeTypeToScriptingClass (10ms)
	initialDomainReloadingComplete (24ms)
	LoadAllAssembliesAndSetupDomain (320ms)
		LoadAssemblies (267ms)
		RebuildTransferFunctionScriptingTraits (0ms)
		AnalyzeDomain (138ms)
			TypeCache.Refresh (7ms)
				TypeCache.ScanAssembly (0ms)
			BuildScriptInfoCaches (125ms)
			ResolveRequiredComponents (4ms)
	FinalizeReload (593ms)
		ReleaseScriptCaches (0ms)
		RebuildScriptCaches (0ms)
		SetupLoadedEditorAssemblies (481ms)
			LogAssemblyErrors (0ms)
			InitializePlatformSupportModulesInManaged (2ms)
			SetLoadedEditorAssemblies (5ms)
			BeforeProcessingInitializeOnLoad (89ms)
			ProcessInitializeOnLoadAttributes (356ms)
			ProcessInitializeOnLoadMethodAttributes (24ms)
			AfterProcessingInitializeOnLoad (5ms)
			EditorAssembliesLoaded (0ms)
		ExecutionOrderSort2 (0ms)
		AwakeInstancesAfterBackupRestoration (7ms)
Refreshing native plugins compatible for Editor in 1.45 ms, found 3 plugins.
Preloading 0 native plugins for Editor in 0.00 ms.
Unloading 0 Unused Serialized files (Serialized files now loaded: 0)
Unloading 3668 unused Assets / (0.8 MB). Loaded Objects now: 4159.
Memory consumption went from 82.3 MB to 81.6 MB.
Total: 6.803500 ms (FindLiveObjects: 0.517700 ms CreateObjectMapping: 0.299300 ms MarkObjects: 4.956100 ms  DeleteObjects: 1.028900 ms)

Prepare: number of updated asset objects reloaded= 0
========================================================================
Received Prepare
Begin MonoManager ReloadAssembly
- Loaded All Assemblies, in  0.574 seconds
Refreshing native plugins compatible for Editor in 1.69 ms, found 3 plugins.
Native extension for WindowsStandalone target not found
Mono: successfully reloaded assembly
- Finished resetting the current domain, in  0.616 seconds
Domain Reload Profiling: 1190ms
	BeginReloadAssembly (177ms)
		ExecutionOrderSort (0ms)
		DisableScriptedObjects (5ms)
		BackupInstance (0ms)
		ReleaseScriptingObjects (0ms)
		CreateAndSetChildDomain (46ms)
	RebuildCommonClasses (30ms)
	RebuildNativeTypeToScriptingClass (10ms)
	initialDomainReloadingComplete (25ms)
	LoadAllAssembliesAndSetupDomain (331ms)
		LoadAssemblies (267ms)
		RebuildTransferFunctionScriptingTraits (0ms)
		AnalyzeDomain (153ms)
			TypeCache.Refresh (6ms)
				TypeCache.ScanAssembly (0ms)
			BuildScriptInfoCaches (139ms)
			ResolveRequiredComponents (6ms)
	FinalizeReload (617ms)
		ReleaseScriptCaches (0ms)
		RebuildScriptCaches (0ms)
		SetupLoadedEditorAssemblies (506ms)
			LogAssemblyErrors (0ms)
			InitializePlatformSupportModulesInManaged (2ms)
			SetLoadedEditorAssemblies (5ms)
			BeforeProcessingInitializeOnLoad (87ms)
			ProcessInitializeOnLoadAttributes (385ms)
			ProcessInitializeOnLoadMethodAttributes (22ms)
			AfterProcessingInitializeOnLoad (5ms)
			EditorAssembliesLoaded (0ms)
		ExecutionOrderSort2 (0ms)
		AwakeInstancesAfterBackupRestoration (6ms)
Refreshing native plugins compatible for Editor in 1.22 ms, found 3 plugins.
Preloading 0 native plugins for Editor in 0.00 ms.
Unloading 0 Unused Serialized files (Serialized files now loaded: 0)
Unloading 3668 unused Assets / (0.8 MB). Loaded Objects now: 4159.
Memory consumption went from 82.3 MB to 81.5 MB.
Total: 9.242600 ms (FindLiveObjects: 0.666200 ms CreateObjectMapping: 0.446700 ms MarkObjects: 6.639900 ms  DeleteObjects: 1.487800 ms)

Prepare: number of updated asset objects reloaded= 0
========================================================================
Received Prepare
Refreshing native plugins compatible for Editor in 2.17 ms, found 3 plugins.
Preloading 0 native plugins for Editor in 0.00 ms.
Unloading 0 Unused Serialized files (Serialized files now loaded: 0)
Unloading 3661 unused Assets / (0.9 MB). Loaded Objects now: 4159.
Memory consumption went from 82.5 MB to 81.6 MB.
Total: 10.461100 ms (FindLiveObjects: 0.775500 ms CreateObjectMapping: 0.349300 ms MarkObjects: 7.800500 ms  DeleteObjects: 1.533800 ms)

Prepare: number of updated asset objects reloaded= 0
========================================================================
Received Prepare
Begin MonoManager ReloadAssembly
- Loaded All Assemblies, in  1.165 seconds
Refreshing native plugins compatible for Editor in 1.77 ms, found 3 plugins.
Native extension for WindowsStandalone target not found
Mono: successfully reloaded assembly
- Finished resetting the current domain, in  1.145 seconds
Domain Reload Profiling: 2304ms
	BeginReloadAssembly (317ms)
		ExecutionOrderSort (0ms)
		DisableScriptedObjects (13ms)
		BackupInstance (0ms)
		ReleaseScriptingObjects (0ms)
		CreateAndSetChildDomain (66ms)
	RebuildCommonClasses (77ms)
	RebuildNativeTypeToScriptingClass (32ms)
	initialDomainReloadingComplete (61ms)
	LoadAllAssembliesAndSetupDomain (672ms)
		LoadAssemblies (519ms)
		RebuildTransferFunctionScriptingTraits (0ms)
		AnalyzeDomain (327ms)
			TypeCache.Refresh (12ms)
				TypeCache.ScanAssembly (0ms)
			BuildScriptInfoCaches (302ms)
			ResolveRequiredComponents (7ms)
	FinalizeReload (1146ms)
		ReleaseScriptCaches (0ms)
		RebuildScriptCaches (0ms)
		SetupLoadedEditorAssemblies (916ms)
			LogAssemblyErrors (0ms)
			InitializePlatformSupportModulesInManaged (5ms)
			SetLoadedEditorAssemblies (10ms)
			BeforeProcessingInitializeOnLoad (194ms)
			ProcessInitializeOnLoadAttributes (657ms)
			ProcessInitializeOnLoadMethodAttributes (37ms)
			AfterProcessingInitializeOnLoad (13ms)
			EditorAssembliesLoaded (0ms)
		ExecutionOrderSort2 (0ms)
		AwakeInstancesAfterBackupRestoration (14ms)
Refreshing native plugins compatible for Editor in 2.01 ms, found 3 plugins.
Preloading 0 native plugins for Editor in 0.00 ms.
Unloading 0 Unused Serialized files (Serialized files now loaded: 0)
Unloading 3668 unused Assets / (1.2 MB). Loaded Objects now: 4159.
Memory consumption went from 82.3 MB to 81.1 MB.
Total: 9.667200 ms (FindLiveObjects: 0.542300 ms CreateObjectMapping: 0.309800 ms MarkObjects: 6.652200 ms  DeleteObjects: 2.161000 ms)

Prepare: number of updated asset objects reloaded= 0
========================================================================
Received Prepare
Begin MonoManager ReloadAssembly
- Loaded All Assemblies, in  0.568 seconds
Refreshing native plugins compatible for Editor in 0.81 ms, found 3 plugins.
Native extension for WindowsStandalone target not found
Mono: successfully reloaded assembly
- Finished resetting the current domain, in  0.676 seconds
Domain Reload Profiling: 1245ms
	BeginReloadAssembly (180ms)
		ExecutionOrderSort (0ms)
		DisableScriptedObjects (5ms)
		BackupInstance (0ms)
		ReleaseScriptingObjects (0ms)
		CreateAndSetChildDomain (45ms)
	RebuildCommonClasses (31ms)
	RebuildNativeTypeToScriptingClass (10ms)
	initialDomainReloadingComplete (24ms)
	LoadAllAssembliesAndSetupDomain (323ms)
		LoadAssemblies (274ms)
		RebuildTransferFunctionScriptingTraits (0ms)
		AnalyzeDomain (140ms)
			TypeCache.Refresh (6ms)
				TypeCache.ScanAssembly (0ms)
			BuildScriptInfoCaches (126ms)
			ResolveRequiredComponents (5ms)
	FinalizeReload (677ms)
		ReleaseScriptCaches (0ms)
		RebuildScriptCaches (0ms)
		SetupLoadedEditorAssemblies (560ms)
			LogAssemblyErrors (0ms)
			InitializePlatformSupportModulesInManaged (2ms)
			SetLoadedEditorAssemblies (5ms)
			BeforeProcessingInitializeOnLoad (94ms)
			ProcessInitializeOnLoadAttributes (425ms)
			ProcessInitializeOnLoadMethodAttributes (28ms)
			AfterProcessingInitializeOnLoad (6ms)
			EditorAssembliesLoaded (0ms)
		ExecutionOrderSort2 (0ms)
		AwakeInstancesAfterBackupRestoration (8ms)
Refreshing native plugins compatible for Editor in 1.03 ms, found 3 plugins.
Preloading 0 native plugins for Editor in 0.00 ms.
Unloading 0 Unused Serialized files (Serialized files now loaded: 0)
Unloading 3668 unused Assets / (0.9 MB). Loaded Objects now: 4159.
Memory consumption went from 82.3 MB to 81.4 MB.
Total: 8.303300 ms (FindLiveObjects: 0.604000 ms CreateObjectMapping: 0.593600 ms MarkObjects: 5.612700 ms  DeleteObjects: 1.491500 ms)

Prepare: number of updated asset objects reloaded= 0
========================================================================
Received Prepare
Begin MonoManager ReloadAssembly
- Loaded All Assemblies, in  0.590 seconds
Refreshing native plugins compatible for Editor in 0.98 ms, found 3 plugins.
Native extension for WindowsStandalone target not found
Mono: successfully reloaded assembly
- Finished resetting the current domain, in  0.670 seconds
Domain Reload Profiling: 1261ms
	BeginReloadAssembly (190ms)
		ExecutionOrderSort (0ms)
		DisableScriptedObjects (5ms)
		BackupInstance (0ms)
		ReleaseScriptingObjects (0ms)
		CreateAndSetChildDomain (52ms)
	RebuildCommonClasses (30ms)
	RebuildNativeTypeToScriptingClass (10ms)
	initialDomainReloadingComplete (24ms)
	LoadAllAssembliesAndSetupDomain (336ms)
		LoadAssemblies (284ms)
		RebuildTransferFunctionScriptingTraits (0ms)
		AnalyzeDomain (148ms)
			TypeCache.Refresh (6ms)
				TypeCache.ScanAssembly (0ms)
			BuildScriptInfoCaches (135ms)
			ResolveRequiredComponents (4ms)
	FinalizeReload (671ms)
		ReleaseScriptCaches (0ms)
		RebuildScriptCaches (0ms)
		SetupLoadedEditorAssemblies (561ms)
			LogAssemblyErrors (0ms)
			InitializePlatformSupportModulesInManaged (3ms)
			SetLoadedEditorAssemblies (6ms)
			BeforeProcessingInitializeOnLoad (100ms)
			ProcessInitializeOnLoadAttributes (419ms)
			ProcessInitializeOnLoadMethodAttributes (26ms)
			AfterProcessingInitializeOnLoad (7ms)
			EditorAssembliesLoaded (0ms)
		ExecutionOrderSort2 (0ms)
		AwakeInstancesAfterBackupRestoration (6ms)
Refreshing native plugins compatible for Editor in 1.26 ms, found 3 plugins.
Preloading 0 native plugins for Editor in 0.00 ms.
Unloading 0 Unused Serialized files (Serialized files now loaded: 0)
Unloading 3668 unused Assets / (0.9 MB). Loaded Objects now: 4159.
Memory consumption went from 82.3 MB to 81.5 MB.
Total: 8.800900 ms (FindLiveObjects: 0.679300 ms CreateObjectMapping: 0.541400 ms MarkObjects: 6.210300 ms  DeleteObjects: 1.368300 ms)

Prepare: number of updated asset objects reloaded= 0
========================================================================
Received Prepare
Begin MonoManager ReloadAssembly
- Loaded All Assemblies, in  0.571 seconds
Refreshing native plugins compatible for Editor in 1.23 ms, found 3 plugins.
Native extension for WindowsStandalone target not found
Mono: successfully reloaded assembly
- Finished resetting the current domain, in  0.692 seconds
Domain Reload Profiling: 1263ms
	BeginReloadAssembly (173ms)
		ExecutionOrderSort (0ms)
		DisableScriptedObjects (5ms)
		BackupInstance (0ms)
		ReleaseScriptingObjects (0ms)
		CreateAndSetChildDomain (49ms)
	RebuildCommonClasses (33ms)
	RebuildNativeTypeToScriptingClass (11ms)
	initialDomainReloadingComplete (24ms)
	LoadAllAssembliesAndSetupDomain (328ms)
		LoadAssemblies (268ms)
		RebuildTransferFunctionScriptingTraits (0ms)
		AnalyzeDomain (144ms)
			TypeCache.Refresh (7ms)
				TypeCache.ScanAssembly (0ms)
			BuildScriptInfoCaches (130ms)
			ResolveRequiredComponents (4ms)
	FinalizeReload (693ms)
		ReleaseScriptCaches (0ms)
		RebuildScriptCaches (0ms)
		SetupLoadedEditorAssemblies (557ms)
			LogAssemblyErrors (0ms)
			InitializePlatformSupportModulesInManaged (3ms)
			SetLoadedEditorAssemblies (6ms)
			BeforeProcessingInitializeOnLoad (103ms)
			ProcessInitializeOnLoadAttributes (411ms)
			ProcessInitializeOnLoadMethodAttributes (28ms)
			AfterProcessingInitializeOnLoad (6ms)
			EditorAssembliesLoaded (0ms)
		ExecutionOrderSort2 (0ms)
		AwakeInstancesAfterBackupRestoration (8ms)
Refreshing native plugins compatible for Editor in 1.24 ms, found 3 plugins.
Preloading 0 native plugins for Editor in 0.00 ms.
Unloading 0 Unused Serialized files (Serialized files now loaded: 0)
Unloading 3668 unused Assets / (0.9 MB). Loaded Objects now: 4159.
Memory consumption went from 82.3 MB to 81.4 MB.
Total: 10.467100 ms (FindLiveObjects: 0.546800 ms CreateObjectMapping: 0.423900 ms MarkObjects: 7.853000 ms  DeleteObjects: 1.641900 ms)

Prepare: number of updated asset objects reloaded= 0
========================================================================
Received Prepare
Begin MonoManager ReloadAssembly
- Loaded All Assemblies, in  0.573 seconds
Refreshing native plugins compatible for Editor in 0.89 ms, found 3 plugins.
Native extension for WindowsStandalone target not found
Mono: successfully reloaded assembly
- Finished resetting the current domain, in  0.659 seconds
Domain Reload Profiling: 1233ms
	BeginReloadAssembly (183ms)
		ExecutionOrderSort (0ms)
		DisableScriptedObjects (5ms)
		BackupInstance (0ms)
		ReleaseScriptingObjects (0ms)
		CreateAndSetChildDomain (49ms)
	RebuildCommonClasses (30ms)
	RebuildNativeTypeToScriptingClass (13ms)
	initialDomainReloadingComplete (24ms)
	LoadAllAssembliesAndSetupDomain (324ms)
		LoadAssemblies (274ms)
		RebuildTransferFunctionScriptingTraits (0ms)
		AnalyzeDomain (141ms)
			TypeCache.Refresh (6ms)
				TypeCache.ScanAssembly (0ms)
			BuildScriptInfoCaches (127ms)
			ResolveRequiredComponents (5ms)
	FinalizeReload (660ms)
		ReleaseScriptCaches (0ms)
		RebuildScriptCaches (0ms)
		SetupLoadedEditorAssemblies (551ms)
			LogAssemblyErrors (0ms)
			InitializePlatformSupportModulesInManaged (2ms)
			SetLoadedEditorAssemblies (5ms)
			BeforeProcessingInitializeOnLoad (97ms)
			ProcessInitializeOnLoadAttributes (413ms)
			ProcessInitializeOnLoadMethodAttributes (26ms)
			AfterProcessingInitializeOnLoad (8ms)
			EditorAssembliesLoaded (0ms)
		ExecutionOrderSort2 (0ms)
		AwakeInstancesAfterBackupRestoration (6ms)
Refreshing native plugins compatible for Editor in 1.09 ms, found 3 plugins.
Preloading 0 native plugins for Editor in 0.00 ms.
Unloading 0 Unused Serialized files (Serialized files now loaded: 0)
Unloading 3668 unused Assets / (0.8 MB). Loaded Objects now: 4159.
Memory consumption went from 82.3 MB to 81.5 MB.
Total: 7.885400 ms (FindLiveObjects: 0.605700 ms CreateObjectMapping: 0.710100 ms MarkObjects: 5.298700 ms  DeleteObjects: 1.269700 ms)

Prepare: number of updated asset objects reloaded= 0
========================================================================
Received Prepare
Refreshing native plugins compatible for Editor in 1.85 ms, found 3 plugins.
Preloading 0 native plugins for Editor in 0.00 ms.
Unloading 0 Unused Serialized files (Serialized files now loaded: 0)
Unloading 3661 unused Assets / (1.1 MB). Loaded Objects now: 4159.
Memory consumption went from 82.5 MB to 81.4 MB.
Total: 14.496700 ms (FindLiveObjects: 0.894100 ms CreateObjectMapping: 0.516200 ms MarkObjects: 11.113000 ms  DeleteObjects: 1.971300 ms)

Prepare: number of updated asset objects reloaded= 0
========================================================================
Received Prepare
Begin MonoManager ReloadAssembly
- Loaded All Assemblies, in  1.176 seconds
Refreshing native plugins compatible for Editor in 2.15 ms, found 3 plugins.
Native extension for WindowsStandalone target not found
Mono: successfully reloaded assembly
- Finished resetting the current domain, in  1.129 seconds
Domain Reload Profiling: 2303ms
	BeginReloadAssembly (336ms)
		ExecutionOrderSort (0ms)
		DisableScriptedObjects (9ms)
		BackupInstance (0ms)
		ReleaseScriptingObjects (0ms)
		CreateAndSetChildDomain (68ms)
	RebuildCommonClasses (79ms)
	RebuildNativeTypeToScriptingClass (24ms)
	initialDomainReloadingComplete (58ms)
	LoadAllAssembliesAndSetupDomain (678ms)
		LoadAssemblies (569ms)
		RebuildTransferFunctionScriptingTraits (0ms)
		AnalyzeDomain (301ms)
			TypeCache.Refresh (14ms)
				TypeCache.ScanAssembly (0ms)
			BuildScriptInfoCaches (271ms)
			ResolveRequiredComponents (11ms)
	FinalizeReload (1129ms)
		ReleaseScriptCaches (0ms)
		RebuildScriptCaches (0ms)
		SetupLoadedEditorAssemblies (913ms)
			LogAssemblyErrors (0ms)
			InitializePlatformSupportModulesInManaged (4ms)
			SetLoadedEditorAssemblies (8ms)
			BeforeProcessingInitializeOnLoad (194ms)
			ProcessInitializeOnLoadAttributes (682ms)
			ProcessInitializeOnLoadMethodAttributes (21ms)
			AfterProcessingInitializeOnLoad (5ms)
			EditorAssembliesLoaded (0ms)
		ExecutionOrderSort2 (0ms)
		AwakeInstancesAfterBackupRestoration (5ms)
Refreshing native plugins compatible for Editor in 0.94 ms, found 3 plugins.
Preloading 0 native plugins for Editor in 0.00 ms.
Unloading 0 Unused Serialized files (Serialized files now loaded: 0)
Unloading 3668 unused Assets / (0.6 MB). Loaded Objects now: 4159.
Memory consumption went from 82.3 MB to 81.8 MB.
Total: 5.467100 ms (FindLiveObjects: 0.527000 ms CreateObjectMapping: 0.323900 ms MarkObjects: 3.864800 ms  DeleteObjects: 0.750400 ms)

Prepare: number of updated asset objects reloaded= 0
========================================================================
Received Prepare
Begin MonoManager ReloadAssembly
- Loaded All Assemblies, in  0.563 seconds
Refreshing native plugins compatible for Editor in 1.03 ms, found 3 plugins.
Native extension for WindowsStandalone target not found
Mono: successfully reloaded assembly
- Finished resetting the current domain, in  0.643 seconds
Domain Reload Profiling: 1206ms
	BeginReloadAssembly (173ms)
		ExecutionOrderSort (0ms)
		DisableScriptedObjects (5ms)
		BackupInstance (0ms)
		ReleaseScriptingObjects (0ms)
		CreateAndSetChildDomain (46ms)
	RebuildCommonClasses (30ms)
	RebuildNativeTypeToScriptingClass (10ms)
	initialDomainReloadingComplete (30ms)
	LoadAllAssembliesAndSetupDomain (319ms)
		LoadAssemblies (267ms)
		RebuildTransferFunctionScriptingTraits (0ms)
		AnalyzeDomain (140ms)
			TypeCache.Refresh (6ms)
				TypeCache.ScanAssembly (0ms)
			BuildScriptInfoCaches (126ms)
			ResolveRequiredComponents (4ms)
	FinalizeReload (643ms)
		ReleaseScriptCaches (0ms)
		RebuildScriptCaches (0ms)
		SetupLoadedEditorAssemblies (528ms)
			LogAssemblyErrors (0ms)
			InitializePlatformSupportModulesInManaged (3ms)
			SetLoadedEditorAssemblies (5ms)
			BeforeProcessingInitializeOnLoad (101ms)
			ProcessInitializeOnLoadAttributes (388ms)
			ProcessInitializeOnLoadMethodAttributes (24ms)
			AfterProcessingInitializeOnLoad (6ms)
			EditorAssembliesLoaded (0ms)
		ExecutionOrderSort2 (0ms)
		AwakeInstancesAfterBackupRestoration (6ms)
Refreshing native plugins compatible for Editor in 1.13 ms, found 3 plugins.
Preloading 0 native plugins for Editor in 0.00 ms.
Unloading 0 Unused Serialized files (Serialized files now loaded: 0)
Unloading 3668 unused Assets / (0.7 MB). Loaded Objects now: 4159.
Memory consumption went from 82.3 MB to 81.6 MB.
Total: 7.771100 ms (FindLiveObjects: 0.852400 ms CreateObjectMapping: 0.436400 ms MarkObjects: 5.388800 ms  DeleteObjects: 1.091800 ms)

Prepare: number of updated asset objects reloaded= 0
========================================================================
Received Prepare
Refreshing native plugins compatible for Editor in 1.75 ms, found 3 plugins.
Preloading 0 native plugins for Editor in 0.00 ms.
Unloading 0 Unused Serialized files (Serialized files now loaded: 0)
Unloading 3661 unused Assets / (0.9 MB). Loaded Objects now: 4159.
Memory consumption went from 82.5 MB to 81.6 MB.
Total: 10.044000 ms (FindLiveObjects: 0.619500 ms CreateObjectMapping: 0.486500 ms MarkObjects: 7.115800 ms  DeleteObjects: 1.820400 ms)

Prepare: number of updated asset objects reloaded= 0
========================================================================
Received Prepare
Begin MonoManager ReloadAssembly
- Loaded All Assemblies, in  1.167 seconds
Refreshing native plugins compatible for Editor in 2.35 ms, found 3 plugins.
Native extension for WindowsStandalone target not found
Mono: successfully reloaded assembly
- Finished resetting the current domain, in  1.084 seconds
Domain Reload Profiling: 2249ms
	BeginReloadAssembly (346ms)
		ExecutionOrderSort (0ms)
		DisableScriptedObjects (9ms)
		BackupInstance (0ms)
		ReleaseScriptingObjects (0ms)
		CreateAndSetChildDomain (73ms)
	RebuildCommonClasses (68ms)
	RebuildNativeTypeToScriptingClass (31ms)
	initialDomainReloadingComplete (47ms)
	LoadAllAssembliesAndSetupDomain (673ms)
		LoadAssemblies (538ms)
		RebuildTransferFunctionScriptingTraits (0ms)
		AnalyzeDomain (334ms)
			TypeCache.Refresh (11ms)
				TypeCache.ScanAssembly (0ms)
			BuildScriptInfoCaches (309ms)
			ResolveRequiredComponents (8ms)
	FinalizeReload (1084ms)
		ReleaseScriptCaches (0ms)
		RebuildScriptCaches (0ms)
		SetupLoadedEditorAssemblies (881ms)
			LogAssemblyErrors (0ms)
			InitializePlatformSupportModulesInManaged (4ms)
			SetLoadedEditorAssemblies (7ms)
			BeforeProcessingInitializeOnLoad (172ms)
			ProcessInitializeOnLoadAttributes (645ms)
			ProcessInitializeOnLoadMethodAttributes (43ms)
			AfterProcessingInitializeOnLoad (11ms)
			EditorAssembliesLoaded (0ms)
		ExecutionOrderSort2 (0ms)
		AwakeInstancesAfterBackupRestoration (13ms)
Refreshing native plugins compatible for Editor in 2.01 ms, found 3 plugins.
Preloading 0 native plugins for Editor in 0.00 ms.
Unloading 0 Unused Serialized files (Serialized files now loaded: 0)
Unloading 3668 unused Assets / (0.9 MB). Loaded Objects now: 4159.
Memory consumption went from 82.3 MB to 81.4 MB.
Total: 8.835800 ms (FindLiveObjects: 0.553800 ms CreateObjectMapping: 0.366600 ms MarkObjects: 6.177000 ms  DeleteObjects: 1.736800 ms)

Prepare: number of updated asset objects reloaded= 0
========================================================================
Received Prepare
Begin MonoManager ReloadAssembly
- Loaded All Assemblies, in  0.587 seconds
Refreshing native plugins compatible for Editor in 0.87 ms, found 3 plugins.
Native extension for WindowsStandalone target not found
Mono: successfully reloaded assembly
- Finished resetting the current domain, in  0.656 seconds
Domain Reload Profiling: 1247ms
	BeginReloadAssembly (184ms)
		ExecutionOrderSort (0ms)
		DisableScriptedObjects (6ms)
		BackupInstance (0ms)
		ReleaseScriptingObjects (0ms)
		CreateAndSetChildDomain (50ms)
	RebuildCommonClasses (42ms)
	RebuildNativeTypeToScriptingClass (10ms)
	initialDomainReloadingComplete (26ms)
	LoadAllAssembliesAndSetupDomain (327ms)
		LoadAssemblies (269ms)
		RebuildTransferFunctionScriptingTraits (0ms)
		AnalyzeDomain (146ms)
			TypeCache.Refresh (5ms)
				TypeCache.ScanAssembly (0ms)
			BuildScriptInfoCaches (131ms)
			ResolveRequiredComponents (4ms)
	FinalizeReload (657ms)
		ReleaseScriptCaches (0ms)
		RebuildScriptCaches (0ms)
		SetupLoadedEditorAssemblies (530ms)
			LogAssemblyErrors (0ms)
			InitializePlatformSupportModulesInManaged (3ms)
			SetLoadedEditorAssemblies (3ms)
			BeforeProcessingInitializeOnLoad (95ms)
			ProcessInitializeOnLoadAttributes (401ms)
			ProcessInitializeOnLoadMethodAttributes (24ms)
			AfterProcessingInitializeOnLoad (5ms)
			EditorAssembliesLoaded (0ms)
		ExecutionOrderSort2 (0ms)
		AwakeInstancesAfterBackupRestoration (7ms)
Refreshing native plugins compatible for Editor in 1.31 ms, found 3 plugins.
Preloading 0 native plugins for Editor in 0.00 ms.
Unloading 0 Unused Serialized files (Serialized files now loaded: 0)
Unloading 3668 unused Assets / (0.8 MB). Loaded Objects now: 4159.
Memory consumption went from 82.3 MB to 81.5 MB.
Total: 9.603700 ms (FindLiveObjects: 0.725300 ms CreateObjectMapping: 0.536000 ms MarkObjects: 6.831900 ms  DeleteObjects: 1.509100 ms)

Prepare: number of updated asset objects reloaded= 0
========================================================================
Received Prepare
Begin MonoManager ReloadAssembly
- Loaded All Assemblies, in  0.576 seconds
Refreshing native plugins compatible for Editor in 0.85 ms, found 3 plugins.
Native extension for WindowsStandalone target not found
Mono: successfully reloaded assembly
- Finished resetting the current domain, in  0.636 seconds
Domain Reload Profiling: 1213ms
	BeginReloadAssembly (177ms)
		ExecutionOrderSort (0ms)
		DisableScriptedObjects (6ms)
		BackupInstance (0ms)
		ReleaseScriptingObjects (0ms)
		CreateAndSetChildDomain (49ms)
	RebuildCommonClasses (32ms)
	RebuildNativeTypeToScriptingClass (10ms)
	initialDomainReloadingComplete (27ms)
	LoadAllAssembliesAndSetupDomain (330ms)
		LoadAssemblies (270ms)
		RebuildTransferFunctionScriptingTraits (0ms)
		AnalyzeDomain (146ms)
			TypeCache.Refresh (6ms)
				TypeCache.ScanAssembly (0ms)
			BuildScriptInfoCaches (133ms)
			ResolveRequiredComponents (4ms)
	FinalizeReload (637ms)
		ReleaseScriptCaches (0ms)
		RebuildScriptCaches (0ms)
		SetupLoadedEditorAssemblies (516ms)
			LogAssemblyErrors (0ms)
			InitializePlatformSupportModulesInManaged (2ms)
			SetLoadedEditorAssemblies (5ms)
			BeforeProcessingInitializeOnLoad (92ms)
			ProcessInitializeOnLoadAttributes (384ms)
			ProcessInitializeOnLoadMethodAttributes (27ms)
			AfterProcessingInitializeOnLoad (5ms)
			EditorAssembliesLoaded (0ms)
		ExecutionOrderSort2 (0ms)
		AwakeInstancesAfterBackupRestoration (7ms)
Refreshing native plugins compatible for Editor in 1.17 ms, found 3 plugins.
Preloading 0 native plugins for Editor in 0.00 ms.
Unloading 0 Unused Serialized files (Serialized files now loaded: 0)
Unloading 3668 unused Assets / (0.7 MB). Loaded Objects now: 4159.
Memory consumption went from 82.3 MB to 81.6 MB.
Total: 6.599600 ms (FindLiveObjects: 0.569800 ms CreateObjectMapping: 0.359500 ms MarkObjects: 4.651600 ms  DeleteObjects: 1.017800 ms)

Prepare: number of updated asset objects reloaded= 0
========================================================================
Received Prepare
Refreshing native plugins compatible for Editor in 2.23 ms, found 3 plugins.
Preloading 0 native plugins for Editor in 0.00 ms.
Unloading 0 Unused Serialized files (Serialized files now loaded: 0)
Unloading 3661 unused Assets / (0.9 MB). Loaded Objects now: 4159.
Memory consumption went from 82.5 MB to 81.6 MB.
Total: 12.606200 ms (FindLiveObjects: 0.643100 ms CreateObjectMapping: 0.497700 ms MarkObjects: 9.583900 ms  DeleteObjects: 1.879700 ms)

Prepare: number of updated asset objects reloaded= 0
========================================================================
Received Prepare
Begin MonoManager ReloadAssembly
- Loaded All Assemblies, in  1.186 seconds
Refreshing native plugins compatible for Editor in 2.16 ms, found 3 plugins.
Native extension for WindowsStandalone target not found
Mono: successfully reloaded assembly
- Finished resetting the current domain, in  1.083 seconds
Domain Reload Profiling: 2268ms
	BeginReloadAssembly (332ms)
		ExecutionOrderSort (0ms)
		DisableScriptedObjects (12ms)
		BackupInstance (0ms)
		ReleaseScriptingObjects (0ms)
		CreateAndSetChildDomain (72ms)
	RebuildCommonClasses (68ms)
	RebuildNativeTypeToScriptingClass (31ms)
	initialDomainReloadingComplete (57ms)
	LoadAllAssembliesAndSetupDomain (696ms)
		LoadAssemblies (548ms)
		RebuildTransferFunctionScriptingTraits (0ms)
		AnalyzeDomain (333ms)
			TypeCache.Refresh (10ms)
				TypeCache.ScanAssembly (0ms)
			BuildScriptInfoCaches (306ms)
			ResolveRequiredComponents (10ms)
	FinalizeReload (1084ms)
		ReleaseScriptCaches (0ms)
		RebuildScriptCaches (0ms)
		SetupLoadedEditorAssemblies (883ms)
			LogAssemblyErrors (0ms)
			InitializePlatformSupportModulesInManaged (5ms)
			SetLoadedEditorAssemblies (9ms)
			BeforeProcessingInitializeOnLoad (181ms)
			ProcessInitializeOnLoadAttributes (646ms)
			ProcessInitializeOnLoadMethodAttributes (33ms)
			AfterProcessingInitializeOnLoad (8ms)
			EditorAssembliesLoaded (0ms)
		ExecutionOrderSort2 (0ms)
		AwakeInstancesAfterBackupRestoration (13ms)
Refreshing native plugins compatible for Editor in 0.96 ms, found 3 plugins.
Preloading 0 native plugins for Editor in 0.00 ms.
Unloading 0 Unused Serialized files (Serialized files now loaded: 0)
Unloading 3668 unused Assets / (0.6 MB). Loaded Objects now: 4159.
Memory consumption went from 82.3 MB to 81.7 MB.
Total: 5.462600 ms (FindLiveObjects: 0.453800 ms CreateObjectMapping: 0.220500 ms MarkObjects: 3.918400 ms  DeleteObjects: 0.868500 ms)

Prepare: number of updated asset objects reloaded= 0
========================================================================
Received Prepare
Refreshing native plugins compatible for Editor in 1.26 ms, found 3 plugins.
Preloading 0 native plugins for Editor in 0.00 ms.
Unloading 0 Unused Serialized files (Serialized files now loaded: 0)
Unloading 3661 unused Assets / (0.9 MB). Loaded Objects now: 4159.
Memory consumption went from 82.5 MB to 81.6 MB.
Total: 7.022400 ms (FindLiveObjects: 0.489500 ms CreateObjectMapping: 0.214400 ms MarkObjects: 5.084500 ms  DeleteObjects: 1.232600 ms)

Prepare: number of updated asset objects reloaded= 0
========================================================================
Received Prepare
Begin MonoManager ReloadAssembly
- Loaded All Assemblies, in  0.622 seconds
Refreshing native plugins compatible for Editor in 0.89 ms, found 3 plugins.
Native extension for WindowsStandalone target not found
Mono: successfully reloaded assembly
- Finished resetting the current domain, in  0.565 seconds
Domain Reload Profiling: 1187ms
	BeginReloadAssembly (192ms)
		ExecutionOrderSort (0ms)
		DisableScriptedObjects (6ms)
		BackupInstance (0ms)
		ReleaseScriptingObjects (0ms)
		CreateAndSetChildDomain (49ms)
	RebuildCommonClasses (43ms)
	RebuildNativeTypeToScriptingClass (13ms)
	initialDomainReloadingComplete (27ms)
	LoadAllAssembliesAndSetupDomain (347ms)
		LoadAssemblies (288ms)
		RebuildTransferFunctionScriptingTraits (0ms)
		AnalyzeDomain (160ms)
			TypeCache.Refresh (9ms)
				TypeCache.ScanAssembly (0ms)
			BuildScriptInfoCaches (144ms)
			ResolveRequiredComponents (4ms)
	FinalizeReload (565ms)
		ReleaseScriptCaches (0ms)
		RebuildScriptCaches (0ms)
		SetupLoadedEditorAssemblies (445ms)
			LogAssemblyErrors (0ms)
			InitializePlatformSupportModulesInManaged (3ms)
			SetLoadedEditorAssemblies (5ms)
			BeforeProcessingInitializeOnLoad (87ms)
			ProcessInitializeOnLoadAttributes (323ms)
			ProcessInitializeOnLoadMethodAttributes (22ms)
			AfterProcessingInitializeOnLoad (5ms)
			EditorAssembliesLoaded (0ms)
		ExecutionOrderSort2 (0ms)
		AwakeInstancesAfterBackupRestoration (5ms)
Refreshing native plugins compatible for Editor in 0.96 ms, found 3 plugins.
Preloading 0 native plugins for Editor in 0.00 ms.
Unloading 0 Unused Serialized files (Serialized files now loaded: 0)
Unloading 3668 unused Assets / (0.9 MB). Loaded Objects now: 4159.
Memory consumption went from 82.3 MB to 81.4 MB.
Total: 6.508600 ms (FindLiveObjects: 0.536400 ms CreateObjectMapping: 0.259100 ms MarkObjects: 4.502100 ms  DeleteObjects: 1.209300 ms)

Prepare: number of updated asset objects reloaded= 0
========================================================================
Received Prepare
Begin MonoManager ReloadAssembly
- Loaded All Assemblies, in  0.581 seconds
Refreshing native plugins compatible for Editor in 0.96 ms, found 3 plugins.
Native extension for WindowsStandalone target not found
Mono: successfully reloaded assembly
- Finished resetting the current domain, in  0.653 seconds
Domain Reload Profiling: 1235ms
	BeginReloadAssembly (184ms)
		ExecutionOrderSort (0ms)
		DisableScriptedObjects (5ms)
		BackupInstance (0ms)
		ReleaseScriptingObjects (0ms)
		CreateAndSetChildDomain (47ms)
	RebuildCommonClasses (32ms)
	RebuildNativeTypeToScriptingClass (10ms)
	initialDomainReloadingComplete (25ms)
	LoadAllAssembliesAndSetupDomain (330ms)
		LoadAssemblies (283ms)
		RebuildTransferFunctionScriptingTraits (0ms)
		AnalyzeDomain (138ms)
			TypeCache.Refresh (6ms)
				TypeCache.ScanAssembly (0ms)
			BuildScriptInfoCaches (126ms)
			ResolveRequiredComponents (4ms)
	FinalizeReload (654ms)
		ReleaseScriptCaches (0ms)
		RebuildScriptCaches (0ms)
		SetupLoadedEditorAssemblies (545ms)
			LogAssemblyErrors (0ms)
			InitializePlatformSupportModulesInManaged (3ms)
			SetLoadedEditorAssemblies (6ms)
			BeforeProcessingInitializeOnLoad (104ms)
			ProcessInitializeOnLoadAttributes (405ms)
			ProcessInitializeOnLoadMethodAttributes (23ms)
			AfterProcessingInitializeOnLoad (5ms)
			EditorAssembliesLoaded (0ms)
		ExecutionOrderSort2 (0ms)
		AwakeInstancesAfterBackupRestoration (6ms)
Refreshing native plugins compatible for Editor in 1.18 ms, found 3 plugins.
Preloading 0 native plugins for Editor in 0.00 ms.
Unloading 0 Unused Serialized files (Serialized files now loaded: 0)
Unloading 3668 unused Assets / (1.2 MB). Loaded Objects now: 4159.
Memory consumption went from 82.3 MB to 81.2 MB.
Total: 7.738000 ms (FindLiveObjects: 0.504100 ms CreateObjectMapping: 0.262100 ms MarkObjects: 5.249900 ms  DeleteObjects: 1.720100 ms)

Prepare: number of updated asset objects reloaded= 0
========================================================================
Received Prepare
Refreshing native plugins compatible for Editor in 2.27 ms, found 3 plugins.
Preloading 0 native plugins for Editor in 0.00 ms.
Unloading 0 Unused Serialized files (Serialized files now loaded: 0)
Unloading 3661 unused Assets / (1.1 MB). Loaded Objects now: 4159.
Memory consumption went from 82.5 MB to 81.4 MB.
Total: 13.435500 ms (FindLiveObjects: 0.816000 ms CreateObjectMapping: 0.418600 ms MarkObjects: 10.067600 ms  DeleteObjects: 2.131300 ms)

Prepare: number of updated asset objects reloaded= 0
========================================================================
Received Prepare
Begin MonoManager ReloadAssembly
- Loaded All Assemblies, in  1.144 seconds
Refreshing native plugins compatible for Editor in 1.83 ms, found 3 plugins.
Native extension for WindowsStandalone target not found
Mono: successfully reloaded assembly
- Finished resetting the current domain, in  1.182 seconds
Domain Reload Profiling: 2325ms
	BeginReloadAssembly (324ms)
		ExecutionOrderSort (0ms)
		DisableScriptedObjects (13ms)
		BackupInstance (0ms)
		ReleaseScriptingObjects (0ms)
		CreateAndSetChildDomain (63ms)
	RebuildCommonClasses (77ms)
	RebuildNativeTypeToScriptingClass (24ms)
	initialDomainReloadingComplete (51ms)
	LoadAllAssembliesAndSetupDomain (666ms)
		LoadAssemblies (533ms)
		RebuildTransferFunctionScriptingTraits (0ms)
		AnalyzeDomain (313ms)
			TypeCache.Refresh (12ms)
				TypeCache.ScanAssembly (0ms)
			BuildScriptInfoCaches (285ms)
			ResolveRequiredComponents (10ms)
	FinalizeReload (1183ms)
		ReleaseScriptCaches (0ms)
		RebuildScriptCaches (0ms)
		SetupLoadedEditorAssemblies (1010ms)
			LogAssemblyErrors (0ms)
			InitializePlatformSupportModulesInManaged (4ms)
			SetLoadedEditorAssemblies (7ms)
			BeforeProcessingInitializeOnLoad (172ms)
			ProcessInitializeOnLoadAttributes (767ms)
			ProcessInitializeOnLoadMethodAttributes (51ms)
			AfterProcessingInitializeOnLoad (8ms)
			EditorAssembliesLoaded (0ms)
		ExecutionOrderSort2 (0ms)
		AwakeInstancesAfterBackupRestoration (5ms)
Refreshing native plugins compatible for Editor in 1.07 ms, found 3 plugins.
Preloading 0 native plugins for Editor in 0.00 ms.
Unloading 0 Unused Serialized files (Serialized files now loaded: 0)
Unloading 3668 unused Assets / (0.8 MB). Loaded Objects now: 4159.
Memory consumption went from 82.4 MB to 81.5 MB.
Total: 7.236200 ms (FindLiveObjects: 0.568500 ms CreateObjectMapping: 0.375200 ms MarkObjects: 5.073100 ms  DeleteObjects: 1.218000 ms)

Prepare: number of updated asset objects reloaded= 0
========================================================================
Received Prepare
Begin MonoManager ReloadAssembly
- Loaded All Assemblies, in  0.578 seconds
Refreshing native plugins compatible for Editor in 0.83 ms, found 3 plugins.
Native extension for WindowsStandalone target not found
Mono: successfully reloaded assembly
- Finished resetting the current domain, in  0.611 seconds
Domain Reload Profiling: 1190ms
	BeginReloadAssembly (177ms)
		ExecutionOrderSort (0ms)
		DisableScriptedObjects (5ms)
		BackupInstance (0ms)
		ReleaseScriptingObjects (0ms)
		CreateAndSetChildDomain (50ms)
	RebuildCommonClasses (31ms)
	RebuildNativeTypeToScriptingClass (12ms)
	initialDomainReloadingComplete (24ms)
	LoadAllAssembliesAndSetupDomain (335ms)
		LoadAssemblies (270ms)
		RebuildTransferFunctionScriptingTraits (0ms)
		AnalyzeDomain (151ms)
			TypeCache.Refresh (6ms)
				TypeCache.ScanAssembly (0ms)
			BuildScriptInfoCaches (136ms)
			ResolveRequiredComponents (6ms)
	FinalizeReload (612ms)
		ReleaseScriptCaches (0ms)
		RebuildScriptCaches (0ms)
		SetupLoadedEditorAssemblies (506ms)
			LogAssemblyErrors (0ms)
			InitializePlatformSupportModulesInManaged (2ms)
			SetLoadedEditorAssemblies (5ms)
			BeforeProcessingInitializeOnLoad (93ms)
			ProcessInitializeOnLoadAttributes (374ms)
			ProcessInitializeOnLoadMethodAttributes (25ms)
			AfterProcessingInitializeOnLoad (6ms)
			EditorAssembliesLoaded (0ms)
		ExecutionOrderSort2 (0ms)
		AwakeInstancesAfterBackupRestoration (6ms)
Refreshing native plugins compatible for Editor in 1.16 ms, found 3 plugins.
Preloading 0 native plugins for Editor in 0.00 ms.
Unloading 0 Unused Serialized files (Serialized files now loaded: 0)
Unloading 3668 unused Assets / (1.1 MB). Loaded Objects now: 4159.
Memory consumption went from 82.4 MB to 81.2 MB.
Total: 9.444000 ms (FindLiveObjects: 0.538900 ms CreateObjectMapping: 0.675000 ms MarkObjects: 6.131800 ms  DeleteObjects: 2.096500 ms)

Prepare: number of updated asset objects reloaded= 0
========================================================================
Received Prepare
Refreshing native plugins compatible for Editor in 0.98 ms, found 3 plugins.
Preloading 0 native plugins for Editor in 0.00 ms.
Unloading 0 Unused Serialized files (Serialized files now loaded: 0)
Unloading 3661 unused Assets / (1.2 MB). Loaded Objects now: 4159.
Memory consumption went from 82.5 MB to 81.3 MB.
Total: 9.694600 ms (FindLiveObjects: 0.525000 ms CreateObjectMapping: 0.615600 ms MarkObjects: 6.830200 ms  DeleteObjects: 1.722100 ms)

Prepare: number of updated asset objects reloaded= 0
========================================================================
Received Prepare
Begin MonoManager ReloadAssembly
- Loaded All Assemblies, in  0.609 seconds
Refreshing native plugins compatible for Editor in 0.91 ms, found 3 plugins.
Native extension for WindowsStandalone target not found
Mono: successfully reloaded assembly
- Finished resetting the current domain, in  0.584 seconds
Domain Reload Profiling: 1194ms
	BeginReloadAssembly (189ms)
		ExecutionOrderSort (0ms)
		DisableScriptedObjects (6ms)
		BackupInstance (0ms)
		ReleaseScriptingObjects (0ms)
		CreateAndSetChildDomain (49ms)
	RebuildCommonClasses (33ms)
	RebuildNativeTypeToScriptingClass (10ms)
	initialDomainReloadingComplete (27ms)
	LoadAllAssembliesAndSetupDomain (350ms)
		LoadAssemblies (291ms)
		RebuildTransferFunctionScriptingTraits (0ms)
		AnalyzeDomain (154ms)
			TypeCache.Refresh (7ms)
				TypeCache.ScanAssembly (0ms)
			BuildScriptInfoCaches (140ms)
			ResolveRequiredComponents (4ms)
	FinalizeReload (585ms)
		ReleaseScriptCaches (0ms)
		RebuildScriptCaches (0ms)
		SetupLoadedEditorAssemblies (461ms)
			LogAssemblyErrors (0ms)
			InitializePlatformSupportModulesInManaged (3ms)
			SetLoadedEditorAssemblies (5ms)
			BeforeProcessingInitializeOnLoad (92ms)
			ProcessInitializeOnLoadAttributes (331ms)
			ProcessInitializeOnLoadMethodAttributes (25ms)
			AfterProcessingInitializeOnLoad (5ms)
			EditorAssembliesLoaded (0ms)
		ExecutionOrderSort2 (0ms)
		AwakeInstancesAfterBackupRestoration (5ms)
Refreshing native plugins compatible for Editor in 1.09 ms, found 3 plugins.
Preloading 0 native plugins for Editor in 0.00 ms.
Unloading 0 Unused Serialized files (Serialized files now loaded: 0)
Unloading 3668 unused Assets / (0.7 MB). Loaded Objects now: 4159.
Memory consumption went from 82.4 MB to 81.7 MB.
Total: 6.330400 ms (FindLiveObjects: 0.508600 ms CreateObjectMapping: 0.337900 ms MarkObjects: 4.522300 ms  DeleteObjects: 0.960400 ms)

Prepare: number of updated asset objects reloaded= 0
========================================================================
Received Prepare
Begin MonoManager ReloadAssembly
- Loaded All Assemblies, in  0.586 seconds
Refreshing native plugins compatible for Editor in 0.88 ms, found 3 plugins.
Native extension for WindowsStandalone target not found
Mono: successfully reloaded assembly
- Finished resetting the current domain, in  0.642 seconds
Domain Reload Profiling: 1228ms
	BeginReloadAssembly (181ms)
		ExecutionOrderSort (0ms)
		DisableScriptedObjects (7ms)
		BackupInstance (0ms)
		ReleaseScriptingObjects (0ms)
		CreateAndSetChildDomain (47ms)
	RebuildCommonClasses (35ms)
	RebuildNativeTypeToScriptingClass (11ms)
	initialDomainReloadingComplete (26ms)
	LoadAllAssembliesAndSetupDomain (333ms)
		LoadAssemblies (286ms)
		RebuildTransferFunctionScriptingTraits (0ms)
		AnalyzeDomain (138ms)
			TypeCache.Refresh (6ms)
				TypeCache.ScanAssembly (0ms)
			BuildScriptInfoCaches (124ms)
			ResolveRequiredComponents (5ms)
	FinalizeReload (642ms)
		ReleaseScriptCaches (0ms)
		RebuildScriptCaches (0ms)
		SetupLoadedEditorAssemblies (533ms)
			LogAssemblyErrors (0ms)
			InitializePlatformSupportModulesInManaged (3ms)
			SetLoadedEditorAssemblies (5ms)
			BeforeProcessingInitializeOnLoad (93ms)
			ProcessInitializeOnLoadAttributes (398ms)
			ProcessInitializeOnLoadMethodAttributes (28ms)
			AfterProcessingInitializeOnLoad (6ms)
			EditorAssembliesLoaded (0ms)
		ExecutionOrderSort2 (0ms)
		AwakeInstancesAfterBackupRestoration (7ms)
Refreshing native plugins compatible for Editor in 1.05 ms, found 3 plugins.
Preloading 0 native plugins for Editor in 0.00 ms.
Unloading 0 Unused Serialized files (Serialized files now loaded: 0)
Unloading 3668 unused Assets / (1.0 MB). Loaded Objects now: 4159.
Memory consumption went from 82.4 MB to 81.4 MB.
Total: 8.556200 ms (FindLiveObjects: 0.592300 ms CreateObjectMapping: 0.459200 ms MarkObjects: 5.730700 ms  DeleteObjects: 1.772400 ms)

Prepare: number of updated asset objects reloaded= 0
========================================================================
Received Prepare
Begin MonoManager ReloadAssembly
- Loaded All Assemblies, in  0.606 seconds
Refreshing native plugins compatible for Editor in 1.17 ms, found 3 plugins.
Native extension for WindowsStandalone target not found
Mono: successfully reloaded assembly
- Finished resetting the current domain, in  0.651 seconds
Domain Reload Profiling: 1258ms
	BeginReloadAssembly (194ms)
		ExecutionOrderSort (0ms)
		DisableScriptedObjects (5ms)
		BackupInstance (0ms)
		ReleaseScriptingObjects (0ms)
		CreateAndSetChildDomain (54ms)
	RebuildCommonClasses (33ms)
	RebuildNativeTypeToScriptingClass (11ms)
	initialDomainReloadingComplete (25ms)
	LoadAllAssembliesAndSetupDomain (343ms)
		LoadAssemblies (295ms)
		RebuildTransferFunctionScriptingTraits (0ms)
		AnalyzeDomain (146ms)
			TypeCache.Refresh (6ms)
				TypeCache.ScanAssembly (0ms)
			BuildScriptInfoCaches (132ms)
			ResolveRequiredComponents (4ms)
	FinalizeReload (652ms)
		ReleaseScriptCaches (0ms)
		RebuildScriptCaches (0ms)
		SetupLoadedEditorAssemblies (527ms)
			LogAssemblyErrors (0ms)
			InitializePlatformSupportModulesInManaged (3ms)
			SetLoadedEditorAssemblies (6ms)
			BeforeProcessingInitializeOnLoad (100ms)
			ProcessInitializeOnLoadAttributes (391ms)
			ProcessInitializeOnLoadMethodAttributes (23ms)
			AfterProcessingInitializeOnLoad (5ms)
			EditorAssembliesLoaded (0ms)
		ExecutionOrderSort2 (0ms)
		AwakeInstancesAfterBackupRestoration (6ms)
Refreshing native plugins compatible for Editor in 1.13 ms, found 3 plugins.
Preloading 0 native plugins for Editor in 0.00 ms.
Unloading 0 Unused Serialized files (Serialized files now loaded: 0)
Unloading 3668 unused Assets / (0.9 MB). Loaded Objects now: 4159.
Memory consumption went from 82.4 MB to 81.4 MB.
Total: 7.460400 ms (FindLiveObjects: 0.528000 ms CreateObjectMapping: 0.249400 ms MarkObjects: 5.297200 ms  DeleteObjects: 1.384000 ms)

Prepare: number of updated asset objects reloaded= 0
========================================================================
Received Prepare
Refreshing native plugins compatible for Editor in 2.24 ms, found 3 plugins.
Preloading 0 native plugins for Editor in 0.00 ms.
Unloading 0 Unused Serialized files (Serialized files now loaded: 0)
Unloading 3661 unused Assets / (1.1 MB). Loaded Objects now: 4159.
Memory consumption went from 82.5 MB to 81.4 MB.
Total: 14.155700 ms (FindLiveObjects: 0.620600 ms CreateObjectMapping: 0.721300 ms MarkObjects: 10.638300 ms  DeleteObjects: 2.173100 ms)

Prepare: number of updated asset objects reloaded= 0
========================================================================
Received Prepare
Begin MonoManager ReloadAssembly
- Loaded All Assemblies, in  1.088 seconds
Refreshing native plugins compatible for Editor in 1.81 ms, found 3 plugins.
Native extension for WindowsStandalone target not found
Mono: successfully reloaded assembly
- Finished resetting the current domain, in  1.110 seconds
Domain Reload Profiling: 2195ms
	BeginReloadAssembly (314ms)
		ExecutionOrderSort (0ms)
		DisableScriptedObjects (12ms)
		BackupInstance (0ms)
		ReleaseScriptingObjects (0ms)
		CreateAndSetChildDomain (63ms)
	RebuildCommonClasses (61ms)
	RebuildNativeTypeToScriptingClass (25ms)
	initialDomainReloadingComplete (50ms)
	LoadAllAssembliesAndSetupDomain (634ms)
		LoadAssemblies (527ms)
		RebuildTransferFunctionScriptingTraits (0ms)
		AnalyzeDomain (280ms)
			TypeCache.Refresh (11ms)
				TypeCache.ScanAssembly (0ms)
			BuildScriptInfoCaches (258ms)
			ResolveRequiredComponents (7ms)
	FinalizeReload (1111ms)
		ReleaseScriptCaches (0ms)
		RebuildScriptCaches (0ms)
		SetupLoadedEditorAssemblies (906ms)
			LogAssemblyErrors (0ms)
			InitializePlatformSupportModulesInManaged (5ms)
			SetLoadedEditorAssemblies (9ms)
			BeforeProcessingInitializeOnLoad (171ms)
			ProcessInitializeOnLoadAttributes (697ms)
			ProcessInitializeOnLoadMethodAttributes (20ms)
			AfterProcessingInitializeOnLoad (5ms)
			EditorAssembliesLoaded (0ms)
		ExecutionOrderSort2 (0ms)
		AwakeInstancesAfterBackupRestoration (5ms)
Refreshing native plugins compatible for Editor in 0.97 ms, found 3 plugins.
Preloading 0 native plugins for Editor in 0.00 ms.
Unloading 0 Unused Serialized files (Serialized files now loaded: 0)
Unloading 3668 unused Assets / (0.8 MB). Loaded Objects now: 4159.
Memory consumption went from 82.4 MB to 81.6 MB.
Total: 5.681300 ms (FindLiveObjects: 0.597600 ms CreateObjectMapping: 0.264700 ms MarkObjects: 3.870100 ms  DeleteObjects: 0.947700 ms)

Prepare: number of updated asset objects reloaded= 0
========================================================================
Received Prepare
Begin MonoManager ReloadAssembly
- Loaded All Assemblies, in  0.581 seconds
Refreshing native plugins compatible for Editor in 0.86 ms, found 3 plugins.
Native extension for WindowsStandalone target not found
Mono: successfully reloaded assembly
- Finished resetting the current domain, in  0.631 seconds
Domain Reload Profiling: 1213ms
	BeginReloadAssembly (186ms)
		ExecutionOrderSort (0ms)
		DisableScriptedObjects (6ms)
		BackupInstance (0ms)
		ReleaseScriptingObjects (0ms)
		CreateAndSetChildDomain (48ms)
	RebuildCommonClasses (33ms)
	RebuildNativeTypeToScriptingClass (10ms)
	initialDomainReloadingComplete (26ms)
	LoadAllAssembliesAndSetupDomain (327ms)
		LoadAssemblies (277ms)
		RebuildTransferFunctionScriptingTraits (0ms)
		AnalyzeDomain (143ms)
			TypeCache.Refresh (6ms)
				TypeCache.ScanAssembly (0ms)
			BuildScriptInfoCaches (130ms)
			ResolveRequiredComponents (4ms)
	FinalizeReload (632ms)
		ReleaseScriptCaches (0ms)
		RebuildScriptCaches (0ms)
		SetupLoadedEditorAssemblies (522ms)
			LogAssemblyErrors (0ms)
			InitializePlatformSupportModulesInManaged (2ms)
			SetLoadedEditorAssemblies (5ms)
			BeforeProcessingInitializeOnLoad (91ms)
			ProcessInitializeOnLoadAttributes (396ms)
			ProcessInitializeOnLoadMethodAttributes (24ms)
			AfterProcessingInitializeOnLoad (5ms)
			EditorAssembliesLoaded (0ms)
		ExecutionOrderSort2 (0ms)
		AwakeInstancesAfterBackupRestoration (5ms)
Refreshing native plugins compatible for Editor in 1.40 ms, found 3 plugins.
Preloading 0 native plugins for Editor in 0.00 ms.
Unloading 0 Unused Serialized files (Serialized files now loaded: 0)
Unloading 3668 unused Assets / (1.0 MB). Loaded Objects now: 4159.
Memory consumption went from 82.4 MB to 81.4 MB.
Total: 9.395800 ms (FindLiveObjects: 0.615700 ms CreateObjectMapping: 0.513900 ms MarkObjects: 6.527900 ms  DeleteObjects: 1.736100 ms)

Prepare: number of updated asset objects reloaded= 0
========================================================================
Received Prepare
Refreshing native plugins compatible for Editor in 2.29 ms, found 3 plugins.
Preloading 0 native plugins for Editor in 0.00 ms.
Unloading 0 Unused Serialized files (Serialized files now loaded: 0)
Unloading 3661 unused Assets / (1.3 MB). Loaded Objects now: 4159.
Memory consumption went from 82.5 MB to 81.3 MB.
Total: 12.719000 ms (FindLiveObjects: 0.637400 ms CreateObjectMapping: 0.419000 ms MarkObjects: 9.562600 ms  DeleteObjects: 2.098100 ms)

Prepare: number of updated asset objects reloaded= 0
========================================================================
Received Prepare
Begin MonoManager ReloadAssembly
- Loaded All Assemblies, in  1.175 seconds
Refreshing native plugins compatible for Editor in 2.99 ms, found 3 plugins.
Native extension for WindowsStandalone target not found
Mono: successfully reloaded assembly
- Finished resetting the current domain, in  0.820 seconds
Domain Reload Profiling: 1995ms
	BeginReloadAssembly (330ms)
		ExecutionOrderSort (0ms)
		DisableScriptedObjects (9ms)
		BackupInstance (0ms)
		ReleaseScriptingObjects (0ms)
		CreateAndSetChildDomain (72ms)
	RebuildCommonClasses (78ms)
	RebuildNativeTypeToScriptingClass (29ms)
	initialDomainReloadingComplete (58ms)
	LoadAllAssembliesAndSetupDomain (679ms)
		LoadAssemblies (551ms)
		RebuildTransferFunctionScriptingTraits (0ms)
		AnalyzeDomain (310ms)
			TypeCache.Refresh (11ms)
				TypeCache.ScanAssembly (0ms)
			BuildScriptInfoCaches (283ms)
			ResolveRequiredComponents (9ms)
	FinalizeReload (820ms)
		ReleaseScriptCaches (0ms)
		RebuildScriptCaches (0ms)
		SetupLoadedEditorAssemblies (593ms)
			LogAssemblyErrors (0ms)
			InitializePlatformSupportModulesInManaged (5ms)
			SetLoadedEditorAssemblies (10ms)
			BeforeProcessingInitializeOnLoad (123ms)
			ProcessInitializeOnLoadAttributes (418ms)
			ProcessInitializeOnLoadMethodAttributes (27ms)
			AfterProcessingInitializeOnLoad (9ms)
			EditorAssembliesLoaded (0ms)
		ExecutionOrderSort2 (0ms)
		AwakeInstancesAfterBackupRestoration (9ms)
Refreshing native plugins compatible for Editor in 1.17 ms, found 3 plugins.
Preloading 0 native plugins for Editor in 0.00 ms.
Unloading 0 Unused Serialized files (Serialized files now loaded: 0)
Unloading 3668 unused Assets / (1.1 MB). Loaded Objects now: 4159.
Memory consumption went from 82.4 MB to 81.3 MB.
Total: 9.049000 ms (FindLiveObjects: 0.524700 ms CreateObjectMapping: 0.800900 ms MarkObjects: 5.728700 ms  DeleteObjects: 1.993200 ms)

Prepare: number of updated asset objects reloaded= 0
========================================================================
Received Prepare
Refreshing native plugins compatible for Editor in 2.34 ms, found 3 plugins.
Preloading 0 native plugins for Editor in 0.00 ms.
Unloading 0 Unused Serialized files (Serialized files now loaded: 0)
Unloading 3661 unused Assets / (1.1 MB). Loaded Objects now: 4159.
Memory consumption went from 82.5 MB to 81.4 MB.
Total: 12.175400 ms (FindLiveObjects: 0.875500 ms CreateObjectMapping: 0.797400 ms MarkObjects: 8.448600 ms  DeleteObjects: 2.051400 ms)

Prepare: number of updated asset objects reloaded= 0
========================================================================
Received Prepare
Begin MonoManager ReloadAssembly
- Loaded All Assemblies, in  1.169 seconds
Refreshing native plugins compatible for Editor in 2.29 ms, found 3 plugins.
Native extension for WindowsStandalone target not found
Mono: successfully reloaded assembly
- Finished resetting the current domain, in  1.150 seconds
Domain Reload Profiling: 2317ms
	BeginReloadAssembly (349ms)
		ExecutionOrderSort (0ms)
		DisableScriptedObjects (10ms)
		BackupInstance (0ms)
		ReleaseScriptingObjects (0ms)
		CreateAndSetChildDomain (73ms)
	RebuildCommonClasses (80ms)
	RebuildNativeTypeToScriptingClass (27ms)
	initialDomainReloadingComplete (53ms)
	LoadAllAssembliesAndSetupDomain (657ms)
		LoadAssemblies (538ms)
		RebuildTransferFunctionScriptingTraits (0ms)
		AnalyzeDomain (319ms)
			TypeCache.Refresh (14ms)
				TypeCache.ScanAssembly (0ms)
			BuildScriptInfoCaches (294ms)
			ResolveRequiredComponents (6ms)
	FinalizeReload (1151ms)
		ReleaseScriptCaches (0ms)
		RebuildScriptCaches (0ms)
		SetupLoadedEditorAssemblies (927ms)
			LogAssemblyErrors (0ms)
			InitializePlatformSupportModulesInManaged (4ms)
			SetLoadedEditorAssemblies (7ms)
			BeforeProcessingInitializeOnLoad (176ms)
			ProcessInitializeOnLoadAttributes (687ms)
			ProcessInitializeOnLoadMethodAttributes (41ms)
			AfterProcessingInitializeOnLoad (11ms)
			EditorAssembliesLoaded (0ms)
		ExecutionOrderSort2 (0ms)
		AwakeInstancesAfterBackupRestoration (12ms)
Refreshing native plugins compatible for Editor in 1.18 ms, found 3 plugins.
Preloading 0 native plugins for Editor in 0.00 ms.
Unloading 0 Unused Serialized files (Serialized files now loaded: 0)
Unloading 3668 unused Assets / (0.8 MB). Loaded Objects now: 4159.
Memory consumption went from 82.4 MB to 81.5 MB.
Total: 7.122400 ms (FindLiveObjects: 0.553500 ms CreateObjectMapping: 0.293300 ms MarkObjects: 5.236900 ms  DeleteObjects: 1.037100 ms)

Prepare: number of updated asset objects reloaded= 0
========================================================================
Received Prepare
Begin MonoManager ReloadAssembly
- Loaded All Assemblies, in  0.578 seconds
Refreshing native plugins compatible for Editor in 0.98 ms, found 3 plugins.
Native extension for WindowsStandalone target not found
Mono: successfully reloaded assembly
- Finished resetting the current domain, in  0.633 seconds
Domain Reload Profiling: 1212ms
	BeginReloadAssembly (182ms)
		ExecutionOrderSort (0ms)
		DisableScriptedObjects (6ms)
		BackupInstance (0ms)
		ReleaseScriptingObjects (0ms)
		CreateAndSetChildDomain (49ms)
	RebuildCommonClasses (32ms)
	RebuildNativeTypeToScriptingClass (10ms)
	initialDomainReloadingComplete (25ms)
	LoadAllAssembliesAndSetupDomain (328ms)
		LoadAssemblies (283ms)
		RebuildTransferFunctionScriptingTraits (0ms)
		AnalyzeDomain (136ms)
			TypeCache.Refresh (6ms)
				TypeCache.ScanAssembly (0ms)
			BuildScriptInfoCaches (123ms)
			ResolveRequiredComponents (4ms)
	FinalizeReload (634ms)
		ReleaseScriptCaches (0ms)
		RebuildScriptCaches (0ms)
		SetupLoadedEditorAssemblies (517ms)
			LogAssemblyErrors (0ms)
			InitializePlatformSupportModulesInManaged (3ms)
			SetLoadedEditorAssemblies (5ms)
			BeforeProcessingInitializeOnLoad (87ms)
			ProcessInitializeOnLoadAttributes (389ms)
			ProcessInitializeOnLoadMethodAttributes (27ms)
			AfterProcessingInitializeOnLoad (5ms)
			EditorAssembliesLoaded (0ms)
		ExecutionOrderSort2 (0ms)
		AwakeInstancesAfterBackupRestoration (7ms)
Refreshing native plugins compatible for Editor in 1.15 ms, found 3 plugins.
Preloading 0 native plugins for Editor in 0.00 ms.
Unloading 0 Unused Serialized files (Serialized files now loaded: 0)
Unloading 3668 unused Assets / (1.3 MB). Loaded Objects now: 4159.
Memory consumption went from 82.4 MB to 81.1 MB.
Total: 7.474600 ms (FindLiveObjects: 0.547800 ms CreateObjectMapping: 0.586300 ms MarkObjects: 4.643300 ms  DeleteObjects: 1.695600 ms)

Prepare: number of updated asset objects reloaded= 0
========================================================================
Received Prepare
Refreshing native plugins compatible for Editor in 2.36 ms, found 3 plugins.
Preloading 0 native plugins for Editor in 0.00 ms.
Unloading 0 Unused Serialized files (Serialized files now loaded: 0)
Unloading 3661 unused Assets / (1.1 MB). Loaded Objects now: 4159.
Memory consumption went from 82.5 MB to 81.4 MB.
Total: 10.370100 ms (FindLiveObjects: 0.624600 ms CreateObjectMapping: 0.409500 ms MarkObjects: 7.419300 ms  DeleteObjects: 1.914900 ms)

Prepare: number of updated asset objects reloaded= 0
========================================================================
Received Prepare
Begin MonoManager ReloadAssembly
- Loaded All Assemblies, in  1.163 seconds
Refreshing native plugins compatible for Editor in 2.10 ms, found 3 plugins.
Native extension for WindowsStandalone target not found
Mono: successfully reloaded assembly
- Finished resetting the current domain, in  0.897 seconds
Domain Reload Profiling: 2056ms
	BeginReloadAssembly (329ms)
		ExecutionOrderSort (0ms)
		DisableScriptedObjects (16ms)
		BackupInstance (0ms)
		ReleaseScriptingObjects (0ms)
		CreateAndSetChildDomain (75ms)
	RebuildCommonClasses (78ms)
	RebuildNativeTypeToScriptingClass (27ms)
	initialDomainReloadingComplete (62ms)
	LoadAllAssembliesAndSetupDomain (662ms)
		LoadAssemblies (541ms)
		RebuildTransferFunctionScriptingTraits (0ms)
		AnalyzeDomain (293ms)
			TypeCache.Refresh (12ms)
				TypeCache.ScanAssembly (0ms)
			BuildScriptInfoCaches (271ms)
			ResolveRequiredComponents (6ms)
	FinalizeReload (897ms)
		ReleaseScriptCaches (0ms)
		RebuildScriptCaches (0ms)
		SetupLoadedEditorAssemblies (694ms)
			LogAssemblyErrors (0ms)
			InitializePlatformSupportModulesInManaged (5ms)
			SetLoadedEditorAssemblies (10ms)
			BeforeProcessingInitializeOnLoad (184ms)
			ProcessInitializeOnLoadAttributes (468ms)
			ProcessInitializeOnLoadMethodAttributes (21ms)
			AfterProcessingInitializeOnLoad (6ms)
			EditorAssembliesLoaded (0ms)
		ExecutionOrderSort2 (0ms)
		AwakeInstancesAfterBackupRestoration (6ms)
Refreshing native plugins compatible for Editor in 0.87 ms, found 3 plugins.
Preloading 0 native plugins for Editor in 0.00 ms.
Unloading 0 Unused Serialized files (Serialized files now loaded: 0)
Unloading 3668 unused Assets / (0.9 MB). Loaded Objects now: 4159.
Memory consumption went from 82.4 MB to 81.5 MB.
Total: 6.567500 ms (FindLiveObjects: 0.568600 ms CreateObjectMapping: 0.355900 ms MarkObjects: 4.389000 ms  DeleteObjects: 1.252300 ms)

Prepare: number of updated asset objects reloaded= 0
========================================================================
Received Prepare
Begin MonoManager ReloadAssembly
- Loaded All Assemblies, in  0.581 seconds
Refreshing native plugins compatible for Editor in 1.18 ms, found 3 plugins.
Native extension for WindowsStandalone target not found
Mono: successfully reloaded assembly
- Finished resetting the current domain, in  0.665 seconds
Domain Reload Profiling: 1245ms
	BeginReloadAssembly (178ms)
		ExecutionOrderSort (0ms)
		DisableScriptedObjects (5ms)
		BackupInstance (0ms)
		ReleaseScriptingObjects (0ms)
		CreateAndSetChildDomain (48ms)
	RebuildCommonClasses (31ms)
	RebuildNativeTypeToScriptingClass (10ms)
	initialDomainReloadingComplete (28ms)
	LoadAllAssembliesAndSetupDomain (334ms)
		LoadAssemblies (285ms)
		RebuildTransferFunctionScriptingTraits (0ms)
		AnalyzeDomain (138ms)
			TypeCache.Refresh (6ms)
				TypeCache.ScanAssembly (0ms)
			BuildScriptInfoCaches (125ms)
			ResolveRequiredComponents (4ms)
	FinalizeReload (665ms)
		ReleaseScriptCaches (0ms)
		RebuildScriptCaches (0ms)
		SetupLoadedEditorAssemblies (538ms)
			LogAssemblyErrors (0ms)
			InitializePlatformSupportModulesInManaged (2ms)
			SetLoadedEditorAssemblies (5ms)
			BeforeProcessingInitializeOnLoad (97ms)
			ProcessInitializeOnLoadAttributes (404ms)
			ProcessInitializeOnLoadMethodAttributes (24ms)
			AfterProcessingInitializeOnLoad (5ms)
			EditorAssembliesLoaded (0ms)
		ExecutionOrderSort2 (0ms)
		AwakeInstancesAfterBackupRestoration (6ms)
Refreshing native plugins compatible for Editor in 1.36 ms, found 3 plugins.
Preloading 0 native plugins for Editor in 0.00 ms.
Unloading 0 Unused Serialized files (Serialized files now loaded: 0)
Unloading 3668 unused Assets / (1.1 MB). Loaded Objects now: 4159.
Memory consumption went from 82.4 MB to 81.3 MB.
Total: 9.384100 ms (FindLiveObjects: 0.532600 ms CreateObjectMapping: 0.370300 ms MarkObjects: 6.765100 ms  DeleteObjects: 1.714400 ms)

Prepare: number of updated asset objects reloaded= 0
========================================================================
Received Prepare
Refreshing native plugins compatible for Editor in 2.38 ms, found 3 plugins.
Preloading 0 native plugins for Editor in 0.00 ms.
Unloading 0 Unused Serialized files (Serialized files now loaded: 0)
Unloading 3661 unused Assets / (0.9 MB). Loaded Objects now: 4159.
Memory consumption went from 82.6 MB to 81.6 MB.
Total: 10.884300 ms (FindLiveObjects: 0.940700 ms CreateObjectMapping: 0.779100 ms MarkObjects: 7.467500 ms  DeleteObjects: 1.695200 ms)

Prepare: number of updated asset objects reloaded= 0
========================================================================
Received Prepare
Begin MonoManager ReloadAssembly
- Loaded All Assemblies, in  1.126 seconds
Refreshing native plugins compatible for Editor in 2.46 ms, found 3 plugins.
Native extension for WindowsStandalone target not found
Mono: successfully reloaded assembly
- Finished resetting the current domain, in  1.150 seconds
Domain Reload Profiling: 2275ms
	BeginReloadAssembly (325ms)
		ExecutionOrderSort (0ms)
		DisableScriptedObjects (11ms)
		BackupInstance (0ms)
		ReleaseScriptingObjects (0ms)
		CreateAndSetChildDomain (82ms)
	RebuildCommonClasses (73ms)
	RebuildNativeTypeToScriptingClass (24ms)
	initialDomainReloadingComplete (51ms)
	LoadAllAssembliesAndSetupDomain (652ms)
		LoadAssemblies (528ms)
		RebuildTransferFunctionScriptingTraits (0ms)
		AnalyzeDomain (299ms)
			TypeCache.Refresh (13ms)
				TypeCache.ScanAssembly (0ms)
			BuildScriptInfoCaches (273ms)
			ResolveRequiredComponents (8ms)
	FinalizeReload (1151ms)
		ReleaseScriptCaches (0ms)
		RebuildScriptCaches (0ms)
		SetupLoadedEditorAssemblies (948ms)
			LogAssemblyErrors (0ms)
			InitializePlatformSupportModulesInManaged (3ms)
			SetLoadedEditorAssemblies (7ms)
			BeforeProcessingInitializeOnLoad (174ms)
			ProcessInitializeOnLoadAttributes (710ms)
			ProcessInitializeOnLoadMethodAttributes (40ms)
			AfterProcessingInitializeOnLoad (13ms)
			EditorAssembliesLoaded (0ms)
		ExecutionOrderSort2 (0ms)
		AwakeInstancesAfterBackupRestoration (11ms)
Refreshing native plugins compatible for Editor in 1.15 ms, found 3 plugins.
Preloading 0 native plugins for Editor in 0.00 ms.
Unloading 0 Unused Serialized files (Serialized files now loaded: 0)
Unloading 3668 unused Assets / (1.0 MB). Loaded Objects now: 4159.
Memory consumption went from 82.4 MB to 81.4 MB.
Total: 7.665600 ms (FindLiveObjects: 0.442700 ms CreateObjectMapping: 0.593000 ms MarkObjects: 5.267200 ms  DeleteObjects: 1.361500 ms)

Prepare: number of updated asset objects reloaded= 0
========================================================================
Received Prepare
Begin MonoManager ReloadAssembly
- Loaded All Assemblies, in  0.596 seconds
Refreshing native plugins compatible for Editor in 0.89 ms, found 3 plugins.
Native extension for WindowsStandalone target not found
Mono: successfully reloaded assembly
- Finished resetting the current domain, in  0.710 seconds
Domain Reload Profiling: 1307ms
	BeginReloadAssembly (181ms)
		ExecutionOrderSort (0ms)
		DisableScriptedObjects (5ms)
		BackupInstance (0ms)
		ReleaseScriptingObjects (0ms)
		CreateAndSetChildDomain (50ms)
	RebuildCommonClasses (32ms)
	RebuildNativeTypeToScriptingClass (10ms)
	initialDomainReloadingComplete (25ms)
	LoadAllAssembliesAndSetupDomain (348ms)
		LoadAssemblies (292ms)
		RebuildTransferFunctionScriptingTraits (0ms)
		AnalyzeDomain (144ms)
			TypeCache.Refresh (6ms)
				TypeCache.ScanAssembly (0ms)
			BuildScriptInfoCaches (132ms)
			ResolveRequiredComponents (4ms)
	FinalizeReload (711ms)
		ReleaseScriptCaches (0ms)
		RebuildScriptCaches (0ms)
		SetupLoadedEditorAssemblies (575ms)
			LogAssemblyErrors (0ms)
			InitializePlatformSupportModulesInManaged (3ms)
			SetLoadedEditorAssemblies (6ms)
			BeforeProcessingInitializeOnLoad (109ms)
			ProcessInitializeOnLoadAttributes (426ms)
			ProcessInitializeOnLoadMethodAttributes (26ms)
			AfterProcessingInitializeOnLoad (5ms)
			EditorAssembliesLoaded (0ms)
		ExecutionOrderSort2 (0ms)
		AwakeInstancesAfterBackupRestoration (8ms)
Refreshing native plugins compatible for Editor in 1.13 ms, found 3 plugins.
Preloading 0 native plugins for Editor in 0.00 ms.
Unloading 0 Unused Serialized files (Serialized files now loaded: 0)
Unloading 3668 unused Assets / (0.8 MB). Loaded Objects now: 4159.
Memory consumption went from 82.4 MB to 81.6 MB.
Total: 9.925600 ms (FindLiveObjects: 0.584700 ms CreateObjectMapping: 0.819700 ms MarkObjects: 7.040700 ms  DeleteObjects: 1.478900 ms)

Prepare: number of updated asset objects reloaded= 0
========================================================================
Received Prepare
Begin MonoManager ReloadAssembly
- Loaded All Assemblies, in  0.590 seconds
Refreshing native plugins compatible for Editor in 0.92 ms, found 3 plugins.
Native extension for WindowsStandalone target not found
Mono: successfully reloaded assembly
- Finished resetting the current domain, in  0.677 seconds
Domain Reload Profiling: 1267ms
	BeginReloadAssembly (181ms)
		ExecutionOrderSort (0ms)
		DisableScriptedObjects (5ms)
		BackupInstance (0ms)
		ReleaseScriptingObjects (0ms)
		CreateAndSetChildDomain (49ms)
	RebuildCommonClasses (31ms)
	RebuildNativeTypeToScriptingClass (10ms)
	initialDomainReloadingComplete (25ms)
	LoadAllAssembliesAndSetupDomain (343ms)
		LoadAssemblies (281ms)
		RebuildTransferFunctionScriptingTraits (0ms)
		AnalyzeDomain (152ms)
			TypeCache.Refresh (7ms)
				TypeCache.ScanAssembly (0ms)
			BuildScriptInfoCaches (137ms)
			ResolveRequiredComponents (4ms)
	FinalizeReload (677ms)
		ReleaseScriptCaches (0ms)
		RebuildScriptCaches (0ms)
		SetupLoadedEditorAssemblies (559ms)
			LogAssemblyErrors (0ms)
			InitializePlatformSupportModulesInManaged (3ms)
			SetLoadedEditorAssemblies (5ms)
			BeforeProcessingInitializeOnLoad (102ms)
			ProcessInitializeOnLoadAttributes (416ms)
			ProcessInitializeOnLoadMethodAttributes (28ms)
			AfterProcessingInitializeOnLoad (5ms)
			EditorAssembliesLoaded (0ms)
		ExecutionOrderSort2 (0ms)
		AwakeInstancesAfterBackupRestoration (6ms)
Refreshing native plugins compatible for Editor in 1.26 ms, found 3 plugins.
Preloading 0 native plugins for Editor in 0.00 ms.
Unloading 0 Unused Serialized files (Serialized files now loaded: 0)
Unloading 3668 unused Assets / (1.0 MB). Loaded Objects now: 4159.
Memory consumption went from 82.4 MB to 81.4 MB.
Total: 7.986800 ms (FindLiveObjects: 0.809000 ms CreateObjectMapping: 0.409500 ms MarkObjects: 5.366900 ms  DeleteObjects: 1.399700 ms)

Prepare: number of updated asset objects reloaded= 0
========================================================================
Received Prepare
Begin MonoManager ReloadAssembly
- Loaded All Assemblies, in  0.582 seconds
Refreshing native plugins compatible for Editor in 0.87 ms, found 3 plugins.
Native extension for WindowsStandalone target not found
Mono: successfully reloaded assembly
- Finished resetting the current domain, in  0.698 seconds
Domain Reload Profiling: 1279ms
	BeginReloadAssembly (180ms)
		ExecutionOrderSort (0ms)
		DisableScriptedObjects (6ms)
		BackupInstance (0ms)
		ReleaseScriptingObjects (0ms)
		CreateAndSetChildDomain (48ms)
	RebuildCommonClasses (31ms)
	RebuildNativeTypeToScriptingClass (11ms)
	initialDomainReloadingComplete (28ms)
	LoadAllAssembliesAndSetupDomain (331ms)
		LoadAssemblies (279ms)
		RebuildTransferFunctionScriptingTraits (0ms)
		AnalyzeDomain (142ms)
			TypeCache.Refresh (6ms)
				TypeCache.ScanAssembly (0ms)
			BuildScriptInfoCaches (129ms)
			ResolveRequiredComponents (4ms)
	FinalizeReload (699ms)
		ReleaseScriptCaches (0ms)
		RebuildScriptCaches (0ms)
		SetupLoadedEditorAssemblies (577ms)
			LogAssemblyErrors (0ms)
			InitializePlatformSupportModulesInManaged (3ms)
			SetLoadedEditorAssemblies (5ms)
			BeforeProcessingInitializeOnLoad (100ms)
			ProcessInitializeOnLoadAttributes (434ms)
			ProcessInitializeOnLoadMethodAttributes (28ms)
			AfterProcessingInitializeOnLoad (6ms)
			EditorAssembliesLoaded (0ms)
		ExecutionOrderSort2 (0ms)
		AwakeInstancesAfterBackupRestoration (7ms)
Refreshing native plugins compatible for Editor in 1.22 ms, found 3 plugins.
Preloading 0 native plugins for Editor in 0.00 ms.
Unloading 0 Unused Serialized files (Serialized files now loaded: 0)
Unloading 3668 unused Assets / (0.8 MB). Loaded Objects now: 4159.
Memory consumption went from 82.4 MB to 81.6 MB.
Total: 8.062300 ms (FindLiveObjects: 0.553500 ms CreateObjectMapping: 0.703200 ms MarkObjects: 5.437800 ms  DeleteObjects: 1.366200 ms)

Prepare: number of updated asset objects reloaded= 0
========================================================================
Received Prepare
Begin MonoManager ReloadAssembly
- Loaded All Assemblies, in  0.597 seconds
Refreshing native plugins compatible for Editor in 1.44 ms, found 3 plugins.
Native extension for WindowsStandalone target not found
Mono: successfully reloaded assembly
- Finished resetting the current domain, in  0.688 seconds
Domain Reload Profiling: 1286ms
	BeginReloadAssembly (186ms)
		ExecutionOrderSort (0ms)
		DisableScriptedObjects (5ms)
		BackupInstance (0ms)
		ReleaseScriptingObjects (0ms)
		CreateAndSetChildDomain (54ms)
	RebuildCommonClasses (40ms)
	RebuildNativeTypeToScriptingClass (11ms)
	initialDomainReloadingComplete (26ms)
	LoadAllAssembliesAndSetupDomain (333ms)
		LoadAssemblies (278ms)
		RebuildTransferFunctionScriptingTraits (0ms)
		AnalyzeDomain (144ms)
			TypeCache.Refresh (7ms)
				TypeCache.ScanAssembly (0ms)
			BuildScriptInfoCaches (131ms)
			ResolveRequiredComponents (4ms)
	FinalizeReload (689ms)
		ReleaseScriptCaches (0ms)
		RebuildScriptCaches (0ms)
		SetupLoadedEditorAssemblies (569ms)
			LogAssemblyErrors (0ms)
			InitializePlatformSupportModulesInManaged (3ms)
			SetLoadedEditorAssemblies (4ms)
			BeforeProcessingInitializeOnLoad (95ms)
			ProcessInitializeOnLoadAttributes (434ms)
			ProcessInitializeOnLoadMethodAttributes (26ms)
			AfterProcessingInitializeOnLoad (7ms)
			EditorAssembliesLoaded (0ms)
		ExecutionOrderSort2 (0ms)
		AwakeInstancesAfterBackupRestoration (7ms)
Refreshing native plugins compatible for Editor in 1.26 ms, found 3 plugins.
Preloading 0 native plugins for Editor in 0.00 ms.
Unloading 0 Unused Serialized files (Serialized files now loaded: 0)
Unloading 3668 unused Assets / (1.0 MB). Loaded Objects now: 4159.
Memory consumption went from 82.4 MB to 81.4 MB.
Total: 9.878100 ms (FindLiveObjects: 0.896100 ms CreateObjectMapping: 0.817100 ms MarkObjects: 6.441700 ms  DeleteObjects: 1.721900 ms)

Prepare: number of updated asset objects reloaded= 0
========================================================================
Received Prepare
Begin MonoManager ReloadAssembly
- Loaded All Assemblies, in  0.602 seconds
Refreshing native plugins compatible for Editor in 0.86 ms, found 3 plugins.
Native extension for WindowsStandalone target not found
Mono: successfully reloaded assembly
- Finished resetting the current domain, in  0.718 seconds
Domain Reload Profiling: 1319ms
	BeginReloadAssembly (183ms)
		ExecutionOrderSort (0ms)
		DisableScriptedObjects (5ms)
		BackupInstance (0ms)
		ReleaseScriptingObjects (0ms)
		CreateAndSetChildDomain (48ms)
	RebuildCommonClasses (32ms)
	RebuildNativeTypeToScriptingClass (11ms)
	initialDomainReloadingComplete (28ms)
	LoadAllAssembliesAndSetupDomain (347ms)
		LoadAssemblies (285ms)
		RebuildTransferFunctionScriptingTraits (0ms)
		AnalyzeDomain (155ms)
			TypeCache.Refresh (6ms)
				TypeCache.ScanAssembly (0ms)
			BuildScriptInfoCaches (141ms)
			ResolveRequiredComponents (4ms)
	FinalizeReload (718ms)
		ReleaseScriptCaches (0ms)
		RebuildScriptCaches (0ms)
		SetupLoadedEditorAssemblies (588ms)
			LogAssemblyErrors (0ms)
			InitializePlatformSupportModulesInManaged (3ms)
			SetLoadedEditorAssemblies (6ms)
			BeforeProcessingInitializeOnLoad (108ms)
			ProcessInitializeOnLoadAttributes (434ms)
			ProcessInitializeOnLoadMethodAttributes (30ms)
			AfterProcessingInitializeOnLoad (6ms)
			EditorAssembliesLoaded (0ms)
		ExecutionOrderSort2 (0ms)
		AwakeInstancesAfterBackupRestoration (7ms)
Refreshing native plugins compatible for Editor in 1.55 ms, found 3 plugins.
Preloading 0 native plugins for Editor in 0.00 ms.
Unloading 0 Unused Serialized files (Serialized files now loaded: 0)
Unloading 3668 unused Assets / (1.0 MB). Loaded Objects now: 4159.
Memory consumption went from 82.4 MB to 81.4 MB.
Total: 9.309000 ms (FindLiveObjects: 0.617500 ms CreateObjectMapping: 0.661300 ms MarkObjects: 6.231700 ms  DeleteObjects: 1.796600 ms)

Prepare: number of updated asset objects reloaded= 0
========================================================================
Received Prepare
Begin MonoManager ReloadAssembly
- Loaded All Assemblies, in  0.589 seconds
Refreshing native plugins compatible for Editor in 1.39 ms, found 3 plugins.
Native extension for WindowsStandalone target not found
Mono: successfully reloaded assembly
- Finished resetting the current domain, in  0.675 seconds
Domain Reload Profiling: 1264ms
	BeginReloadAssembly (188ms)
		ExecutionOrderSort (0ms)
		DisableScriptedObjects (6ms)
		BackupInstance (0ms)
		ReleaseScriptingObjects (0ms)
		CreateAndSetChildDomain (49ms)
	RebuildCommonClasses (32ms)
	RebuildNativeTypeToScriptingClass (11ms)
	initialDomainReloadingComplete (29ms)
	LoadAllAssembliesAndSetupDomain (329ms)
		LoadAssemblies (285ms)
		RebuildTransferFunctionScriptingTraits (0ms)
		AnalyzeDomain (141ms)
			TypeCache.Refresh (6ms)
				TypeCache.ScanAssembly (0ms)
			BuildScriptInfoCaches (128ms)
			ResolveRequiredComponents (4ms)
	FinalizeReload (676ms)
		ReleaseScriptCaches (0ms)
		RebuildScriptCaches (0ms)
		SetupLoadedEditorAssemblies (548ms)
			LogAssemblyErrors (0ms)
			InitializePlatformSupportModulesInManaged (2ms)
			SetLoadedEditorAssemblies (5ms)
			BeforeProcessingInitializeOnLoad (94ms)
			ProcessInitializeOnLoadAttributes (410ms)
			ProcessInitializeOnLoadMethodAttributes (29ms)
			AfterProcessingInitializeOnLoad (6ms)
			EditorAssembliesLoaded (0ms)
		ExecutionOrderSort2 (0ms)
		AwakeInstancesAfterBackupRestoration (7ms)
Refreshing native plugins compatible for Editor in 1.11 ms, found 3 plugins.
Preloading 0 native plugins for Editor in 0.00 ms.
Unloading 0 Unused Serialized files (Serialized files now loaded: 0)
Unloading 3668 unused Assets / (1.1 MB). Loaded Objects now: 4159.
Memory consumption went from 82.4 MB to 81.3 MB.
Total: 9.022200 ms (FindLiveObjects: 0.664000 ms CreateObjectMapping: 0.438300 ms MarkObjects: 6.214100 ms  DeleteObjects: 1.704300 ms)

Prepare: number of updated asset objects reloaded= 0
========================================================================
Received Prepare
Refreshing native plugins compatible for Editor in 2.25 ms, found 3 plugins.
Preloading 0 native plugins for Editor in 0.00 ms.
Unloading 0 Unused Serialized files (Serialized files now loaded: 0)
Unloading 3661 unused Assets / (1.0 MB). Loaded Objects now: 4159.
Memory consumption went from 82.6 MB to 81.6 MB.
Total: 9.362200 ms (FindLiveObjects: 0.983200 ms CreateObjectMapping: 0.598400 ms MarkObjects: 6.097600 ms  DeleteObjects: 1.681400 ms)

Prepare: number of updated asset objects reloaded= 0
========================================================================
Received Prepare
Begin MonoManager ReloadAssembly
- Loaded All Assemblies, in  1.167 seconds
Refreshing native plugins compatible for Editor in 2.09 ms, found 3 plugins.
Native extension for WindowsStandalone target not found
Mono: successfully reloaded assembly
- Finished resetting the current domain, in  1.165 seconds
Domain Reload Profiling: 2330ms
	BeginReloadAssembly (353ms)
		ExecutionOrderSort (0ms)
		DisableScriptedObjects (9ms)
		BackupInstance (0ms)
		ReleaseScriptingObjects (0ms)
		CreateAndSetChildDomain (82ms)
	RebuildCommonClasses (80ms)
	RebuildNativeTypeToScriptingClass (26ms)
	initialDomainReloadingComplete (46ms)
	LoadAllAssembliesAndSetupDomain (660ms)
		LoadAssemblies (548ms)
		RebuildTransferFunctionScriptingTraits (0ms)
		AnalyzeDomain (310ms)
			TypeCache.Refresh (14ms)
				TypeCache.ScanAssembly (0ms)
			BuildScriptInfoCaches (282ms)
			ResolveRequiredComponents (8ms)
	FinalizeReload (1166ms)
		ReleaseScriptCaches (0ms)
		RebuildScriptCaches (0ms)
		SetupLoadedEditorAssemblies (954ms)
			LogAssemblyErrors (0ms)
			InitializePlatformSupportModulesInManaged (4ms)
			SetLoadedEditorAssemblies (7ms)
			BeforeProcessingInitializeOnLoad (193ms)
			ProcessInitializeOnLoadAttributes (719ms)
			ProcessInitializeOnLoadMethodAttributes (24ms)
			AfterProcessingInitializeOnLoad (6ms)
			EditorAssembliesLoaded (0ms)
		ExecutionOrderSort2 (0ms)
		AwakeInstancesAfterBackupRestoration (6ms)
Refreshing native plugins compatible for Editor in 1.17 ms, found 3 plugins.
Preloading 0 native plugins for Editor in 0.00 ms.
Unloading 0 Unused Serialized files (Serialized files now loaded: 0)
Unloading 3668 unused Assets / (1.0 MB). Loaded Objects now: 4159.
Memory consumption went from 82.4 MB to 81.4 MB.
Total: 6.715300 ms (FindLiveObjects: 0.508000 ms CreateObjectMapping: 0.361300 ms MarkObjects: 4.657200 ms  DeleteObjects: 1.187600 ms)

Prepare: number of updated asset objects reloaded= 0
========================================================================
Received Prepare
Begin MonoManager ReloadAssembly
- Loaded All Assemblies, in  0.598 seconds
Refreshing native plugins compatible for Editor in 1.02 ms, found 3 plugins.
Native extension for WindowsStandalone target not found
Mono: successfully reloaded assembly
- Finished resetting the current domain, in  0.719 seconds
Domain Reload Profiling: 1318ms
	BeginReloadAssembly (180ms)
		ExecutionOrderSort (0ms)
		DisableScriptedObjects (5ms)
		BackupInstance (0ms)
		ReleaseScriptingObjects (0ms)
		CreateAndSetChildDomain (47ms)
	RebuildCommonClasses (34ms)
	RebuildNativeTypeToScriptingClass (18ms)
	initialDomainReloadingComplete (29ms)
	LoadAllAssembliesAndSetupDomain (338ms)
		LoadAssemblies (280ms)
		RebuildTransferFunctionScriptingTraits (0ms)
		AnalyzeDomain (147ms)
			TypeCache.Refresh (6ms)
				TypeCache.ScanAssembly (0ms)
			BuildScriptInfoCaches (132ms)
			ResolveRequiredComponents (5ms)
	FinalizeReload (719ms)
		ReleaseScriptCaches (0ms)
		RebuildScriptCaches (0ms)
		SetupLoadedEditorAssemblies (578ms)
			LogAssemblyErrors (0ms)
			InitializePlatformSupportModulesInManaged (3ms)
			SetLoadedEditorAssemblies (5ms)
			BeforeProcessingInitializeOnLoad (103ms)
			ProcessInitializeOnLoadAttributes (431ms)
			ProcessInitializeOnLoadMethodAttributes (30ms)
			AfterProcessingInitializeOnLoad (6ms)
			EditorAssembliesLoaded (0ms)
		ExecutionOrderSort2 (0ms)
		AwakeInstancesAfterBackupRestoration (7ms)
Refreshing native plugins compatible for Editor in 1.53 ms, found 3 plugins.
Preloading 0 native plugins for Editor in 0.00 ms.
Unloading 0 Unused Serialized files (Serialized files now loaded: 0)
Unloading 3668 unused Assets / (0.9 MB). Loaded Objects now: 4159.
Memory consumption went from 82.4 MB to 81.5 MB.
Total: 10.158500 ms (FindLiveObjects: 0.588000 ms CreateObjectMapping: 0.796900 ms MarkObjects: 6.722200 ms  DeleteObjects: 2.049400 ms)

Prepare: number of updated asset objects reloaded= 0
========================================================================
Received Prepare
Begin MonoManager ReloadAssembly
- Loaded All Assemblies, in  0.589 seconds
Refreshing native plugins compatible for Editor in 0.82 ms, found 3 plugins.
Native extension for WindowsStandalone target not found
Mono: successfully reloaded assembly
- Finished resetting the current domain, in  0.716 seconds
Domain Reload Profiling: 1305ms
	BeginReloadAssembly (183ms)
		ExecutionOrderSort (0ms)
		DisableScriptedObjects (5ms)
		BackupInstance (0ms)
		ReleaseScriptingObjects (0ms)
		CreateAndSetChildDomain (50ms)
	RebuildCommonClasses (32ms)
	RebuildNativeTypeToScriptingClass (11ms)
	initialDomainReloadingComplete (26ms)
	LoadAllAssembliesAndSetupDomain (337ms)
		LoadAssemblies (282ms)
		RebuildTransferFunctionScriptingTraits (0ms)
		AnalyzeDomain (145ms)
			TypeCache.Refresh (6ms)
				TypeCache.ScanAssembly (0ms)
			BuildScriptInfoCaches (132ms)
			ResolveRequiredComponents (4ms)
	FinalizeReload (716ms)
		ReleaseScriptCaches (0ms)
		RebuildScriptCaches (0ms)
		SetupLoadedEditorAssemblies (588ms)
			LogAssemblyErrors (0ms)
			InitializePlatformSupportModulesInManaged (2ms)
			SetLoadedEditorAssemblies (5ms)
			BeforeProcessingInitializeOnLoad (105ms)
			ProcessInitializeOnLoadAttributes (441ms)
			ProcessInitializeOnLoadMethodAttributes (28ms)
			AfterProcessingInitializeOnLoad (6ms)
			EditorAssembliesLoaded (0ms)
		ExecutionOrderSort2 (0ms)
		AwakeInstancesAfterBackupRestoration (6ms)
Refreshing native plugins compatible for Editor in 1.23 ms, found 3 plugins.
Preloading 0 native plugins for Editor in 0.00 ms.
Unloading 0 Unused Serialized files (Serialized files now loaded: 0)
Unloading 3668 unused Assets / (0.9 MB). Loaded Objects now: 4159.
Memory consumption went from 82.4 MB to 81.5 MB.
Total: 7.864500 ms (FindLiveObjects: 0.571700 ms CreateObjectMapping: 0.392200 ms MarkObjects: 5.538200 ms  DeleteObjects: 1.361000 ms)

Prepare: number of updated asset objects reloaded= 0
========================================================================
Received Prepare
Begin MonoManager ReloadAssembly
- Loaded All Assemblies, in  0.580 seconds
Refreshing native plugins compatible for Editor in 0.98 ms, found 3 plugins.
Native extension for WindowsStandalone target not found
Mono: successfully reloaded assembly
- Finished resetting the current domain, in  0.679 seconds
Domain Reload Profiling: 1259ms
	BeginReloadAssembly (178ms)
		ExecutionOrderSort (0ms)
		DisableScriptedObjects (5ms)
		BackupInstance (0ms)
		ReleaseScriptingObjects (0ms)
		CreateAndSetChildDomain (49ms)
	RebuildCommonClasses (35ms)
	RebuildNativeTypeToScriptingClass (11ms)
	initialDomainReloadingComplete (25ms)
	LoadAllAssembliesAndSetupDomain (330ms)
		LoadAssemblies (278ms)
		RebuildTransferFunctionScriptingTraits (0ms)
		AnalyzeDomain (140ms)
			TypeCache.Refresh (6ms)
				TypeCache.ScanAssembly (0ms)
			BuildScriptInfoCaches (127ms)
			ResolveRequiredComponents (4ms)
	FinalizeReload (679ms)
		ReleaseScriptCaches (0ms)
		RebuildScriptCaches (0ms)
		SetupLoadedEditorAssemblies (554ms)
			LogAssemblyErrors (0ms)
			InitializePlatformSupportModulesInManaged (2ms)
			SetLoadedEditorAssemblies (5ms)
			BeforeProcessingInitializeOnLoad (97ms)
			ProcessInitializeOnLoadAttributes (413ms)
			ProcessInitializeOnLoadMethodAttributes (32ms)
			AfterProcessingInitializeOnLoad (6ms)
			EditorAssembliesLoaded (0ms)
		ExecutionOrderSort2 (0ms)
		AwakeInstancesAfterBackupRestoration (7ms)
Refreshing native plugins compatible for Editor in 1.31 ms, found 3 plugins.
Preloading 0 native plugins for Editor in 0.00 ms.
Unloading 0 Unused Serialized files (Serialized files now loaded: 0)
Unloading 3668 unused Assets / (1.2 MB). Loaded Objects now: 4159.
Memory consumption went from 82.4 MB to 81.2 MB.
Total: 9.923000 ms (FindLiveObjects: 0.566800 ms CreateObjectMapping: 0.734700 ms MarkObjects: 6.327300 ms  DeleteObjects: 2.292300 ms)

Prepare: number of updated asset objects reloaded= 0
========================================================================
Received Prepare
Begin MonoManager ReloadAssembly
- Loaded All Assemblies, in  0.578 seconds
Refreshing native plugins compatible for Editor in 0.79 ms, found 3 plugins.
Native extension for WindowsStandalone target not found
Mono: successfully reloaded assembly
- Finished resetting the current domain, in  0.685 seconds
Domain Reload Profiling: 1264ms
	BeginReloadAssembly (178ms)
		ExecutionOrderSort (0ms)
		DisableScriptedObjects (5ms)
		BackupInstance (0ms)
		ReleaseScriptingObjects (0ms)
		CreateAndSetChildDomain (49ms)
	RebuildCommonClasses (31ms)
	RebuildNativeTypeToScriptingClass (11ms)
	initialDomainReloadingComplete (26ms)
	LoadAllAssembliesAndSetupDomain (333ms)
		LoadAssemblies (272ms)
		RebuildTransferFunctionScriptingTraits (0ms)
		AnalyzeDomain (145ms)
			TypeCache.Refresh (6ms)
				TypeCache.ScanAssembly (0ms)
			BuildScriptInfoCaches (132ms)
			ResolveRequiredComponents (4ms)
	FinalizeReload (685ms)
		ReleaseScriptCaches (0ms)
		RebuildScriptCaches (0ms)
		SetupLoadedEditorAssemblies (556ms)
			LogAssemblyErrors (0ms)
			InitializePlatformSupportModulesInManaged (3ms)
			SetLoadedEditorAssemblies (4ms)
			BeforeProcessingInitializeOnLoad (93ms)
			ProcessInitializeOnLoadAttributes (415ms)
			ProcessInitializeOnLoadMethodAttributes (33ms)
			AfterProcessingInitializeOnLoad (8ms)
			EditorAssembliesLoaded (0ms)
		ExecutionOrderSort2 (0ms)
		AwakeInstancesAfterBackupRestoration (7ms)
Refreshing native plugins compatible for Editor in 1.33 ms, found 3 plugins.
Preloading 0 native plugins for Editor in 0.00 ms.
Unloading 0 Unused Serialized files (Serialized files now loaded: 0)
Unloading 3668 unused Assets / (0.9 MB). Loaded Objects now: 4159.
Memory consumption went from 82.4 MB to 81.5 MB.
Total: 7.688800 ms (FindLiveObjects: 0.500400 ms CreateObjectMapping: 0.266000 ms MarkObjects: 5.724400 ms  DeleteObjects: 1.196800 ms)

Prepare: number of updated asset objects reloaded= 0
========================================================================
Received Prepare
Begin MonoManager ReloadAssembly
- Loaded All Assemblies, in  0.588 seconds
Refreshing native plugins compatible for Editor in 0.93 ms, found 3 plugins.
Native extension for WindowsStandalone target not found
Mono: successfully reloaded assembly
- Finished resetting the current domain, in  0.685 seconds
Domain Reload Profiling: 1274ms
	BeginReloadAssembly (182ms)
		ExecutionOrderSort (0ms)
		DisableScriptedObjects (5ms)
		BackupInstance (0ms)
		ReleaseScriptingObjects (0ms)
		CreateAndSetChildDomain (49ms)
	RebuildCommonClasses (32ms)
	RebuildNativeTypeToScriptingClass (11ms)
	initialDomainReloadingComplete (25ms)
	LoadAllAssembliesAndSetupDomain (338ms)
		LoadAssemblies (288ms)
		RebuildTransferFunctionScriptingTraits (0ms)
		AnalyzeDomain (140ms)
			TypeCache.Refresh (6ms)
				TypeCache.ScanAssembly (0ms)
			BuildScriptInfoCaches (127ms)
			ResolveRequiredComponents (4ms)
	FinalizeReload (686ms)
		ReleaseScriptCaches (0ms)
		RebuildScriptCaches (0ms)
		SetupLoadedEditorAssemblies (561ms)
			LogAssemblyErrors (0ms)
			InitializePlatformSupportModulesInManaged (2ms)
			SetLoadedEditorAssemblies (5ms)
			BeforeProcessingInitializeOnLoad (94ms)
			ProcessInitializeOnLoadAttributes (425ms)
			ProcessInitializeOnLoadMethodAttributes (27ms)
			AfterProcessingInitializeOnLoad (7ms)
			EditorAssembliesLoaded (0ms)
		ExecutionOrderSort2 (0ms)
		AwakeInstancesAfterBackupRestoration (6ms)
Refreshing native plugins compatible for Editor in 1.30 ms, found 3 plugins.
Preloading 0 native plugins for Editor in 0.00 ms.
Unloading 0 Unused Serialized files (Serialized files now loaded: 0)
Unloading 3668 unused Assets / (0.9 MB). Loaded Objects now: 4159.
Memory consumption went from 82.4 MB to 81.5 MB.
Total: 9.194800 ms (FindLiveObjects: 0.662200 ms CreateObjectMapping: 0.610000 ms MarkObjects: 6.206600 ms  DeleteObjects: 1.714100 ms)

Prepare: number of updated asset objects reloaded= 0
========================================================================
Received Prepare
Refreshing native plugins compatible for Editor in 2.55 ms, found 3 plugins.
Preloading 0 native plugins for Editor in 0.00 ms.
Unloading 0 Unused Serialized files (Serialized files now loaded: 0)
Unloading 3661 unused Assets / (1.0 MB). Loaded Objects now: 4159.
Memory consumption went from 82.6 MB to 81.5 MB.
Total: 13.948000 ms (FindLiveObjects: 0.897500 ms CreateObjectMapping: 0.661400 ms MarkObjects: 10.371900 ms  DeleteObjects: 2.015000 ms)

Prepare: number of updated asset objects reloaded= 0
========================================================================
Received Prepare
Begin MonoManager ReloadAssembly
- Loaded All Assemblies, in  1.162 seconds
Refreshing native plugins compatible for Editor in 2.34 ms, found 3 plugins.
Native extension for WindowsStandalone target not found
Mono: successfully reloaded assembly
- Finished resetting the current domain, in  1.123 seconds
Domain Reload Profiling: 2281ms
	BeginReloadAssembly (331ms)
		ExecutionOrderSort (0ms)
		DisableScriptedObjects (9ms)
		BackupInstance (0ms)
		ReleaseScriptingObjects (0ms)
		CreateAndSetChildDomain (67ms)
	RebuildCommonClasses (70ms)
	RebuildNativeTypeToScriptingClass (32ms)
	initialDomainReloadingComplete (59ms)
	LoadAllAssembliesAndSetupDomain (665ms)
		LoadAssemblies (552ms)
		RebuildTransferFunctionScriptingTraits (0ms)
		AnalyzeDomain (306ms)
			TypeCache.Refresh (16ms)
				TypeCache.ScanAssembly (0ms)
			BuildScriptInfoCaches (279ms)
			ResolveRequiredComponents (7ms)
	FinalizeReload (1124ms)
		ReleaseScriptCaches (0ms)
		RebuildScriptCaches (0ms)
		SetupLoadedEditorAssemblies (939ms)
			LogAssemblyErrors (0ms)
			InitializePlatformSupportModulesInManaged (4ms)
			SetLoadedEditorAssemblies (4ms)
			BeforeProcessingInitializeOnLoad (176ms)
			ProcessInitializeOnLoadAttributes (703ms)
			ProcessInitializeOnLoadMethodAttributes (44ms)
			AfterProcessingInitializeOnLoad (8ms)
			EditorAssembliesLoaded (0ms)
		ExecutionOrderSort2 (0ms)
		AwakeInstancesAfterBackupRestoration (10ms)
Refreshing native plugins compatible for Editor in 0.98 ms, found 3 plugins.
Preloading 0 native plugins for Editor in 0.00 ms.
Unloading 0 Unused Serialized files (Serialized files now loaded: 0)
Unloading 3668 unused Assets / (0.7 MB). Loaded Objects now: 4159.
Memory consumption went from 82.4 MB to 81.7 MB.
Total: 5.364900 ms (FindLiveObjects: 0.432700 ms CreateObjectMapping: 0.199400 ms MarkObjects: 3.958200 ms  DeleteObjects: 0.773400 ms)

Prepare: number of updated asset objects reloaded= 0
========================================================================
Received Prepare
Begin MonoManager ReloadAssembly
- Loaded All Assemblies, in  0.578 seconds
Refreshing native plugins compatible for Editor in 0.89 ms, found 3 plugins.
Native extension for WindowsStandalone target not found
Mono: successfully reloaded assembly
- Finished resetting the current domain, in  0.644 seconds
Domain Reload Profiling: 1222ms
	BeginReloadAssembly (181ms)
		ExecutionOrderSort (0ms)
		DisableScriptedObjects (5ms)
		BackupInstance (0ms)
		ReleaseScriptingObjects (0ms)
		CreateAndSetChildDomain (48ms)
	RebuildCommonClasses (31ms)
	RebuildNativeTypeToScriptingClass (11ms)
	initialDomainReloadingComplete (27ms)
	LoadAllAssembliesAndSetupDomain (327ms)
		LoadAssemblies (280ms)
		RebuildTransferFunctionScriptingTraits (0ms)
		AnalyzeDomain (137ms)
			TypeCache.Refresh (6ms)
				TypeCache.ScanAssembly (0ms)
			BuildScriptInfoCaches (124ms)
			ResolveRequiredComponents (4ms)
	FinalizeReload (644ms)
		ReleaseScriptCaches (0ms)
		RebuildScriptCaches (0ms)
		SetupLoadedEditorAssemblies (529ms)
			LogAssemblyErrors (0ms)
			InitializePlatformSupportModulesInManaged (3ms)
			SetLoadedEditorAssemblies (3ms)
			BeforeProcessingInitializeOnLoad (82ms)
			ProcessInitializeOnLoadAttributes (410ms)
			ProcessInitializeOnLoadMethodAttributes (26ms)
			AfterProcessingInitializeOnLoad (5ms)
			EditorAssembliesLoaded (0ms)
		ExecutionOrderSort2 (0ms)
		AwakeInstancesAfterBackupRestoration (6ms)
Refreshing native plugins compatible for Editor in 1.52 ms, found 3 plugins.
Preloading 0 native plugins for Editor in 0.00 ms.
Unloading 0 Unused Serialized files (Serialized files now loaded: 0)
Unloading 3668 unused Assets / (0.8 MB). Loaded Objects now: 4159.
Memory consumption went from 82.4 MB to 81.6 MB.
Total: 9.252900 ms (FindLiveObjects: 0.575800 ms CreateObjectMapping: 0.442300 ms MarkObjects: 6.551000 ms  DeleteObjects: 1.681700 ms)

Prepare: number of updated asset objects reloaded= 0
========================================================================
Received Prepare
Begin MonoManager ReloadAssembly
- Loaded All Assemblies, in  0.603 seconds
Refreshing native plugins compatible for Editor in 1.67 ms, found 3 plugins.
Native extension for WindowsStandalone target not found
Mono: successfully reloaded assembly
- Finished resetting the current domain, in  0.723 seconds
Domain Reload Profiling: 1328ms
	BeginReloadAssembly (185ms)
		ExecutionOrderSort (0ms)
		DisableScriptedObjects (6ms)
		BackupInstance (0ms)
		ReleaseScriptingObjects (0ms)
		CreateAndSetChildDomain (49ms)
	RebuildCommonClasses (34ms)
	RebuildNativeTypeToScriptingClass (11ms)
	initialDomainReloadingComplete (27ms)
	LoadAllAssembliesAndSetupDomain (346ms)
		LoadAssemblies (293ms)
		RebuildTransferFunctionScriptingTraits (0ms)
		AnalyzeDomain (144ms)
			TypeCache.Refresh (7ms)
				TypeCache.ScanAssembly (0ms)
			BuildScriptInfoCaches (128ms)
			ResolveRequiredComponents (5ms)
	FinalizeReload (724ms)
		ReleaseScriptCaches (0ms)
		RebuildScriptCaches (0ms)
		SetupLoadedEditorAssemblies (585ms)
			LogAssemblyErrors (0ms)
			InitializePlatformSupportModulesInManaged (4ms)
			SetLoadedEditorAssemblies (5ms)
			BeforeProcessingInitializeOnLoad (95ms)
			ProcessInitializeOnLoadAttributes (446ms)
			ProcessInitializeOnLoadMethodAttributes (31ms)
			AfterProcessingInitializeOnLoad (6ms)
			EditorAssembliesLoaded (0ms)
		ExecutionOrderSort2 (0ms)
		AwakeInstancesAfterBackupRestoration (6ms)
Refreshing native plugins compatible for Editor in 1.16 ms, found 3 plugins.
Preloading 0 native plugins for Editor in 0.00 ms.
Unloading 0 Unused Serialized files (Serialized files now loaded: 0)
Unloading 3668 unused Assets / (0.9 MB). Loaded Objects now: 4159.
Memory consumption went from 82.4 MB to 81.5 MB.
Total: 10.395900 ms (FindLiveObjects: 1.102700 ms CreateObjectMapping: 0.620900 ms MarkObjects: 6.944300 ms  DeleteObjects: 1.726200 ms)

Prepare: number of updated asset objects reloaded= 0
========================================================================
Received Prepare
Begin MonoManager ReloadAssembly
- Loaded All Assemblies, in  0.581 seconds
Refreshing native plugins compatible for Editor in 1.08 ms, found 3 plugins.
Native extension for WindowsStandalone target not found
Mono: successfully reloaded assembly
- Finished resetting the current domain, in  0.673 seconds
Domain Reload Profiling: 1254ms
	BeginReloadAssembly (175ms)
		ExecutionOrderSort (0ms)
		DisableScriptedObjects (6ms)
		BackupInstance (0ms)
		ReleaseScriptingObjects (0ms)
		CreateAndSetChildDomain (48ms)
	RebuildCommonClasses (33ms)
	RebuildNativeTypeToScriptingClass (10ms)
	initialDomainReloadingComplete (27ms)
	LoadAllAssembliesAndSetupDomain (335ms)
		LoadAssemblies (274ms)
		RebuildTransferFunctionScriptingTraits (0ms)
		AnalyzeDomain (147ms)
			TypeCache.Refresh (6ms)
				TypeCache.ScanAssembly (0ms)
			BuildScriptInfoCaches (134ms)
			ResolveRequiredComponents (4ms)
	FinalizeReload (673ms)
		ReleaseScriptCaches (0ms)
		RebuildScriptCaches (0ms)
		SetupLoadedEditorAssemblies (548ms)
			LogAssemblyErrors (0ms)
			InitializePlatformSupportModulesInManaged (2ms)
			SetLoadedEditorAssemblies (3ms)
			BeforeProcessingInitializeOnLoad (82ms)
			ProcessInitializeOnLoadAttributes (429ms)
			ProcessInitializeOnLoadMethodAttributes (26ms)
			AfterProcessingInitializeOnLoad (6ms)
			EditorAssembliesLoaded (0ms)
		ExecutionOrderSort2 (0ms)
		AwakeInstancesAfterBackupRestoration (8ms)
Refreshing native plugins compatible for Editor in 1.30 ms, found 3 plugins.
Preloading 0 native plugins for Editor in 0.00 ms.
Unloading 0 Unused Serialized files (Serialized files now loaded: 0)
Unloading 3668 unused Assets / (0.9 MB). Loaded Objects now: 4159.
Memory consumption went from 82.4 MB to 81.5 MB.
Total: 8.942000 ms (FindLiveObjects: 0.763300 ms CreateObjectMapping: 0.564100 ms MarkObjects: 6.267100 ms  DeleteObjects: 1.346100 ms)

Prepare: number of updated asset objects reloaded= 0
========================================================================
Received Prepare
Begin MonoManager ReloadAssembly
- Loaded All Assemblies, in  0.691 seconds
Refreshing native plugins compatible for Editor in 1.41 ms, found 3 plugins.
Native extension for WindowsStandalone target not found
Mono: successfully reloaded assembly
- Finished resetting the current domain, in  0.696 seconds
Domain Reload Profiling: 1389ms
	BeginReloadAssembly (206ms)
		ExecutionOrderSort (0ms)
		DisableScriptedObjects (5ms)
		BackupInstance (0ms)
		ReleaseScriptingObjects (0ms)
		CreateAndSetChildDomain (55ms)
	RebuildCommonClasses (33ms)
	RebuildNativeTypeToScriptingClass (11ms)
	initialDomainReloadingComplete (28ms)
	LoadAllAssembliesAndSetupDomain (414ms)
		LoadAssemblies (360ms)
		RebuildTransferFunctionScriptingTraits (0ms)
		AnalyzeDomain (158ms)
			TypeCache.Refresh (6ms)
				TypeCache.ScanAssembly (0ms)
			BuildScriptInfoCaches (143ms)
			ResolveRequiredComponents (5ms)
	FinalizeReload (697ms)
		ReleaseScriptCaches (0ms)
		RebuildScriptCaches (0ms)
		SetupLoadedEditorAssemblies (554ms)
			LogAssemblyErrors (0ms)
			InitializePlatformSupportModulesInManaged (3ms)
			SetLoadedEditorAssemblies (3ms)
			BeforeProcessingInitializeOnLoad (94ms)
			ProcessInitializeOnLoadAttributes (421ms)
			ProcessInitializeOnLoadMethodAttributes (27ms)
			AfterProcessingInitializeOnLoad (6ms)
			EditorAssembliesLoaded (0ms)
		ExecutionOrderSort2 (0ms)
		AwakeInstancesAfterBackupRestoration (8ms)
Refreshing native plugins compatible for Editor in 1.17 ms, found 3 plugins.
Preloading 0 native plugins for Editor in 0.00 ms.
Unloading 0 Unused Serialized files (Serialized files now loaded: 0)
Unloading 3668 unused Assets / (1.2 MB). Loaded Objects now: 4159.
Memory consumption went from 82.4 MB to 81.2 MB.
Total: 7.789200 ms (FindLiveObjects: 0.498000 ms CreateObjectMapping: 0.264100 ms MarkObjects: 5.207900 ms  DeleteObjects: 1.817200 ms)

Prepare: number of updated asset objects reloaded= 0
========================================================================
Received Prepare
Begin MonoManager ReloadAssembly
- Loaded All Assemblies, in  0.587 seconds
Refreshing native plugins compatible for Editor in 0.92 ms, found 3 plugins.
Native extension for WindowsStandalone target not found
Mono: successfully reloaded assembly
- Finished resetting the current domain, in  0.661 seconds
Domain Reload Profiling: 1248ms
	BeginReloadAssembly (180ms)
		ExecutionOrderSort (0ms)
		DisableScriptedObjects (5ms)
		BackupInstance (0ms)
		ReleaseScriptingObjects (0ms)
		CreateAndSetChildDomain (48ms)
	RebuildCommonClasses (31ms)
	RebuildNativeTypeToScriptingClass (10ms)
	initialDomainReloadingComplete (25ms)
	LoadAllAssembliesAndSetupDomain (340ms)
		LoadAssemblies (281ms)
		RebuildTransferFunctionScriptingTraits (0ms)
		AnalyzeDomain (149ms)
			TypeCache.Refresh (7ms)
				TypeCache.ScanAssembly (0ms)
			BuildScriptInfoCaches (135ms)
			ResolveRequiredComponents (4ms)
	FinalizeReload (662ms)
		ReleaseScriptCaches (0ms)
		RebuildScriptCaches (0ms)
		SetupLoadedEditorAssemblies (538ms)
			LogAssemblyErrors (0ms)
			InitializePlatformSupportModulesInManaged (2ms)
			SetLoadedEditorAssemblies (2ms)
			BeforeProcessingInitializeOnLoad (82ms)
			ProcessInitializeOnLoadAttributes (420ms)
			ProcessInitializeOnLoadMethodAttributes (25ms)
			AfterProcessingInitializeOnLoad (5ms)
			EditorAssembliesLoaded (0ms)
		ExecutionOrderSort2 (0ms)
		AwakeInstancesAfterBackupRestoration (7ms)
Refreshing native plugins compatible for Editor in 1.24 ms, found 3 plugins.
Preloading 0 native plugins for Editor in 0.00 ms.
Unloading 0 Unused Serialized files (Serialized files now loaded: 0)
Unloading 3668 unused Assets / (0.9 MB). Loaded Objects now: 4159.
Memory consumption went from 82.4 MB to 81.5 MB.
Total: 8.807600 ms (FindLiveObjects: 0.786900 ms CreateObjectMapping: 0.379400 ms MarkObjects: 6.421200 ms  DeleteObjects: 1.218900 ms)

Prepare: number of updated asset objects reloaded= 0
========================================================================
Received Prepare
Begin MonoManager ReloadAssembly
- Loaded All Assemblies, in  0.590 seconds
Refreshing native plugins compatible for Editor in 0.82 ms, found 3 plugins.
Native extension for WindowsStandalone target not found
Mono: successfully reloaded assembly
- Finished resetting the current domain, in  0.707 seconds
Domain Reload Profiling: 1298ms
	BeginReloadAssembly (175ms)
		ExecutionOrderSort (0ms)
		DisableScriptedObjects (7ms)
		BackupInstance (0ms)
		ReleaseScriptingObjects (0ms)
		CreateAndSetChildDomain (48ms)
	RebuildCommonClasses (32ms)
	RebuildNativeTypeToScriptingClass (13ms)
	initialDomainReloadingComplete (32ms)
	LoadAllAssembliesAndSetupDomain (338ms)
		LoadAssemblies (276ms)
		RebuildTransferFunctionScriptingTraits (0ms)
		AnalyzeDomain (146ms)
			TypeCache.Refresh (6ms)
				TypeCache.ScanAssembly (0ms)
			BuildScriptInfoCaches (133ms)
			ResolveRequiredComponents (4ms)
	FinalizeReload (707ms)
		ReleaseScriptCaches (0ms)
		RebuildScriptCaches (0ms)
		SetupLoadedEditorAssemblies (580ms)
			LogAssemblyErrors (0ms)
			InitializePlatformSupportModulesInManaged (3ms)
			SetLoadedEditorAssemblies (3ms)
			BeforeProcessingInitializeOnLoad (98ms)
			ProcessInitializeOnLoadAttributes (441ms)
			ProcessInitializeOnLoadMethodAttributes (29ms)
			AfterProcessingInitializeOnLoad (6ms)
			EditorAssembliesLoaded (0ms)
		ExecutionOrderSort2 (0ms)
		AwakeInstancesAfterBackupRestoration (8ms)
Refreshing native plugins compatible for Editor in 1.31 ms, found 3 plugins.
Preloading 0 native plugins for Editor in 0.00 ms.
Unloading 0 Unused Serialized files (Serialized files now loaded: 0)
Unloading 3668 unused Assets / (0.7 MB). Loaded Objects now: 4159.
Memory consumption went from 82.4 MB to 81.7 MB.
Total: 8.750100 ms (FindLiveObjects: 0.611300 ms CreateObjectMapping: 0.788400 ms MarkObjects: 6.034600 ms  DeleteObjects: 1.314300 ms)

Prepare: number of updated asset objects reloaded= 0
========================================================================
Received Prepare
Begin MonoManager ReloadAssembly
- Loaded All Assemblies, in  0.582 seconds
Refreshing native plugins compatible for Editor in 1.00 ms, found 3 plugins.
Native extension for WindowsStandalone target not found
Mono: successfully reloaded assembly
- Finished resetting the current domain, in  0.651 seconds
Domain Reload Profiling: 1234ms
	BeginReloadAssembly (182ms)
		ExecutionOrderSort (0ms)
		DisableScriptedObjects (5ms)
		BackupInstance (0ms)
		ReleaseScriptingObjects (0ms)
		CreateAndSetChildDomain (54ms)
	RebuildCommonClasses (31ms)
	RebuildNativeTypeToScriptingClass (10ms)
	initialDomainReloadingComplete (26ms)
	LoadAllAssembliesAndSetupDomain (332ms)
		LoadAssemblies (280ms)
		RebuildTransferFunctionScriptingTraits (0ms)
		AnalyzeDomain (138ms)
			TypeCache.Refresh (6ms)
				TypeCache.ScanAssembly (0ms)
			BuildScriptInfoCaches (125ms)
			ResolveRequiredComponents (4ms)
	FinalizeReload (652ms)
		ReleaseScriptCaches (0ms)
		RebuildScriptCaches (0ms)
		SetupLoadedEditorAssemblies (534ms)
			LogAssemblyErrors (0ms)
			InitializePlatformSupportModulesInManaged (2ms)
			SetLoadedEditorAssemblies (2ms)
			BeforeProcessingInitializeOnLoad (84ms)
			ProcessInitializeOnLoadAttributes (414ms)
			ProcessInitializeOnLoadMethodAttributes (25ms)
			AfterProcessingInitializeOnLoad (6ms)
			EditorAssembliesLoaded (0ms)
		ExecutionOrderSort2 (0ms)
		AwakeInstancesAfterBackupRestoration (6ms)
Refreshing native plugins compatible for Editor in 1.32 ms, found 3 plugins.
Preloading 0 native plugins for Editor in 0.00 ms.
Unloading 0 Unused Serialized files (Serialized files now loaded: 0)
Unloading 3668 unused Assets / (1.1 MB). Loaded Objects now: 4159.
Memory consumption went from 82.4 MB to 81.3 MB.
Total: 10.024200 ms (FindLiveObjects: 0.563200 ms CreateObjectMapping: 0.448200 ms MarkObjects: 7.344000 ms  DeleteObjects: 1.667000 ms)

Prepare: number of updated asset objects reloaded= 0
========================================================================
Received Prepare
Begin MonoManager ReloadAssembly
- Loaded All Assemblies, in  0.588 seconds
Refreshing native plugins compatible for Editor in 0.88 ms, found 3 plugins.
Native extension for WindowsStandalone target not found
Mono: successfully reloaded assembly
- Finished resetting the current domain, in  0.660 seconds
Domain Reload Profiling: 1249ms
	BeginReloadAssembly (183ms)
		ExecutionOrderSort (0ms)
		DisableScriptedObjects (5ms)
		BackupInstance (0ms)
		ReleaseScriptingObjects (0ms)
		CreateAndSetChildDomain (51ms)
	RebuildCommonClasses (31ms)
	RebuildNativeTypeToScriptingClass (10ms)
	initialDomainReloadingComplete (26ms)
	LoadAllAssembliesAndSetupDomain (338ms)
		LoadAssemblies (282ms)
		RebuildTransferFunctionScriptingTraits (0ms)
		AnalyzeDomain (143ms)
			TypeCache.Refresh (6ms)
				TypeCache.ScanAssembly (0ms)
			BuildScriptInfoCaches (129ms)
			ResolveRequiredComponents (4ms)
	FinalizeReload (660ms)
		ReleaseScriptCaches (0ms)
		RebuildScriptCaches (0ms)
		SetupLoadedEditorAssemblies (541ms)
			LogAssemblyErrors (0ms)
			InitializePlatformSupportModulesInManaged (2ms)
			SetLoadedEditorAssemblies (3ms)
			BeforeProcessingInitializeOnLoad (85ms)
			ProcessInitializeOnLoadAttributes (419ms)
			ProcessInitializeOnLoadMethodAttributes (26ms)
			AfterProcessingInitializeOnLoad (6ms)
			EditorAssembliesLoaded (0ms)
		ExecutionOrderSort2 (0ms)
		AwakeInstancesAfterBackupRestoration (7ms)
Refreshing native plugins compatible for Editor in 1.38 ms, found 3 plugins.
Preloading 0 native plugins for Editor in 0.00 ms.
Unloading 0 Unused Serialized files (Serialized files now loaded: 0)
Unloading 3668 unused Assets / (0.8 MB). Loaded Objects now: 4159.
Memory consumption went from 82.4 MB to 81.6 MB.
Total: 8.905400 ms (FindLiveObjects: 0.620200 ms CreateObjectMapping: 0.808800 ms MarkObjects: 6.143600 ms  DeleteObjects: 1.331100 ms)

Prepare: number of updated asset objects reloaded= 0
========================================================================
Received Prepare
Begin MonoManager ReloadAssembly
- Loaded All Assemblies, in  0.605 seconds
Refreshing native plugins compatible for Editor in 0.92 ms, found 3 plugins.
Native extension for WindowsStandalone target not found
Mono: successfully reloaded assembly
- Finished resetting the current domain, in  0.662 seconds
Domain Reload Profiling: 1268ms
	BeginReloadAssembly (195ms)
		ExecutionOrderSort (0ms)
		DisableScriptedObjects (6ms)
		BackupInstance (0ms)
		ReleaseScriptingObjects (0ms)
		CreateAndSetChildDomain (49ms)
	RebuildCommonClasses (31ms)
	RebuildNativeTypeToScriptingClass (10ms)
	initialDomainReloadingComplete (28ms)
	LoadAllAssembliesAndSetupDomain (341ms)
		LoadAssemblies (291ms)
		RebuildTransferFunctionScriptingTraits (0ms)
		AnalyzeDomain (147ms)
			TypeCache.Refresh (6ms)
				TypeCache.ScanAssembly (0ms)
			BuildScriptInfoCaches (134ms)
			ResolveRequiredComponents (4ms)
	FinalizeReload (662ms)
		ReleaseScriptCaches (0ms)
		RebuildScriptCaches (0ms)
		SetupLoadedEditorAssemblies (532ms)
			LogAssemblyErrors (0ms)
			InitializePlatformSupportModulesInManaged (2ms)
			SetLoadedEditorAssemblies (2ms)
			BeforeProcessingInitializeOnLoad (87ms)
			ProcessInitializeOnLoadAttributes (409ms)
			ProcessInitializeOnLoadMethodAttributes (25ms)
			AfterProcessingInitializeOnLoad (7ms)
			EditorAssembliesLoaded (0ms)
		ExecutionOrderSort2 (0ms)
		AwakeInstancesAfterBackupRestoration (6ms)
Refreshing native plugins compatible for Editor in 1.44 ms, found 3 plugins.
Preloading 0 native plugins for Editor in 0.00 ms.
Unloading 0 Unused Serialized files (Serialized files now loaded: 0)
Unloading 3668 unused Assets / (0.8 MB). Loaded Objects now: 4159.
Memory consumption went from 82.4 MB to 81.6 MB.
Total: 9.115700 ms (FindLiveObjects: 0.633200 ms CreateObjectMapping: 0.407700 ms MarkObjects: 6.346600 ms  DeleteObjects: 1.726300 ms)

Prepare: number of updated asset objects reloaded= 0
========================================================================
Received Prepare
Begin MonoManager ReloadAssembly
- Loaded All Assemblies, in  0.583 seconds
Refreshing native plugins compatible for Editor in 0.79 ms, found 3 plugins.
Native extension for WindowsStandalone target not found
Mono: successfully reloaded assembly
- Finished resetting the current domain, in  0.672 seconds
Domain Reload Profiling: 1256ms
	BeginReloadAssembly (184ms)
		ExecutionOrderSort (0ms)
		DisableScriptedObjects (5ms)
		BackupInstance (0ms)
		ReleaseScriptingObjects (0ms)
		CreateAndSetChildDomain (51ms)
	RebuildCommonClasses (31ms)
	RebuildNativeTypeToScriptingClass (12ms)
	initialDomainReloadingComplete (25ms)
	LoadAllAssembliesAndSetupDomain (332ms)
		LoadAssemblies (283ms)
		RebuildTransferFunctionScriptingTraits (0ms)
		AnalyzeDomain (142ms)
			TypeCache.Refresh (6ms)
				TypeCache.ScanAssembly (0ms)
			BuildScriptInfoCaches (129ms)
			ResolveRequiredComponents (4ms)
	FinalizeReload (672ms)
		ReleaseScriptCaches (0ms)
		RebuildScriptCaches (0ms)
		SetupLoadedEditorAssemblies (551ms)
			LogAssemblyErrors (0ms)
			InitializePlatformSupportModulesInManaged (2ms)
			SetLoadedEditorAssemblies (3ms)
			BeforeProcessingInitializeOnLoad (82ms)
			ProcessInitializeOnLoadAttributes (430ms)
			ProcessInitializeOnLoadMethodAttributes (28ms)
			AfterProcessingInitializeOnLoad (5ms)
			EditorAssembliesLoaded (0ms)
		ExecutionOrderSort2 (0ms)
		AwakeInstancesAfterBackupRestoration (7ms)
Refreshing native plugins compatible for Editor in 1.16 ms, found 3 plugins.
Preloading 0 native plugins for Editor in 0.00 ms.
Unloading 0 Unused Serialized files (Serialized files now loaded: 0)
Unloading 3668 unused Assets / (1.2 MB). Loaded Objects now: 4159.
Memory consumption went from 82.4 MB to 81.2 MB.
Total: 10.304000 ms (FindLiveObjects: 0.705500 ms CreateObjectMapping: 0.912300 ms MarkObjects: 6.670000 ms  DeleteObjects: 2.014500 ms)

Prepare: number of updated asset objects reloaded= 0
========================================================================
Received Prepare
Begin MonoManager ReloadAssembly
- Loaded All Assemblies, in  0.610 seconds
Refreshing native plugins compatible for Editor in 1.20 ms, found 3 plugins.
Native extension for WindowsStandalone target not found
Mono: successfully reloaded assembly
- Finished resetting the current domain, in  0.697 seconds
Domain Reload Profiling: 1307ms
	BeginReloadAssembly (184ms)
		ExecutionOrderSort (0ms)
		DisableScriptedObjects (5ms)
		BackupInstance (0ms)
		ReleaseScriptingObjects (0ms)
		CreateAndSetChildDomain (48ms)
	RebuildCommonClasses (35ms)
	RebuildNativeTypeToScriptingClass (12ms)
	initialDomainReloadingComplete (26ms)
	LoadAllAssembliesAndSetupDomain (352ms)
		LoadAssemblies (298ms)
		RebuildTransferFunctionScriptingTraits (0ms)
		AnalyzeDomain (148ms)
			TypeCache.Refresh (6ms)
				TypeCache.ScanAssembly (0ms)
			BuildScriptInfoCaches (135ms)
			ResolveRequiredComponents (4ms)
	FinalizeReload (698ms)
		ReleaseScriptCaches (0ms)
		RebuildScriptCaches (0ms)
		SetupLoadedEditorAssemblies (566ms)
			LogAssemblyErrors (0ms)
			InitializePlatformSupportModulesInManaged (3ms)
			SetLoadedEditorAssemblies (3ms)
			BeforeProcessingInitializeOnLoad (96ms)
			ProcessInitializeOnLoadAttributes (435ms)
			ProcessInitializeOnLoadMethodAttributes (25ms)
			AfterProcessingInitializeOnLoad (5ms)
			EditorAssembliesLoaded (0ms)
		ExecutionOrderSort2 (0ms)
		AwakeInstancesAfterBackupRestoration (6ms)
Refreshing native plugins compatible for Editor in 1.18 ms, found 3 plugins.
Preloading 0 native plugins for Editor in 0.00 ms.
Unloading 0 Unused Serialized files (Serialized files now loaded: 0)
Unloading 3668 unused Assets / (0.8 MB). Loaded Objects now: 4159.
Memory consumption went from 82.4 MB to 81.6 MB.
Total: 7.413500 ms (FindLiveObjects: 0.593600 ms CreateObjectMapping: 0.223400 ms MarkObjects: 5.344200 ms  DeleteObjects: 1.250800 ms)

Prepare: number of updated asset objects reloaded= 0
========================================================================
Received Prepare
Begin MonoManager ReloadAssembly
- Loaded All Assemblies, in  0.581 seconds
Refreshing native plugins compatible for Editor in 0.95 ms, found 3 plugins.
Native extension for WindowsStandalone target not found
Mono: successfully reloaded assembly
- Finished resetting the current domain, in  0.725 seconds
Domain Reload Profiling: 1308ms
	BeginReloadAssembly (181ms)
		ExecutionOrderSort (0ms)
		DisableScriptedObjects (5ms)
		BackupInstance (0ms)
		ReleaseScriptingObjects (0ms)
		CreateAndSetChildDomain (50ms)
	RebuildCommonClasses (31ms)
	RebuildNativeTypeToScriptingClass (10ms)
	initialDomainReloadingComplete (26ms)
	LoadAllAssembliesAndSetupDomain (334ms)
		LoadAssemblies (281ms)
		RebuildTransferFunctionScriptingTraits (0ms)
		AnalyzeDomain (141ms)
			TypeCache.Refresh (6ms)
				TypeCache.ScanAssembly (0ms)
			BuildScriptInfoCaches (128ms)
			ResolveRequiredComponents (4ms)
	FinalizeReload (726ms)
		ReleaseScriptCaches (0ms)
		RebuildScriptCaches (0ms)
		SetupLoadedEditorAssemblies (591ms)
			LogAssemblyErrors (0ms)
			InitializePlatformSupportModulesInManaged (3ms)
			SetLoadedEditorAssemblies (3ms)
			BeforeProcessingInitializeOnLoad (99ms)
			ProcessInitializeOnLoadAttributes (452ms)
			ProcessInitializeOnLoadMethodAttributes (27ms)
			AfterProcessingInitializeOnLoad (6ms)
			EditorAssembliesLoaded (0ms)
		ExecutionOrderSort2 (0ms)
		AwakeInstancesAfterBackupRestoration (8ms)
Refreshing native plugins compatible for Editor in 1.46 ms, found 3 plugins.
Preloading 0 native plugins for Editor in 0.00 ms.
Unloading 0 Unused Serialized files (Serialized files now loaded: 0)
Unloading 3668 unused Assets / (0.8 MB). Loaded Objects now: 4159.
Memory consumption went from 82.4 MB to 81.6 MB.
Total: 8.568900 ms (FindLiveObjects: 0.767700 ms CreateObjectMapping: 0.745700 ms MarkObjects: 5.812400 ms  DeleteObjects: 1.241500 ms)

Prepare: number of updated asset objects reloaded= 0
========================================================================
Received Prepare
Begin MonoManager ReloadAssembly
- Loaded All Assemblies, in  0.616 seconds
Refreshing native plugins compatible for Editor in 1.29 ms, found 3 plugins.
Native extension for WindowsStandalone target not found
Mono: successfully reloaded assembly
- Finished resetting the current domain, in  0.708 seconds
Domain Reload Profiling: 1324ms
	BeginReloadAssembly (191ms)
		ExecutionOrderSort (0ms)
		DisableScriptedObjects (5ms)
		BackupInstance (0ms)
		ReleaseScriptingObjects (0ms)
		CreateAndSetChildDomain (52ms)
	RebuildCommonClasses (32ms)
	RebuildNativeTypeToScriptingClass (10ms)
	initialDomainReloadingComplete (28ms)
	LoadAllAssembliesAndSetupDomain (354ms)
		LoadAssemblies (300ms)
		RebuildTransferFunctionScriptingTraits (0ms)
		AnalyzeDomain (150ms)
			TypeCache.Refresh (6ms)
				TypeCache.ScanAssembly (0ms)
			BuildScriptInfoCaches (136ms)
			ResolveRequiredComponents (4ms)
	FinalizeReload (708ms)
		ReleaseScriptCaches (0ms)
		RebuildScriptCaches (0ms)
		SetupLoadedEditorAssemblies (571ms)
			LogAssemblyErrors (0ms)
			InitializePlatformSupportModulesInManaged (3ms)
			SetLoadedEditorAssemblies (4ms)
			BeforeProcessingInitializeOnLoad (87ms)
			ProcessInitializeOnLoadAttributes (441ms)
			ProcessInitializeOnLoadMethodAttributes (30ms)
			AfterProcessingInitializeOnLoad (7ms)
			EditorAssembliesLoaded (0ms)
		ExecutionOrderSort2 (0ms)
		AwakeInstancesAfterBackupRestoration (7ms)
Refreshing native plugins compatible for Editor in 1.44 ms, found 3 plugins.
Preloading 0 native plugins for Editor in 0.00 ms.
Unloading 0 Unused Serialized files (Serialized files now loaded: 0)
Unloading 3668 unused Assets / (1.1 MB). Loaded Objects now: 4159.
Memory consumption went from 82.4 MB to 81.3 MB.
Total: 8.855200 ms (FindLiveObjects: 1.022600 ms CreateObjectMapping: 0.692200 ms MarkObjects: 5.462200 ms  DeleteObjects: 1.676300 ms)

Prepare: number of updated asset objects reloaded= 0
========================================================================
Received Prepare
Begin MonoManager ReloadAssembly
- Loaded All Assemblies, in  0.616 seconds
Refreshing native plugins compatible for Editor in 1.27 ms, found 3 plugins.
Native extension for WindowsStandalone target not found
Mono: successfully reloaded assembly
- Finished resetting the current domain, in  0.751 seconds
Domain Reload Profiling: 1368ms
	BeginReloadAssembly (189ms)
		ExecutionOrderSort (0ms)
		DisableScriptedObjects (5ms)
		BackupInstance (0ms)
		ReleaseScriptingObjects (0ms)
		CreateAndSetChildDomain (50ms)
	RebuildCommonClasses (34ms)
	RebuildNativeTypeToScriptingClass (12ms)
	initialDomainReloadingComplete (28ms)
	LoadAllAssembliesAndSetupDomain (354ms)
		LoadAssemblies (302ms)
		RebuildTransferFunctionScriptingTraits (0ms)
		AnalyzeDomain (148ms)
			TypeCache.Refresh (7ms)
				TypeCache.ScanAssembly (0ms)
			BuildScriptInfoCaches (132ms)
			ResolveRequiredComponents (5ms)
	FinalizeReload (751ms)
		ReleaseScriptCaches (0ms)
		RebuildScriptCaches (0ms)
		SetupLoadedEditorAssemblies (606ms)
			LogAssemblyErrors (0ms)
			InitializePlatformSupportModulesInManaged (3ms)
			SetLoadedEditorAssemblies (3ms)
			BeforeProcessingInitializeOnLoad (98ms)
			ProcessInitializeOnLoadAttributes (467ms)
			ProcessInitializeOnLoadMethodAttributes (29ms)
			AfterProcessingInitializeOnLoad (6ms)
			EditorAssembliesLoaded (0ms)
		ExecutionOrderSort2 (0ms)
		AwakeInstancesAfterBackupRestoration (7ms)
Refreshing native plugins compatible for Editor in 1.27 ms, found 3 plugins.
Preloading 0 native plugins for Editor in 0.00 ms.
Unloading 0 Unused Serialized files (Serialized files now loaded: 0)
Unloading 3668 unused Assets / (0.9 MB). Loaded Objects now: 4159.
Memory consumption went from 82.4 MB to 81.6 MB.
Total: 8.863200 ms (FindLiveObjects: 0.622300 ms CreateObjectMapping: 0.696200 ms MarkObjects: 6.044000 ms  DeleteObjects: 1.499200 ms)

Prepare: number of updated asset objects reloaded= 0
========================================================================
Received Prepare
Begin MonoManager ReloadAssembly
- Loaded All Assemblies, in  0.594 seconds
Refreshing native plugins compatible for Editor in 1.67 ms, found 3 plugins.
Native extension for WindowsStandalone target not found
Mono: successfully reloaded assembly
- Finished resetting the current domain, in  0.674 seconds
Domain Reload Profiling: 1268ms
	BeginReloadAssembly (185ms)
		ExecutionOrderSort (0ms)
		DisableScriptedObjects (5ms)
		BackupInstance (0ms)
		ReleaseScriptingObjects (0ms)
		CreateAndSetChildDomain (51ms)
	RebuildCommonClasses (33ms)
	RebuildNativeTypeToScriptingClass (12ms)
	initialDomainReloadingComplete (26ms)
	LoadAllAssembliesAndSetupDomain (338ms)
		LoadAssemblies (285ms)
		RebuildTransferFunctionScriptingTraits (0ms)
		AnalyzeDomain (144ms)
			TypeCache.Refresh (6ms)
				TypeCache.ScanAssembly (0ms)
			BuildScriptInfoCaches (131ms)
			ResolveRequiredComponents (4ms)
	FinalizeReload (675ms)
		ReleaseScriptCaches (0ms)
		RebuildScriptCaches (0ms)
		SetupLoadedEditorAssemblies (564ms)
			LogAssemblyErrors (0ms)
			InitializePlatformSupportModulesInManaged (2ms)
			SetLoadedEditorAssemblies (3ms)
			BeforeProcessingInitializeOnLoad (96ms)
			ProcessInitializeOnLoadAttributes (429ms)
			ProcessInitializeOnLoadMethodAttributes (26ms)
			AfterProcessingInitializeOnLoad (8ms)
			EditorAssembliesLoaded (0ms)
		ExecutionOrderSort2 (0ms)
		AwakeInstancesAfterBackupRestoration (7ms)
Refreshing native plugins compatible for Editor in 1.27 ms, found 3 plugins.
Preloading 0 native plugins for Editor in 0.00 ms.
Unloading 0 Unused Serialized files (Serialized files now loaded: 0)
Unloading 3668 unused Assets / (1.0 MB). Loaded Objects now: 4159.
Memory consumption went from 82.4 MB to 81.5 MB.
Total: 9.826600 ms (FindLiveObjects: 0.548600 ms CreateObjectMapping: 0.725100 ms MarkObjects: 6.873000 ms  DeleteObjects: 1.678300 ms)

Prepare: number of updated asset objects reloaded= 0
========================================================================
Received Prepare
Begin MonoManager ReloadAssembly
- Loaded All Assemblies, in  0.608 seconds
Refreshing native plugins compatible for Editor in 1.14 ms, found 3 plugins.
Native extension for WindowsStandalone target not found
Mono: successfully reloaded assembly
- Finished resetting the current domain, in  0.649 seconds
Domain Reload Profiling: 1258ms
	BeginReloadAssembly (187ms)
		ExecutionOrderSort (0ms)
		DisableScriptedObjects (7ms)
		BackupInstance (0ms)
		ReleaseScriptingObjects (0ms)
		CreateAndSetChildDomain (50ms)
	RebuildCommonClasses (33ms)
	RebuildNativeTypeToScriptingClass (11ms)
	initialDomainReloadingComplete (31ms)
	LoadAllAssembliesAndSetupDomain (347ms)
		LoadAssemblies (292ms)
		RebuildTransferFunctionScriptingTraits (0ms)
		AnalyzeDomain (148ms)
			TypeCache.Refresh (6ms)
				TypeCache.ScanAssembly (0ms)
			BuildScriptInfoCaches (135ms)
			ResolveRequiredComponents (4ms)
	FinalizeReload (649ms)
		ReleaseScriptCaches (0ms)
		RebuildScriptCaches (0ms)
		SetupLoadedEditorAssemblies (531ms)
			LogAssemblyErrors (0ms)
			InitializePlatformSupportModulesInManaged (2ms)
			SetLoadedEditorAssemblies (2ms)
			BeforeProcessingInitializeOnLoad (91ms)
			ProcessInitializeOnLoadAttributes (401ms)
			ProcessInitializeOnLoadMethodAttributes (27ms)
			AfterProcessingInitializeOnLoad (7ms)
			EditorAssembliesLoaded (0ms)
		ExecutionOrderSort2 (0ms)
		AwakeInstancesAfterBackupRestoration (7ms)
Refreshing native plugins compatible for Editor in 2.02 ms, found 3 plugins.
Preloading 0 native plugins for Editor in 0.00 ms.
Unloading 0 Unused Serialized files (Serialized files now loaded: 0)
Unloading 3668 unused Assets / (1.2 MB). Loaded Objects now: 4159.
Memory consumption went from 82.4 MB to 81.2 MB.
Total: 9.874500 ms (FindLiveObjects: 0.564000 ms CreateObjectMapping: 0.503100 ms MarkObjects: 6.847200 ms  DeleteObjects: 1.958400 ms)

Prepare: number of updated asset objects reloaded= 0
========================================================================
Received Prepare
Begin MonoManager ReloadAssembly
- Loaded All Assemblies, in  0.600 seconds
Refreshing native plugins compatible for Editor in 1.08 ms, found 3 plugins.
Native extension for WindowsStandalone target not found
Mono: successfully reloaded assembly
- Finished resetting the current domain, in  0.728 seconds
Domain Reload Profiling: 1329ms
	BeginReloadAssembly (183ms)
		ExecutionOrderSort (0ms)
		DisableScriptedObjects (5ms)
		BackupInstance (0ms)
		ReleaseScriptingObjects (0ms)
		CreateAndSetChildDomain (49ms)
	RebuildCommonClasses (33ms)
	RebuildNativeTypeToScriptingClass (11ms)
	initialDomainReloadingComplete (27ms)
	LoadAllAssembliesAndSetupDomain (347ms)
		LoadAssemblies (290ms)
		RebuildTransferFunctionScriptingTraits (0ms)
		AnalyzeDomain (149ms)
			TypeCache.Refresh (6ms)
				TypeCache.ScanAssembly (0ms)
			BuildScriptInfoCaches (136ms)
			ResolveRequiredComponents (4ms)
	FinalizeReload (729ms)
		ReleaseScriptCaches (0ms)
		RebuildScriptCaches (0ms)
		SetupLoadedEditorAssemblies (582ms)
			LogAssemblyErrors (0ms)
			InitializePlatformSupportModulesInManaged (3ms)
			SetLoadedEditorAssemblies (4ms)
			BeforeProcessingInitializeOnLoad (97ms)
			ProcessInitializeOnLoadAttributes (445ms)
			ProcessInitializeOnLoadMethodAttributes (28ms)
			AfterProcessingInitializeOnLoad (6ms)
			EditorAssembliesLoaded (0ms)
		ExecutionOrderSort2 (0ms)
		AwakeInstancesAfterBackupRestoration (7ms)
Refreshing native plugins compatible for Editor in 1.19 ms, found 3 plugins.
Preloading 0 native plugins for Editor in 0.00 ms.
Unloading 0 Unused Serialized files (Serialized files now loaded: 0)
Unloading 3668 unused Assets / (1.1 MB). Loaded Objects now: 4159.
Memory consumption went from 82.4 MB to 81.3 MB.
Total: 9.659400 ms (FindLiveObjects: 0.850500 ms CreateObjectMapping: 0.672400 ms MarkObjects: 6.295100 ms  DeleteObjects: 1.839300 ms)

Prepare: number of updated asset objects reloaded= 0
========================================================================
Received Prepare
Begin MonoManager ReloadAssembly
- Loaded All Assemblies, in  0.613 seconds
Refreshing native plugins compatible for Editor in 1.08 ms, found 3 plugins.
Native extension for WindowsStandalone target not found
Mono: successfully reloaded assembly
- Finished resetting the current domain, in  0.696 seconds
Domain Reload Profiling: 1309ms
	BeginReloadAssembly (179ms)
		ExecutionOrderSort (0ms)
		DisableScriptedObjects (5ms)
		BackupInstance (0ms)
		ReleaseScriptingObjects (0ms)
		CreateAndSetChildDomain (49ms)
	RebuildCommonClasses (40ms)
	RebuildNativeTypeToScriptingClass (18ms)
	initialDomainReloadingComplete (27ms)
	LoadAllAssembliesAndSetupDomain (348ms)
		LoadAssemblies (277ms)
		RebuildTransferFunctionScriptingTraits (0ms)
		AnalyzeDomain (157ms)
			TypeCache.Refresh (6ms)
				TypeCache.ScanAssembly (0ms)
			BuildScriptInfoCaches (144ms)
			ResolveRequiredComponents (4ms)
	FinalizeReload (697ms)
		ReleaseScriptCaches (0ms)
		RebuildScriptCaches (0ms)
		SetupLoadedEditorAssemblies (575ms)
			LogAssemblyErrors (0ms)
			InitializePlatformSupportModulesInManaged (2ms)
			SetLoadedEditorAssemblies (2ms)
			BeforeProcessingInitializeOnLoad (95ms)
			ProcessInitializeOnLoadAttributes (444ms)
			ProcessInitializeOnLoadMethodAttributes (26ms)
			AfterProcessingInitializeOnLoad (6ms)
			EditorAssembliesLoaded (0ms)
		ExecutionOrderSort2 (0ms)
		AwakeInstancesAfterBackupRestoration (8ms)
Refreshing native plugins compatible for Editor in 1.47 ms, found 3 plugins.
Preloading 0 native plugins for Editor in 0.00 ms.
Unloading 0 Unused Serialized files (Serialized files now loaded: 0)
Unloading 3668 unused Assets / (0.9 MB). Loaded Objects now: 4159.
Memory consumption went from 82.4 MB to 81.5 MB.
Total: 8.787600 ms (FindLiveObjects: 0.513000 ms CreateObjectMapping: 0.739700 ms MarkObjects: 6.016000 ms  DeleteObjects: 1.517600 ms)

Prepare: number of updated asset objects reloaded= 0
========================================================================
Received Prepare
Begin MonoManager ReloadAssembly
- Loaded All Assemblies, in  0.576 seconds
Refreshing native plugins compatible for Editor in 0.94 ms, found 3 plugins.
Native extension for WindowsStandalone target not found
Mono: successfully reloaded assembly
- Finished resetting the current domain, in  0.685 seconds
Domain Reload Profiling: 1262ms
	BeginReloadAssembly (185ms)
		ExecutionOrderSort (0ms)
		DisableScriptedObjects (6ms)
		BackupInstance (0ms)
		ReleaseScriptingObjects (0ms)
		CreateAndSetChildDomain (52ms)
	RebuildCommonClasses (30ms)
	RebuildNativeTypeToScriptingClass (11ms)
	initialDomainReloadingComplete (24ms)
	LoadAllAssembliesAndSetupDomain (326ms)
		LoadAssemblies (277ms)
		RebuildTransferFunctionScriptingTraits (0ms)
		AnalyzeDomain (138ms)
			TypeCache.Refresh (5ms)
				TypeCache.ScanAssembly (0ms)
			BuildScriptInfoCaches (125ms)
			ResolveRequiredComponents (4ms)
	FinalizeReload (686ms)
		ReleaseScriptCaches (0ms)
		RebuildScriptCaches (0ms)
		SetupLoadedEditorAssemblies (558ms)
			LogAssemblyErrors (0ms)
			InitializePlatformSupportModulesInManaged (2ms)
			SetLoadedEditorAssemblies (4ms)
			BeforeProcessingInitializeOnLoad (92ms)
			ProcessInitializeOnLoadAttributes (429ms)
			ProcessInitializeOnLoadMethodAttributes (26ms)
			AfterProcessingInitializeOnLoad (5ms)
			EditorAssembliesLoaded (0ms)
		ExecutionOrderSort2 (0ms)
		AwakeInstancesAfterBackupRestoration (6ms)
Refreshing native plugins compatible for Editor in 1.18 ms, found 3 plugins.
Preloading 0 native plugins for Editor in 0.00 ms.
Unloading 0 Unused Serialized files (Serialized files now loaded: 0)
Unloading 3668 unused Assets / (0.9 MB). Loaded Objects now: 4159.
Memory consumption went from 82.4 MB to 81.5 MB.
Total: 8.763500 ms (FindLiveObjects: 0.788700 ms CreateObjectMapping: 0.428600 ms MarkObjects: 6.030200 ms  DeleteObjects: 1.514600 ms)

Prepare: number of updated asset objects reloaded= 0
========================================================================
Received Prepare
Begin MonoManager ReloadAssembly
- Loaded All Assemblies, in  0.597 seconds
Refreshing native plugins compatible for Editor in 0.84 ms, found 3 plugins.
Native extension for WindowsStandalone target not found
Mono: successfully reloaded assembly
- Finished resetting the current domain, in  0.666 seconds
Domain Reload Profiling: 1263ms
	BeginReloadAssembly (188ms)
		ExecutionOrderSort (0ms)
		DisableScriptedObjects (6ms)
		BackupInstance (0ms)
		ReleaseScriptingObjects (0ms)
		CreateAndSetChildDomain (48ms)
	RebuildCommonClasses (31ms)
	RebuildNativeTypeToScriptingClass (11ms)
	initialDomainReloadingComplete (27ms)
	LoadAllAssembliesAndSetupDomain (340ms)
		LoadAssemblies (290ms)
		RebuildTransferFunctionScriptingTraits (0ms)
		AnalyzeDomain (146ms)
			TypeCache.Refresh (6ms)
				TypeCache.ScanAssembly (0ms)
			BuildScriptInfoCaches (131ms)
			ResolveRequiredComponents (5ms)
	FinalizeReload (666ms)
		ReleaseScriptCaches (0ms)
		RebuildScriptCaches (0ms)
		SetupLoadedEditorAssemblies (553ms)
			LogAssemblyErrors (0ms)
			InitializePlatformSupportModulesInManaged (2ms)
			SetLoadedEditorAssemblies (2ms)
			BeforeProcessingInitializeOnLoad (92ms)
			ProcessInitializeOnLoadAttributes (422ms)
			ProcessInitializeOnLoadMethodAttributes (28ms)
			AfterProcessingInitializeOnLoad (6ms)
			EditorAssembliesLoaded (0ms)
		ExecutionOrderSort2 (0ms)
		AwakeInstancesAfterBackupRestoration (8ms)
Refreshing native plugins compatible for Editor in 1.26 ms, found 3 plugins.
Preloading 0 native plugins for Editor in 0.00 ms.
Unloading 0 Unused Serialized files (Serialized files now loaded: 0)
Unloading 3668 unused Assets / (0.9 MB). Loaded Objects now: 4159.
Memory consumption went from 82.4 MB to 81.5 MB.
Total: 9.057400 ms (FindLiveObjects: 0.613500 ms CreateObjectMapping: 0.520000 ms MarkObjects: 6.129800 ms  DeleteObjects: 1.792100 ms)

Prepare: number of updated asset objects reloaded= 0
========================================================================
Received Prepare
Begin MonoManager ReloadAssembly
- Loaded All Assemblies, in  0.603 seconds
Refreshing native plugins compatible for Editor in 0.87 ms, found 3 plugins.
Native extension for WindowsStandalone target not found
Mono: successfully reloaded assembly
- Finished resetting the current domain, in  0.660 seconds
Domain Reload Profiling: 1264ms
	BeginReloadAssembly (178ms)
		ExecutionOrderSort (0ms)
		DisableScriptedObjects (5ms)
		BackupInstance (0ms)
		ReleaseScriptingObjects (0ms)
		CreateAndSetChildDomain (46ms)
	RebuildCommonClasses (31ms)
	RebuildNativeTypeToScriptingClass (16ms)
	initialDomainReloadingComplete (33ms)
	LoadAllAssembliesAndSetupDomain (345ms)
		LoadAssemblies (279ms)
		RebuildTransferFunctionScriptingTraits (0ms)
		AnalyzeDomain (153ms)
			TypeCache.Refresh (6ms)
				TypeCache.ScanAssembly (0ms)
			BuildScriptInfoCaches (139ms)
			ResolveRequiredComponents (4ms)
	FinalizeReload (661ms)
		ReleaseScriptCaches (0ms)
		RebuildScriptCaches (0ms)
		SetupLoadedEditorAssemblies (542ms)
			LogAssemblyErrors (0ms)
			InitializePlatformSupportModulesInManaged (2ms)
			SetLoadedEditorAssemblies (3ms)
			BeforeProcessingInitializeOnLoad (84ms)
			ProcessInitializeOnLoadAttributes (418ms)
			ProcessInitializeOnLoadMethodAttributes (29ms)
			AfterProcessingInitializeOnLoad (5ms)
			EditorAssembliesLoaded (0ms)
		ExecutionOrderSort2 (0ms)
		AwakeInstancesAfterBackupRestoration (7ms)
Refreshing native plugins compatible for Editor in 1.30 ms, found 3 plugins.
Preloading 0 native plugins for Editor in 0.00 ms.
Unloading 0 Unused Serialized files (Serialized files now loaded: 0)
Unloading 3668 unused Assets / (0.9 MB). Loaded Objects now: 4159.
Memory consumption went from 82.4 MB to 81.5 MB.
Total: 10.691800 ms (FindLiveObjects: 0.772300 ms CreateObjectMapping: 1.004300 ms MarkObjects: 7.199600 ms  DeleteObjects: 1.713900 ms)

Prepare: number of updated asset objects reloaded= 0
========================================================================
Received Prepare
Refreshing native plugins compatible for Editor in 2.31 ms, found 3 plugins.
Preloading 0 native plugins for Editor in 0.00 ms.
Unloading 0 Unused Serialized files (Serialized files now loaded: 0)
Unloading 3661 unused Assets / (0.9 MB). Loaded Objects now: 4159.
Memory consumption went from 82.6 MB to 81.7 MB.
Total: 8.832200 ms (FindLiveObjects: 0.536500 ms CreateObjectMapping: 0.321500 ms MarkObjects: 6.258600 ms  DeleteObjects: 1.714200 ms)

Prepare: number of updated asset objects reloaded= 0
========================================================================
Received Prepare
Begin MonoManager ReloadAssembly
- Loaded All Assemblies, in  1.057 seconds
Refreshing native plugins compatible for Editor in 1.57 ms, found 3 plugins.
Native extension for WindowsStandalone target not found
Mono: successfully reloaded assembly
- Finished resetting the current domain, in  0.580 seconds
Domain Reload Profiling: 1634ms
	BeginReloadAssembly (332ms)
		ExecutionOrderSort (0ms)
		DisableScriptedObjects (9ms)
		BackupInstance (0ms)
		ReleaseScriptingObjects (0ms)
		CreateAndSetChildDomain (74ms)
	RebuildCommonClasses (63ms)
	RebuildNativeTypeToScriptingClass (28ms)
	initialDomainReloadingComplete (62ms)
	LoadAllAssembliesAndSetupDomain (568ms)
		LoadAssemblies (534ms)
		RebuildTransferFunctionScriptingTraits (0ms)
		AnalyzeDomain (219ms)
			TypeCache.Refresh (17ms)
				TypeCache.ScanAssembly (0ms)
			BuildScriptInfoCaches (196ms)
			ResolveRequiredComponents (4ms)
	FinalizeReload (580ms)
		ReleaseScriptCaches (0ms)
		RebuildScriptCaches (0ms)
		SetupLoadedEditorAssemblies (472ms)
			LogAssemblyErrors (0ms)
			InitializePlatformSupportModulesInManaged (2ms)
			SetLoadedEditorAssemblies (2ms)
			BeforeProcessingInitializeOnLoad (79ms)
			ProcessInitializeOnLoadAttributes (362ms)
			ProcessInitializeOnLoadMethodAttributes (21ms)
			AfterProcessingInitializeOnLoad (5ms)
			EditorAssembliesLoaded (0ms)
		ExecutionOrderSort2 (0ms)
		AwakeInstancesAfterBackupRestoration (5ms)
Refreshing native plugins compatible for Editor in 0.98 ms, found 3 plugins.
Preloading 0 native plugins for Editor in 0.00 ms.
Unloading 0 Unused Serialized files (Serialized files now loaded: 0)
Unloading 3668 unused Assets / (0.7 MB). Loaded Objects now: 4159.
Memory consumption went from 82.4 MB to 81.7 MB.
Total: 5.894500 ms (FindLiveObjects: 0.453900 ms CreateObjectMapping: 0.197700 ms MarkObjects: 4.269300 ms  DeleteObjects: 0.972400 ms)

Prepare: number of updated asset objects reloaded= 0
========================================================================
Received Prepare
Begin MonoManager ReloadAssembly
- Loaded All Assemblies, in  0.601 seconds
Refreshing native plugins compatible for Editor in 0.88 ms, found 3 plugins.
Native extension for WindowsStandalone target not found
Mono: successfully reloaded assembly
- Finished resetting the current domain, in  0.670 seconds
Domain Reload Profiling: 1271ms
	BeginReloadAssembly (189ms)
		ExecutionOrderSort (0ms)
		DisableScriptedObjects (5ms)
		BackupInstance (0ms)
		ReleaseScriptingObjects (0ms)
		CreateAndSetChildDomain (51ms)
	RebuildCommonClasses (33ms)
	RebuildNativeTypeToScriptingClass (11ms)
	initialDomainReloadingComplete (27ms)
	LoadAllAssembliesAndSetupDomain (341ms)
		LoadAssemblies (285ms)
		RebuildTransferFunctionScriptingTraits (0ms)
		AnalyzeDomain (146ms)
			TypeCache.Refresh (5ms)
				TypeCache.ScanAssembly (0ms)
			BuildScriptInfoCaches (134ms)
			ResolveRequiredComponents (4ms)
	FinalizeReload (670ms)
		ReleaseScriptCaches (0ms)
		RebuildScriptCaches (0ms)
		SetupLoadedEditorAssemblies (552ms)
			LogAssemblyErrors (0ms)
			InitializePlatformSupportModulesInManaged (2ms)
			SetLoadedEditorAssemblies (2ms)
			BeforeProcessingInitializeOnLoad (91ms)
			ProcessInitializeOnLoadAttributes (422ms)
			ProcessInitializeOnLoadMethodAttributes (28ms)
			AfterProcessingInitializeOnLoad (6ms)
			EditorAssembliesLoaded (0ms)
		ExecutionOrderSort2 (0ms)
		AwakeInstancesAfterBackupRestoration (7ms)
Refreshing native plugins compatible for Editor in 1.31 ms, found 3 plugins.
Preloading 0 native plugins for Editor in 0.00 ms.
Unloading 0 Unused Serialized files (Serialized files now loaded: 0)
Unloading 3668 unused Assets / (1.1 MB). Loaded Objects now: 4159.
Memory consumption went from 82.4 MB to 81.4 MB.
Total: 9.004400 ms (FindLiveObjects: 0.567700 ms CreateObjectMapping: 0.349000 ms MarkObjects: 6.188500 ms  DeleteObjects: 1.897300 ms)

Prepare: number of updated asset objects reloaded= 0
========================================================================
Received Prepare
Begin MonoManager ReloadAssembly
- Loaded All Assemblies, in  0.598 seconds
Refreshing native plugins compatible for Editor in 0.89 ms, found 3 plugins.
Native extension for WindowsStandalone target not found
Mono: successfully reloaded assembly
- Finished resetting the current domain, in  0.677 seconds
Domain Reload Profiling: 1277ms
	BeginReloadAssembly (186ms)
		ExecutionOrderSort (0ms)
		DisableScriptedObjects (5ms)
		BackupInstance (0ms)
		ReleaseScriptingObjects (0ms)
		CreateAndSetChildDomain (52ms)
	RebuildCommonClasses (31ms)
	RebuildNativeTypeToScriptingClass (11ms)
	initialDomainReloadingComplete (29ms)
	LoadAllAssembliesAndSetupDomain (342ms)
		LoadAssemblies (287ms)
		RebuildTransferFunctionScriptingTraits (0ms)
		AnalyzeDomain (147ms)
			TypeCache.Refresh (6ms)
				TypeCache.ScanAssembly (0ms)
			BuildScriptInfoCaches (133ms)
			ResolveRequiredComponents (4ms)
	FinalizeReload (678ms)
		ReleaseScriptCaches (0ms)
		RebuildScriptCaches (0ms)
		SetupLoadedEditorAssemblies (560ms)
			LogAssemblyErrors (0ms)
			InitializePlatformSupportModulesInManaged (2ms)
			SetLoadedEditorAssemblies (2ms)
			BeforeProcessingInitializeOnLoad (87ms)
			ProcessInitializeOnLoadAttributes (431ms)
			ProcessInitializeOnLoadMethodAttributes (31ms)
			AfterProcessingInitializeOnLoad (5ms)
			EditorAssembliesLoaded (0ms)
		ExecutionOrderSort2 (0ms)
		AwakeInstancesAfterBackupRestoration (7ms)
Refreshing native plugins compatible for Editor in 1.11 ms, found 3 plugins.
Preloading 0 native plugins for Editor in 0.00 ms.
Unloading 0 Unused Serialized files (Serialized files now loaded: 0)
Unloading 3668 unused Assets / (0.8 MB). Loaded Objects now: 4159.
Memory consumption went from 82.4 MB to 81.7 MB.
Total: 8.652100 ms (FindLiveObjects: 0.542800 ms CreateObjectMapping: 0.729400 ms MarkObjects: 6.178400 ms  DeleteObjects: 1.200100 ms)

Prepare: number of updated asset objects reloaded= 0
========================================================================
Received Prepare
Begin MonoManager ReloadAssembly
- Loaded All Assemblies, in  0.609 seconds
Refreshing native plugins compatible for Editor in 0.91 ms, found 3 plugins.
Native extension for WindowsStandalone target not found
Mono: successfully reloaded assembly
- Finished resetting the current domain, in  0.712 seconds
Domain Reload Profiling: 1322ms
	BeginReloadAssembly (179ms)
		ExecutionOrderSort (0ms)
		DisableScriptedObjects (5ms)
		BackupInstance (0ms)
		ReleaseScriptingObjects (0ms)
		CreateAndSetChildDomain (50ms)
	RebuildCommonClasses (36ms)
	RebuildNativeTypeToScriptingClass (11ms)
	initialDomainReloadingComplete (28ms)
	LoadAllAssembliesAndSetupDomain (355ms)
		LoadAssemblies (288ms)
		RebuildTransferFunctionScriptingTraits (0ms)
		AnalyzeDomain (155ms)
			TypeCache.Refresh (6ms)
				TypeCache.ScanAssembly (0ms)
			BuildScriptInfoCaches (139ms)
			ResolveRequiredComponents (5ms)
	FinalizeReload (713ms)
		ReleaseScriptCaches (0ms)
		RebuildScriptCaches (0ms)
		SetupLoadedEditorAssemblies (587ms)
			LogAssemblyErrors (0ms)
			InitializePlatformSupportModulesInManaged (2ms)
			SetLoadedEditorAssemblies (3ms)
			BeforeProcessingInitializeOnLoad (96ms)
			ProcessInitializeOnLoadAttributes (447ms)
			ProcessInitializeOnLoadMethodAttributes (29ms)
			AfterProcessingInitializeOnLoad (8ms)
			EditorAssembliesLoaded (0ms)
		ExecutionOrderSort2 (0ms)
		AwakeInstancesAfterBackupRestoration (7ms)
Refreshing native plugins compatible for Editor in 1.18 ms, found 3 plugins.
Preloading 0 native plugins for Editor in 0.00 ms.
Unloading 0 Unused Serialized files (Serialized files now loaded: 0)
Unloading 3668 unused Assets / (0.9 MB). Loaded Objects now: 4159.
Memory consumption went from 82.4 MB to 81.5 MB.
Total: 8.146000 ms (FindLiveObjects: 0.503600 ms CreateObjectMapping: 0.799400 ms MarkObjects: 5.449600 ms  DeleteObjects: 1.391600 ms)

Prepare: number of updated asset objects reloaded= 0
========================================================================
Received Prepare
Refreshing native plugins compatible for Editor in 2.30 ms, found 3 plugins.
Preloading 0 native plugins for Editor in 0.00 ms.
Unloading 0 Unused Serialized files (Serialized files now loaded: 0)
Unloading 3661 unused Assets / (0.8 MB). Loaded Objects now: 4159.
Memory consumption went from 82.6 MB to 81.8 MB.
Total: 12.099300 ms (FindLiveObjects: 0.667800 ms CreateObjectMapping: 0.394900 ms MarkObjects: 9.423200 ms  DeleteObjects: 1.610700 ms)

Prepare: number of updated asset objects reloaded= 0
========================================================================
Received Prepare
Begin MonoManager ReloadAssembly
- Loaded All Assemblies, in  1.197 seconds
Refreshing native plugins compatible for Editor in 2.31 ms, found 3 plugins.
Native extension for WindowsStandalone target not found
Mono: successfully reloaded assembly
- Finished resetting the current domain, in  1.075 seconds
Domain Reload Profiling: 2266ms
	BeginReloadAssembly (346ms)
		ExecutionOrderSort (0ms)
		DisableScriptedObjects (13ms)
		BackupInstance (0ms)
		ReleaseScriptingObjects (0ms)
		CreateAndSetChildDomain (67ms)
	RebuildCommonClasses (84ms)
	RebuildNativeTypeToScriptingClass (28ms)
	initialDomainReloadingComplete (67ms)
	LoadAllAssembliesAndSetupDomain (667ms)
		LoadAssemblies (554ms)
		RebuildTransferFunctionScriptingTraits (0ms)
		AnalyzeDomain (310ms)
			TypeCache.Refresh (14ms)
				TypeCache.ScanAssembly (0ms)
			BuildScriptInfoCaches (283ms)
			ResolveRequiredComponents (7ms)
	FinalizeReload (1075ms)
		ReleaseScriptCaches (0ms)
		RebuildScriptCaches (0ms)
		SetupLoadedEditorAssemblies (879ms)
			LogAssemblyErrors (0ms)
			InitializePlatformSupportModulesInManaged (5ms)
			SetLoadedEditorAssemblies (9ms)
			BeforeProcessingInitializeOnLoad (174ms)
			ProcessInitializeOnLoadAttributes (667ms)
			ProcessInitializeOnLoadMethodAttributes (21ms)
			AfterProcessingInitializeOnLoad (5ms)
			EditorAssembliesLoaded (0ms)
		ExecutionOrderSort2 (0ms)
		AwakeInstancesAfterBackupRestoration (5ms)
Refreshing native plugins compatible for Editor in 1.16 ms, found 3 plugins.
Preloading 0 native plugins for Editor in 0.00 ms.
Unloading 0 Unused Serialized files (Serialized files now loaded: 0)
Unloading 3668 unused Assets / (0.8 MB). Loaded Objects now: 4159.
Memory consumption went from 82.5 MB to 81.7 MB.
Total: 6.266300 ms (FindLiveObjects: 0.482500 ms CreateObjectMapping: 0.238900 ms MarkObjects: 4.478000 ms  DeleteObjects: 1.065400 ms)

Prepare: number of updated asset objects reloaded= 0
========================================================================
Received Prepare
Refreshing native plugins compatible for Editor in 0.94 ms, found 3 plugins.
Preloading 0 native plugins for Editor in 0.00 ms.
Unloading 0 Unused Serialized files (Serialized files now loaded: 0)
Unloading 3661 unused Assets / (0.8 MB). Loaded Objects now: 4159.
Memory consumption went from 82.6 MB to 81.9 MB.
Total: 7.108800 ms (FindLiveObjects: 0.430300 ms CreateObjectMapping: 0.187700 ms MarkObjects: 5.228200 ms  DeleteObjects: 1.261100 ms)

Prepare: number of updated asset objects reloaded= 0
========================================================================
Received Prepare
Begin MonoManager ReloadAssembly
- Loaded All Assemblies, in  0.611 seconds
Refreshing native plugins compatible for Editor in 0.98 ms, found 3 plugins.
Native extension for WindowsStandalone target not found
Mono: successfully reloaded assembly
- Finished resetting the current domain, in  0.616 seconds
Domain Reload Profiling: 1228ms
	BeginReloadAssembly (181ms)
		ExecutionOrderSort (0ms)
		DisableScriptedObjects (5ms)
		BackupInstance (0ms)
		ReleaseScriptingObjects (0ms)
		CreateAndSetChildDomain (50ms)
	RebuildCommonClasses (35ms)
	RebuildNativeTypeToScriptingClass (14ms)
	initialDomainReloadingComplete (27ms)
	LoadAllAssembliesAndSetupDomain (355ms)
		LoadAssemblies (286ms)
		RebuildTransferFunctionScriptingTraits (0ms)
		AnalyzeDomain (158ms)
			TypeCache.Refresh (8ms)
				TypeCache.ScanAssembly (0ms)
			BuildScriptInfoCaches (144ms)
			ResolveRequiredComponents (4ms)
	FinalizeReload (617ms)
		ReleaseScriptCaches (0ms)
		RebuildScriptCaches (0ms)
		SetupLoadedEditorAssemblies (499ms)
			LogAssemblyErrors (0ms)
			InitializePlatformSupportModulesInManaged (2ms)
			SetLoadedEditorAssemblies (6ms)
			BeforeProcessingInitializeOnLoad (101ms)
			ProcessInitializeOnLoadAttributes (359ms)
			ProcessInitializeOnLoadMethodAttributes (25ms)
			AfterProcessingInitializeOnLoad (5ms)
			EditorAssembliesLoaded (0ms)
		ExecutionOrderSort2 (0ms)
		AwakeInstancesAfterBackupRestoration (5ms)
Refreshing native plugins compatible for Editor in 1.13 ms, found 3 plugins.
Preloading 0 native plugins for Editor in 0.00 ms.
Unloading 0 Unused Serialized files (Serialized files now loaded: 0)
Unloading 3668 unused Assets / (1.1 MB). Loaded Objects now: 4159.
Memory consumption went from 82.5 MB to 81.4 MB.
Total: 6.963100 ms (FindLiveObjects: 0.567900 ms CreateObjectMapping: 0.521400 ms MarkObjects: 4.484000 ms  DeleteObjects: 1.388400 ms)

Prepare: number of updated asset objects reloaded= 0
========================================================================
Received Prepare
Begin MonoManager ReloadAssembly
- Loaded All Assemblies, in  0.585 seconds
Refreshing native plugins compatible for Editor in 0.95 ms, found 3 plugins.
Native extension for WindowsStandalone target not found
Mono: successfully reloaded assembly
- Finished resetting the current domain, in  0.670 seconds
Domain Reload Profiling: 1256ms
	BeginReloadAssembly (183ms)
		ExecutionOrderSort (0ms)
		DisableScriptedObjects (5ms)
		BackupInstance (0ms)
		ReleaseScriptingObjects (0ms)
		CreateAndSetChildDomain (49ms)
	RebuildCommonClasses (30ms)
	RebuildNativeTypeToScriptingClass (10ms)
	initialDomainReloadingComplete (27ms)
	LoadAllAssembliesAndSetupDomain (335ms)
		LoadAssemblies (285ms)
		RebuildTransferFunctionScriptingTraits (0ms)
		AnalyzeDomain (143ms)
			TypeCache.Refresh (6ms)
				TypeCache.ScanAssembly (0ms)
			BuildScriptInfoCaches (131ms)
			ResolveRequiredComponents (4ms)
	FinalizeReload (670ms)
		ReleaseScriptCaches (0ms)
		RebuildScriptCaches (0ms)
		SetupLoadedEditorAssemblies (548ms)
			LogAssemblyErrors (0ms)
			InitializePlatformSupportModulesInManaged (3ms)
			SetLoadedEditorAssemblies (3ms)
			BeforeProcessingInitializeOnLoad (87ms)
			ProcessInitializeOnLoadAttributes (421ms)
			ProcessInitializeOnLoadMethodAttributes (28ms)
			AfterProcessingInitializeOnLoad (5ms)
			EditorAssembliesLoaded (0ms)
		ExecutionOrderSort2 (0ms)
		AwakeInstancesAfterBackupRestoration (7ms)
Refreshing native plugins compatible for Editor in 1.17 ms, found 3 plugins.
Preloading 0 native plugins for Editor in 0.00 ms.
Unloading 0 Unused Serialized files (Serialized files now loaded: 0)
Unloading 3668 unused Assets / (0.8 MB). Loaded Objects now: 4159.
Memory consumption went from 82.5 MB to 81.7 MB.
Total: 8.316900 ms (FindLiveObjects: 0.604500 ms CreateObjectMapping: 0.795700 ms MarkObjects: 5.511500 ms  DeleteObjects: 1.403500 ms)

Prepare: number of updated asset objects reloaded= 0
========================================================================
Received Prepare
Refreshing native plugins compatible for Editor in 2.48 ms, found 3 plugins.
Preloading 0 native plugins for Editor in 0.00 ms.
Unloading 0 Unused Serialized files (Serialized files now loaded: 0)
Unloading 3661 unused Assets / (0.8 MB). Loaded Objects now: 4159.
Memory consumption went from 82.6 MB to 81.8 MB.
Total: 10.838100 ms (FindLiveObjects: 0.669400 ms CreateObjectMapping: 0.397100 ms MarkObjects: 8.201900 ms  DeleteObjects: 1.567900 ms)

Prepare: number of updated asset objects reloaded= 0
========================================================================
Received Prepare
Begin MonoManager ReloadAssembly
- Loaded All Assemblies, in  1.156 seconds
Refreshing native plugins compatible for Editor in 1.66 ms, found 3 plugins.
Native extension for WindowsStandalone target not found
Mono: successfully reloaded assembly
- Finished resetting the current domain, in  1.147 seconds
Domain Reload Profiling: 2299ms
	BeginReloadAssembly (325ms)
		ExecutionOrderSort (0ms)
		DisableScriptedObjects (14ms)
		BackupInstance (0ms)
		ReleaseScriptingObjects (0ms)
		CreateAndSetChildDomain (77ms)
	RebuildCommonClasses (67ms)
	RebuildNativeTypeToScriptingClass (27ms)
	initialDomainReloadingComplete (62ms)
	LoadAllAssembliesAndSetupDomain (671ms)
		LoadAssemblies (518ms)
		RebuildTransferFunctionScriptingTraits (0ms)
		AnalyzeDomain (325ms)
			TypeCache.Refresh (15ms)
				TypeCache.ScanAssembly (0ms)
			BuildScriptInfoCaches (292ms)
			ResolveRequiredComponents (11ms)
	FinalizeReload (1147ms)
		ReleaseScriptCaches (0ms)
		RebuildScriptCaches (0ms)
		SetupLoadedEditorAssemblies (975ms)
			LogAssemblyErrors (0ms)
			InitializePlatformSupportModulesInManaged (4ms)
			SetLoadedEditorAssemblies (7ms)
			BeforeProcessingInitializeOnLoad (159ms)
			ProcessInitializeOnLoadAttributes (755ms)
			ProcessInitializeOnLoadMethodAttributes (45ms)
			AfterProcessingInitializeOnLoad (6ms)
			EditorAssembliesLoaded (0ms)
		ExecutionOrderSort2 (0ms)
		AwakeInstancesAfterBackupRestoration (6ms)
Refreshing native plugins compatible for Editor in 1.02 ms, found 3 plugins.
Preloading 0 native plugins for Editor in 0.00 ms.
Unloading 0 Unused Serialized files (Serialized files now loaded: 0)
Unloading 3668 unused Assets / (0.7 MB). Loaded Objects now: 4159.
Memory consumption went from 82.5 MB to 81.7 MB.
Total: 6.722500 ms (FindLiveObjects: 0.535800 ms CreateObjectMapping: 0.606700 ms MarkObjects: 4.563700 ms  DeleteObjects: 1.014900 ms)

Prepare: number of updated asset objects reloaded= 0
========================================================================
Received Prepare
Begin MonoManager ReloadAssembly
- Loaded All Assemblies, in  0.586 seconds
Refreshing native plugins compatible for Editor in 0.89 ms, found 3 plugins.
Native extension for WindowsStandalone target not found
Mono: successfully reloaded assembly
- Finished resetting the current domain, in  0.669 seconds
Domain Reload Profiling: 1257ms
	BeginReloadAssembly (191ms)
		ExecutionOrderSort (0ms)
		DisableScriptedObjects (5ms)
		BackupInstance (0ms)
		ReleaseScriptingObjects (0ms)
		CreateAndSetChildDomain (50ms)
	RebuildCommonClasses (30ms)
	RebuildNativeTypeToScriptingClass (11ms)
	initialDomainReloadingComplete (25ms)
	LoadAllAssembliesAndSetupDomain (331ms)
		LoadAssemblies (281ms)
		RebuildTransferFunctionScriptingTraits (0ms)
		AnalyzeDomain (146ms)
			TypeCache.Refresh (7ms)
				TypeCache.ScanAssembly (0ms)
			BuildScriptInfoCaches (132ms)
			ResolveRequiredComponents (4ms)
	FinalizeReload (670ms)
		ReleaseScriptCaches (0ms)
		RebuildScriptCaches (0ms)
		SetupLoadedEditorAssemblies (544ms)
			LogAssemblyErrors (0ms)
			InitializePlatformSupportModulesInManaged (3ms)
			SetLoadedEditorAssemblies (3ms)
			BeforeProcessingInitializeOnLoad (94ms)
			ProcessInitializeOnLoadAttributes (412ms)
			ProcessInitializeOnLoadMethodAttributes (26ms)
			AfterProcessingInitializeOnLoad (6ms)
			EditorAssembliesLoaded (0ms)
		ExecutionOrderSort2 (0ms)
		AwakeInstancesAfterBackupRestoration (7ms)
Refreshing native plugins compatible for Editor in 1.50 ms, found 3 plugins.
Preloading 0 native plugins for Editor in 0.00 ms.
Unloading 0 Unused Serialized files (Serialized files now loaded: 0)
Unloading 3668 unused Assets / (1.2 MB). Loaded Objects now: 4159.
Memory consumption went from 82.5 MB to 81.3 MB.
Total: 9.422700 ms (FindLiveObjects: 0.689900 ms CreateObjectMapping: 0.324600 ms MarkObjects: 6.470400 ms  DeleteObjects: 1.936000 ms)

Prepare: number of updated asset objects reloaded= 0
========================================================================
Received Prepare
Refreshing native plugins compatible for Editor in 2.12 ms, found 3 plugins.
Preloading 0 native plugins for Editor in 0.00 ms.
Unloading 0 Unused Serialized files (Serialized files now loaded: 0)
Unloading 3661 unused Assets / (0.9 MB). Loaded Objects now: 4159.
Memory consumption went from 82.6 MB to 81.7 MB.
Total: 10.046700 ms (FindLiveObjects: 0.590100 ms CreateObjectMapping: 0.307200 ms MarkObjects: 7.476700 ms  DeleteObjects: 1.671600 ms)

Prepare: number of updated asset objects reloaded= 0
========================================================================
Received Prepare
Begin MonoManager ReloadAssembly
- Loaded All Assemblies, in  1.197 seconds
Refreshing native plugins compatible for Editor in 1.92 ms, found 3 plugins.
Native extension for WindowsStandalone target not found
Mono: successfully reloaded assembly
- Finished resetting the current domain, in  1.083 seconds
Domain Reload Profiling: 2279ms
	BeginReloadAssembly (338ms)
		ExecutionOrderSort (0ms)
		DisableScriptedObjects (13ms)
		BackupInstance (0ms)
		ReleaseScriptingObjects (0ms)
		CreateAndSetChildDomain (67ms)
	RebuildCommonClasses (64ms)
	RebuildNativeTypeToScriptingClass (28ms)
	initialDomainReloadingComplete (64ms)
	LoadAllAssembliesAndSetupDomain (702ms)
		LoadAssemblies (566ms)
		RebuildTransferFunctionScriptingTraits (0ms)
		AnalyzeDomain (335ms)
			TypeCache.Refresh (13ms)
				TypeCache.ScanAssembly (0ms)
			BuildScriptInfoCaches (304ms)
			ResolveRequiredComponents (11ms)
	FinalizeReload (1083ms)
		ReleaseScriptCaches (0ms)
		RebuildScriptCaches (0ms)
		SetupLoadedEditorAssemblies (898ms)
			LogAssemblyErrors (0ms)
			InitializePlatformSupportModulesInManaged (5ms)
			SetLoadedEditorAssemblies (5ms)
			BeforeProcessingInitializeOnLoad (193ms)
			ProcessInitializeOnLoadAttributes (666ms)
			ProcessInitializeOnLoadMethodAttributes (23ms)
			AfterProcessingInitializeOnLoad (5ms)
			EditorAssembliesLoaded (0ms)
		ExecutionOrderSort2 (0ms)
		AwakeInstancesAfterBackupRestoration (6ms)
Refreshing native plugins compatible for Editor in 1.03 ms, found 3 plugins.
Preloading 0 native plugins for Editor in 0.00 ms.
Unloading 0 Unused Serialized files (Serialized files now loaded: 0)
Unloading 3668 unused Assets / (0.6 MB). Loaded Objects now: 4159.
Memory consumption went from 82.5 MB to 81.9 MB.
Total: 5.429000 ms (FindLiveObjects: 0.465700 ms CreateObjectMapping: 0.238000 ms MarkObjects: 3.893100 ms  DeleteObjects: 0.831500 ms)

Prepare: number of updated asset objects reloaded= 0
========================================================================
Received Prepare
Begin MonoManager ReloadAssembly
- Loaded All Assemblies, in  0.596 seconds
Refreshing native plugins compatible for Editor in 0.89 ms, found 3 plugins.
Native extension for WindowsStandalone target not found
Mono: successfully reloaded assembly
- Finished resetting the current domain, in  0.636 seconds
Domain Reload Profiling: 1233ms
	BeginReloadAssembly (181ms)
		ExecutionOrderSort (0ms)
		DisableScriptedObjects (5ms)
		BackupInstance (0ms)
		ReleaseScriptingObjects (0ms)
		CreateAndSetChildDomain (53ms)
	RebuildCommonClasses (39ms)
	RebuildNativeTypeToScriptingClass (10ms)
	initialDomainReloadingComplete (28ms)
	LoadAllAssembliesAndSetupDomain (337ms)
		LoadAssemblies (274ms)
		RebuildTransferFunctionScriptingTraits (0ms)
		AnalyzeDomain (146ms)
			TypeCache.Refresh (7ms)
				TypeCache.ScanAssembly (0ms)
			BuildScriptInfoCaches (133ms)
			ResolveRequiredComponents (4ms)
	FinalizeReload (637ms)
		ReleaseScriptCaches (0ms)
		RebuildScriptCaches (0ms)
		SetupLoadedEditorAssemblies (518ms)
			LogAssemblyErrors (0ms)
			InitializePlatformSupportModulesInManaged (3ms)
			SetLoadedEditorAssemblies (3ms)
			BeforeProcessingInitializeOnLoad (85ms)
			ProcessInitializeOnLoadAttributes (395ms)
			ProcessInitializeOnLoadMethodAttributes (26ms)
			AfterProcessingInitializeOnLoad (5ms)
			EditorAssembliesLoaded (0ms)
		ExecutionOrderSort2 (0ms)
		AwakeInstancesAfterBackupRestoration (7ms)
Refreshing native plugins compatible for Editor in 1.87 ms, found 3 plugins.
Preloading 0 native plugins for Editor in 0.00 ms.
Unloading 0 Unused Serialized files (Serialized files now loaded: 0)
Unloading 3668 unused Assets / (0.9 MB). Loaded Objects now: 4159.
Memory consumption went from 82.5 MB to 81.6 MB.
Total: 8.525100 ms (FindLiveObjects: 0.554000 ms CreateObjectMapping: 0.379500 ms MarkObjects: 6.159800 ms  DeleteObjects: 1.430200 ms)

Prepare: number of updated asset objects reloaded= 0
========================================================================
Received Prepare
Refreshing native plugins compatible for Editor in 2.31 ms, found 3 plugins.
Preloading 0 native plugins for Editor in 0.00 ms.
Unloading 0 Unused Serialized files (Serialized files now loaded: 0)
Unloading 3661 unused Assets / (1.0 MB). Loaded Objects now: 4159.
Memory consumption went from 82.6 MB to 81.7 MB.
Total: 10.171000 ms (FindLiveObjects: 0.875200 ms CreateObjectMapping: 0.492600 ms MarkObjects: 7.003000 ms  DeleteObjects: 1.798000 ms)

Prepare: number of updated asset objects reloaded= 0
========================================================================
Received Prepare
Begin MonoManager ReloadAssembly
- Loaded All Assemblies, in  1.167 seconds
Refreshing native plugins compatible for Editor in 2.12 ms, found 3 plugins.
Native extension for WindowsStandalone target not found
Mono: successfully reloaded assembly
- Finished resetting the current domain, in  0.999 seconds
Domain Reload Profiling: 2165ms
	BeginReloadAssembly (334ms)
		ExecutionOrderSort (0ms)
		DisableScriptedObjects (13ms)
		BackupInstance (0ms)
		ReleaseScriptingObjects (0ms)
		CreateAndSetChildDomain (76ms)
	RebuildCommonClasses (71ms)
	RebuildNativeTypeToScriptingClass (21ms)
	initialDomainReloadingComplete (55ms)
	LoadAllAssembliesAndSetupDomain (684ms)
		LoadAssemblies (546ms)
		RebuildTransferFunctionScriptingTraits (0ms)
		AnalyzeDomain (322ms)
			TypeCache.Refresh (15ms)
				TypeCache.ScanAssembly (0ms)
			BuildScriptInfoCaches (294ms)
			ResolveRequiredComponents (8ms)
	FinalizeReload (1000ms)
		ReleaseScriptCaches (0ms)
		RebuildScriptCaches (0ms)
		SetupLoadedEditorAssemblies (787ms)
			LogAssemblyErrors (0ms)
			InitializePlatformSupportModulesInManaged (4ms)
			SetLoadedEditorAssemblies (6ms)
			BeforeProcessingInitializeOnLoad (180ms)
			ProcessInitializeOnLoadAttributes (560ms)
			ProcessInitializeOnLoadMethodAttributes (30ms)
			AfterProcessingInitializeOnLoad (6ms)
			EditorAssembliesLoaded (0ms)
		ExecutionOrderSort2 (0ms)
		AwakeInstancesAfterBackupRestoration (7ms)
Refreshing native plugins compatible for Editor in 1.43 ms, found 3 plugins.
Preloading 0 native plugins for Editor in 0.00 ms.
Unloading 0 Unused Serialized files (Serialized files now loaded: 0)
Unloading 3668 unused Assets / (1.1 MB). Loaded Objects now: 4159.
Memory consumption went from 82.5 MB to 81.4 MB.
Total: 10.469200 ms (FindLiveObjects: 0.612800 ms CreateObjectMapping: 0.526300 ms MarkObjects: 7.370200 ms  DeleteObjects: 1.958100 ms)

Prepare: number of updated asset objects reloaded= 0
========================================================================
Received Prepare
Begin MonoManager ReloadAssembly
- Loaded All Assemblies, in  0.597 seconds
Refreshing native plugins compatible for Editor in 1.02 ms, found 3 plugins.
Native extension for WindowsStandalone target not found
Mono: successfully reloaded assembly
- Finished resetting the current domain, in  0.637 seconds
Domain Reload Profiling: 1235ms
	BeginReloadAssembly (180ms)
		ExecutionOrderSort (0ms)
		DisableScriptedObjects (5ms)
		BackupInstance (0ms)
		ReleaseScriptingObjects (0ms)
		CreateAndSetChildDomain (49ms)
	RebuildCommonClasses (32ms)
	RebuildNativeTypeToScriptingClass (12ms)
	initialDomainReloadingComplete (27ms)
	LoadAllAssembliesAndSetupDomain (347ms)
		LoadAssemblies (286ms)
		RebuildTransferFunctionScriptingTraits (0ms)
		AnalyzeDomain (150ms)
			TypeCache.Refresh (7ms)
				TypeCache.ScanAssembly (0ms)
			BuildScriptInfoCaches (136ms)
			ResolveRequiredComponents (4ms)
	FinalizeReload (638ms)
		ReleaseScriptCaches (0ms)
		RebuildScriptCaches (0ms)
		SetupLoadedEditorAssemblies (515ms)
			LogAssemblyErrors (0ms)
			InitializePlatformSupportModulesInManaged (3ms)
			SetLoadedEditorAssemblies (3ms)
			BeforeProcessingInitializeOnLoad (90ms)
			ProcessInitializeOnLoadAttributes (388ms)
			ProcessInitializeOnLoadMethodAttributes (25ms)
			AfterProcessingInitializeOnLoad (6ms)
			EditorAssembliesLoaded (0ms)
		ExecutionOrderSort2 (0ms)
		AwakeInstancesAfterBackupRestoration (7ms)
Refreshing native plugins compatible for Editor in 1.25 ms, found 3 plugins.
Preloading 0 native plugins for Editor in 0.00 ms.
Unloading 0 Unused Serialized files (Serialized files now loaded: 0)
Unloading 3668 unused Assets / (0.7 MB). Loaded Objects now: 4159.
Memory consumption went from 82.5 MB to 81.7 MB.
Total: 7.342600 ms (FindLiveObjects: 0.601300 ms CreateObjectMapping: 0.406700 ms MarkObjects: 5.171500 ms  DeleteObjects: 1.161600 ms)

Prepare: number of updated asset objects reloaded= 0
========================================================================
Received Prepare
Refreshing native plugins compatible for Editor in 2.25 ms, found 3 plugins.
Preloading 0 native plugins for Editor in 0.00 ms.
Unloading 0 Unused Serialized files (Serialized files now loaded: 0)
Unloading 3661 unused Assets / (1.1 MB). Loaded Objects now: 4159.
Memory consumption went from 82.7 MB to 81.5 MB.
Total: 11.871100 ms (FindLiveObjects: 0.794800 ms CreateObjectMapping: 0.697400 ms MarkObjects: 8.348200 ms  DeleteObjects: 2.029000 ms)

Prepare: number of updated asset objects reloaded= 0
========================================================================
Received Prepare
Begin MonoManager ReloadAssembly
- Loaded All Assemblies, in  1.251 seconds
Refreshing native plugins compatible for Editor in 1.37 ms, found 3 plugins.
Native extension for WindowsStandalone target not found
Mono: successfully reloaded assembly
- Finished resetting the current domain, in  0.900 seconds
Domain Reload Profiling: 2150ms
	BeginReloadAssembly (325ms)
		ExecutionOrderSort (0ms)
		DisableScriptedObjects (10ms)
		BackupInstance (0ms)
		ReleaseScriptingObjects (0ms)
		CreateAndSetChildDomain (77ms)
	RebuildCommonClasses (103ms)
	RebuildNativeTypeToScriptingClass (30ms)
	initialDomainReloadingComplete (58ms)
	LoadAllAssembliesAndSetupDomain (733ms)
		LoadAssemblies (555ms)
		RebuildTransferFunctionScriptingTraits (0ms)
		AnalyzeDomain (351ms)
			TypeCache.Refresh (15ms)
				TypeCache.ScanAssembly (0ms)
			BuildScriptInfoCaches (318ms)
			ResolveRequiredComponents (11ms)
	FinalizeReload (900ms)
		ReleaseScriptCaches (0ms)
		RebuildScriptCaches (0ms)
		SetupLoadedEditorAssemblies (677ms)
			LogAssemblyErrors (0ms)
			InitializePlatformSupportModulesInManaged (5ms)
			SetLoadedEditorAssemblies (5ms)
			BeforeProcessingInitializeOnLoad (169ms)
			ProcessInitializeOnLoadAttributes (465ms)
			ProcessInitializeOnLoadMethodAttributes (26ms)
			AfterProcessingInitializeOnLoad (6ms)
			EditorAssembliesLoaded (0ms)
		ExecutionOrderSort2 (0ms)
		AwakeInstancesAfterBackupRestoration (7ms)
Refreshing native plugins compatible for Editor in 1.06 ms, found 3 plugins.
Preloading 0 native plugins for Editor in 0.00 ms.
Unloading 0 Unused Serialized files (Serialized files now loaded: 0)
Unloading 3668 unused Assets / (0.7 MB). Loaded Objects now: 4159.
Memory consumption went from 82.5 MB to 81.8 MB.
Total: 6.882700 ms (FindLiveObjects: 0.476800 ms CreateObjectMapping: 0.282600 ms MarkObjects: 5.198100 ms  DeleteObjects: 0.924200 ms)

Prepare: number of updated asset objects reloaded= 0
========================================================================
Received Prepare
Refreshing native plugins compatible for Editor in 1.51 ms, found 3 plugins.
Preloading 0 native plugins for Editor in 0.00 ms.
Unloading 0 Unused Serialized files (Serialized files now loaded: 0)
Unloading 3661 unused Assets / (0.8 MB). Loaded Objects now: 4159.
Memory consumption went from 82.6 MB to 81.9 MB.
Total: 7.777700 ms (FindLiveObjects: 0.720800 ms CreateObjectMapping: 0.389300 ms MarkObjects: 5.590100 ms  DeleteObjects: 1.075900 ms)

Prepare: number of updated asset objects reloaded= 0
========================================================================
Received Prepare
Begin MonoManager ReloadAssembly
- Loaded All Assemblies, in  0.640 seconds
Refreshing native plugins compatible for Editor in 1.40 ms, found 3 plugins.
Native extension for WindowsStandalone target not found
Mono: successfully reloaded assembly
- Finished resetting the current domain, in  0.718 seconds
Domain Reload Profiling: 1359ms
	BeginReloadAssembly (193ms)
		ExecutionOrderSort (0ms)
		DisableScriptedObjects (5ms)
		BackupInstance (0ms)
		ReleaseScriptingObjects (0ms)
		CreateAndSetChildDomain (51ms)
	RebuildCommonClasses (38ms)
	RebuildNativeTypeToScriptingClass (13ms)
	initialDomainReloadingComplete (28ms)
	LoadAllAssembliesAndSetupDomain (369ms)
		LoadAssemblies (308ms)
		RebuildTransferFunctionScriptingTraits (0ms)
		AnalyzeDomain (159ms)
			TypeCache.Refresh (8ms)
				TypeCache.ScanAssembly (0ms)
			BuildScriptInfoCaches (143ms)
			ResolveRequiredComponents (4ms)
	FinalizeReload (719ms)
		ReleaseScriptCaches (0ms)
		RebuildScriptCaches (0ms)
		SetupLoadedEditorAssemblies (577ms)
			LogAssemblyErrors (0ms)
			InitializePlatformSupportModulesInManaged (3ms)
			SetLoadedEditorAssemblies (3ms)
			BeforeProcessingInitializeOnLoad (95ms)
			ProcessInitializeOnLoadAttributes (444ms)
			ProcessInitializeOnLoadMethodAttributes (26ms)
			AfterProcessingInitializeOnLoad (7ms)
			EditorAssembliesLoaded (0ms)
		ExecutionOrderSort2 (0ms)
		AwakeInstancesAfterBackupRestoration (6ms)
Refreshing native plugins compatible for Editor in 1.67 ms, found 3 plugins.
Preloading 0 native plugins for Editor in 0.00 ms.
Unloading 0 Unused Serialized files (Serialized files now loaded: 0)
Unloading 3668 unused Assets / (0.8 MB). Loaded Objects now: 4159.
Memory consumption went from 82.5 MB to 81.7 MB.
Total: 8.272800 ms (FindLiveObjects: 0.689600 ms CreateObjectMapping: 0.418800 ms MarkObjects: 5.887000 ms  DeleteObjects: 1.275800 ms)

Prepare: number of updated asset objects reloaded= 0
========================================================================
Received Prepare
Begin MonoManager ReloadAssembly
- Loaded All Assemblies, in  0.620 seconds
Refreshing native plugins compatible for Editor in 0.96 ms, found 3 plugins.
Native extension for WindowsStandalone target not found
Mono: successfully reloaded assembly
- Finished resetting the current domain, in  0.705 seconds
Domain Reload Profiling: 1325ms
	BeginReloadAssembly (185ms)
		ExecutionOrderSort (0ms)
		DisableScriptedObjects (6ms)
		BackupInstance (0ms)
		ReleaseScriptingObjects (0ms)
		CreateAndSetChildDomain (52ms)
	RebuildCommonClasses (32ms)
	RebuildNativeTypeToScriptingClass (12ms)
	initialDomainReloadingComplete (29ms)
	LoadAllAssembliesAndSetupDomain (361ms)
		LoadAssemblies (297ms)
		RebuildTransferFunctionScriptingTraits (0ms)
		AnalyzeDomain (155ms)
			TypeCache.Refresh (6ms)
				TypeCache.ScanAssembly (0ms)
			BuildScriptInfoCaches (141ms)
			ResolveRequiredComponents (4ms)
	FinalizeReload (705ms)
		ReleaseScriptCaches (0ms)
		RebuildScriptCaches (0ms)
		SetupLoadedEditorAssemblies (564ms)
			LogAssemblyErrors (0ms)
			InitializePlatformSupportModulesInManaged (3ms)
			SetLoadedEditorAssemblies (3ms)
			BeforeProcessingInitializeOnLoad (97ms)
			ProcessInitializeOnLoadAttributes (426ms)
			ProcessInitializeOnLoadMethodAttributes (29ms)
			AfterProcessingInitializeOnLoad (6ms)
			EditorAssembliesLoaded (0ms)
		ExecutionOrderSort2 (0ms)
		AwakeInstancesAfterBackupRestoration (8ms)
Refreshing native plugins compatible for Editor in 1.08 ms, found 3 plugins.
Preloading 0 native plugins for Editor in 0.00 ms.
Unloading 0 Unused Serialized files (Serialized files now loaded: 0)
Unloading 3668 unused Assets / (0.8 MB). Loaded Objects now: 4159.
Memory consumption went from 82.5 MB to 81.7 MB.
Total: 8.532200 ms (FindLiveObjects: 0.751400 ms CreateObjectMapping: 0.469200 ms MarkObjects: 6.242700 ms  DeleteObjects: 1.067500 ms)

Prepare: number of updated asset objects reloaded= 0
========================================================================
Received Prepare
Refreshing native plugins compatible for Editor in 2.17 ms, found 3 plugins.
Preloading 0 native plugins for Editor in 0.00 ms.
Unloading 0 Unused Serialized files (Serialized files now loaded: 0)
Unloading 3661 unused Assets / (0.7 MB). Loaded Objects now: 4159.
Memory consumption went from 82.7 MB to 82.0 MB.
Total: 9.329500 ms (FindLiveObjects: 0.554800 ms CreateObjectMapping: 0.360800 ms MarkObjects: 7.153900 ms  DeleteObjects: 1.257800 ms)

Prepare: number of updated asset objects reloaded= 0
========================================================================
Received Prepare
Begin MonoManager ReloadAssembly
- Loaded All Assemblies, in  1.205 seconds
Refreshing native plugins compatible for Editor in 1.36 ms, found 3 plugins.
Native extension for WindowsStandalone target not found
Mono: successfully reloaded assembly
- Finished resetting the current domain, in  0.947 seconds
Domain Reload Profiling: 2148ms
	BeginReloadAssembly (321ms)
		ExecutionOrderSort (0ms)
		DisableScriptedObjects (13ms)
		BackupInstance (0ms)
		ReleaseScriptingObjects (0ms)
		CreateAndSetChildDomain (74ms)
	RebuildCommonClasses (78ms)
	RebuildNativeTypeToScriptingClass (21ms)
	initialDomainReloadingComplete (58ms)
	LoadAllAssembliesAndSetupDomain (721ms)
		LoadAssemblies (568ms)
		RebuildTransferFunctionScriptingTraits (0ms)
		AnalyzeDomain (326ms)
			TypeCache.Refresh (15ms)
				TypeCache.ScanAssembly (0ms)
			BuildScriptInfoCaches (294ms)
			ResolveRequiredComponents (10ms)
	FinalizeReload (948ms)
		ReleaseScriptCaches (0ms)
		RebuildScriptCaches (0ms)
		SetupLoadedEditorAssemblies (733ms)
			LogAssemblyErrors (0ms)
			InitializePlatformSupportModulesInManaged (5ms)
			SetLoadedEditorAssemblies (7ms)
			BeforeProcessingInitializeOnLoad (159ms)
			ProcessInitializeOnLoadAttributes (525ms)
			ProcessInitializeOnLoadMethodAttributes (30ms)
			AfterProcessingInitializeOnLoad (7ms)
			EditorAssembliesLoaded (0ms)
		ExecutionOrderSort2 (0ms)
		AwakeInstancesAfterBackupRestoration (7ms)
Refreshing native plugins compatible for Editor in 1.46 ms, found 3 plugins.
Preloading 0 native plugins for Editor in 0.00 ms.
Unloading 0 Unused Serialized files (Serialized files now loaded: 0)
Unloading 3668 unused Assets / (0.8 MB). Loaded Objects now: 4159.
Memory consumption went from 82.5 MB to 81.6 MB.
Total: 9.481200 ms (FindLiveObjects: 0.602700 ms CreateObjectMapping: 0.501700 ms MarkObjects: 6.945500 ms  DeleteObjects: 1.428900 ms)

Prepare: number of updated asset objects reloaded= 0
========================================================================
Received Prepare
Begin MonoManager ReloadAssembly
- Loaded All Assemblies, in  0.621 seconds
Refreshing native plugins compatible for Editor in 1.01 ms, found 3 plugins.
Native extension for WindowsStandalone target not found
Mono: successfully reloaded assembly
- Finished resetting the current domain, in  0.766 seconds
Domain Reload Profiling: 1388ms
	BeginReloadAssembly (188ms)
		ExecutionOrderSort (0ms)
		DisableScriptedObjects (5ms)
		BackupInstance (0ms)
		ReleaseScriptingObjects (0ms)
		CreateAndSetChildDomain (51ms)
	RebuildCommonClasses (35ms)
	RebuildNativeTypeToScriptingClass (12ms)
	initialDomainReloadingComplete (29ms)
	LoadAllAssembliesAndSetupDomain (357ms)
		LoadAssemblies (301ms)
		RebuildTransferFunctionScriptingTraits (0ms)
		AnalyzeDomain (149ms)
			TypeCache.Refresh (6ms)
				TypeCache.ScanAssembly (0ms)
			BuildScriptInfoCaches (136ms)
			ResolveRequiredComponents (4ms)
	FinalizeReload (767ms)
		ReleaseScriptCaches (0ms)
		RebuildScriptCaches (0ms)
		SetupLoadedEditorAssemblies (616ms)
			LogAssemblyErrors (0ms)
			InitializePlatformSupportModulesInManaged (3ms)
			SetLoadedEditorAssemblies (4ms)
			BeforeProcessingInitializeOnLoad (101ms)
			ProcessInitializeOnLoadAttributes (471ms)
			ProcessInitializeOnLoadMethodAttributes (30ms)
			AfterProcessingInitializeOnLoad (6ms)
			EditorAssembliesLoaded (0ms)
		ExecutionOrderSort2 (0ms)
		AwakeInstancesAfterBackupRestoration (7ms)
Refreshing native plugins compatible for Editor in 1.44 ms, found 3 plugins.
Preloading 0 native plugins for Editor in 0.00 ms.
Unloading 0 Unused Serialized files (Serialized files now loaded: 0)
Unloading 3668 unused Assets / (0.7 MB). Loaded Objects now: 4159.
Memory consumption went from 82.5 MB to 81.8 MB.
Total: 7.578600 ms (FindLiveObjects: 0.592600 ms CreateObjectMapping: 0.374900 ms MarkObjects: 5.408400 ms  DeleteObjects: 1.201300 ms)

Prepare: number of updated asset objects reloaded= 0
========================================================================
Received Prepare
Begin MonoManager ReloadAssembly
- Loaded All Assemblies, in  0.628 seconds
Refreshing native plugins compatible for Editor in 1.09 ms, found 3 plugins.
Native extension for WindowsStandalone target not found
Mono: successfully reloaded assembly
- Finished resetting the current domain, in  0.764 seconds
Domain Reload Profiling: 1393ms
	BeginReloadAssembly (193ms)
		ExecutionOrderSort (0ms)
		DisableScriptedObjects (5ms)
		BackupInstance (0ms)
		ReleaseScriptingObjects (0ms)
		CreateAndSetChildDomain (51ms)
	RebuildCommonClasses (34ms)
	RebuildNativeTypeToScriptingClass (11ms)
	initialDomainReloadingComplete (31ms)
	LoadAllAssembliesAndSetupDomain (359ms)
		LoadAssemblies (296ms)
		RebuildTransferFunctionScriptingTraits (0ms)
		AnalyzeDomain (158ms)
			TypeCache.Refresh (7ms)
				TypeCache.ScanAssembly (0ms)
			BuildScriptInfoCaches (142ms)
			ResolveRequiredComponents (6ms)
	FinalizeReload (765ms)
		ReleaseScriptCaches (0ms)
		RebuildScriptCaches (0ms)
		SetupLoadedEditorAssemblies (616ms)
			LogAssemblyErrors (0ms)
			InitializePlatformSupportModulesInManaged (3ms)
			SetLoadedEditorAssemblies (3ms)
			BeforeProcessingInitializeOnLoad (99ms)
			ProcessInitializeOnLoadAttributes (475ms)
			ProcessInitializeOnLoadMethodAttributes (29ms)
			AfterProcessingInitializeOnLoad (6ms)
			EditorAssembliesLoaded (0ms)
		ExecutionOrderSort2 (0ms)
		AwakeInstancesAfterBackupRestoration (8ms)
Refreshing native plugins compatible for Editor in 1.18 ms, found 3 plugins.
Preloading 0 native plugins for Editor in 0.00 ms.
Unloading 0 Unused Serialized files (Serialized files now loaded: 0)
Unloading 3668 unused Assets / (0.9 MB). Loaded Objects now: 4159.
Memory consumption went from 82.5 MB to 81.6 MB.
Total: 10.508700 ms (FindLiveObjects: 0.705300 ms CreateObjectMapping: 0.684900 ms MarkObjects: 7.386600 ms  DeleteObjects: 1.729300 ms)

Prepare: number of updated asset objects reloaded= 0
========================================================================
Received Prepare
Refreshing native plugins compatible for Editor in 1.82 ms, found 3 plugins.
Preloading 0 native plugins for Editor in 0.00 ms.
Unloading 0 Unused Serialized files (Serialized files now loaded: 0)
Unloading 3661 unused Assets / (0.7 MB). Loaded Objects now: 4159.
Memory consumption went from 82.7 MB to 82.0 MB.
Total: 10.382300 ms (FindLiveObjects: 0.900600 ms CreateObjectMapping: 0.352000 ms MarkObjects: 7.781000 ms  DeleteObjects: 1.347100 ms)

Prepare: number of updated asset objects reloaded= 0
========================================================================
Received Prepare
Begin MonoManager ReloadAssembly
- Loaded All Assemblies, in  1.205 seconds
Refreshing native plugins compatible for Editor in 1.76 ms, found 3 plugins.
Native extension for WindowsStandalone target not found
Mono: successfully reloaded assembly
- Finished resetting the current domain, in  1.141 seconds
Domain Reload Profiling: 2342ms
	BeginReloadAssembly (346ms)
		ExecutionOrderSort (0ms)
		DisableScriptedObjects (14ms)
		BackupInstance (0ms)
		ReleaseScriptingObjects (0ms)
		CreateAndSetChildDomain (69ms)
	RebuildCommonClasses (74ms)
	RebuildNativeTypeToScriptingClass (34ms)
	initialDomainReloadingComplete (82ms)
	LoadAllAssembliesAndSetupDomain (665ms)
		LoadAssemblies (555ms)
		RebuildTransferFunctionScriptingTraits (0ms)
		AnalyzeDomain (309ms)
			TypeCache.Refresh (14ms)
				TypeCache.ScanAssembly (0ms)
			BuildScriptInfoCaches (280ms)
			ResolveRequiredComponents (9ms)
	FinalizeReload (1142ms)
		ReleaseScriptCaches (0ms)
		RebuildScriptCaches (0ms)
		SetupLoadedEditorAssemblies (918ms)
			LogAssemblyErrors (0ms)
			InitializePlatformSupportModulesInManaged (5ms)
			SetLoadedEditorAssemblies (7ms)
			BeforeProcessingInitializeOnLoad (175ms)
			ProcessInitializeOnLoadAttributes (703ms)
			ProcessInitializeOnLoadMethodAttributes (22ms)
			AfterProcessingInitializeOnLoad (6ms)
			EditorAssembliesLoaded (0ms)
		ExecutionOrderSort2 (0ms)
		AwakeInstancesAfterBackupRestoration (8ms)
Refreshing native plugins compatible for Editor in 1.13 ms, found 3 plugins.
Preloading 0 native plugins for Editor in 0.00 ms.
Unloading 0 Unused Serialized files (Serialized files now loaded: 0)
Unloading 3668 unused Assets / (0.7 MB). Loaded Objects now: 4159.
Memory consumption went from 82.5 MB to 81.7 MB.
Total: 6.354900 ms (FindLiveObjects: 0.524400 ms CreateObjectMapping: 0.311400 ms MarkObjects: 4.472300 ms  DeleteObjects: 1.045600 ms)

Prepare: number of updated asset objects reloaded= 0
========================================================================
Received Prepare
Begin MonoManager ReloadAssembly
- Loaded All Assemblies, in  0.601 seconds
Refreshing native plugins compatible for Editor in 0.95 ms, found 3 plugins.
Native extension for WindowsStandalone target not found
Mono: successfully reloaded assembly
- Finished resetting the current domain, in  0.672 seconds
Domain Reload Profiling: 1272ms
	BeginReloadAssembly (184ms)
		ExecutionOrderSort (0ms)
		DisableScriptedObjects (5ms)
		BackupInstance (0ms)
		ReleaseScriptingObjects (0ms)
		CreateAndSetChildDomain (48ms)
	RebuildCommonClasses (32ms)
	RebuildNativeTypeToScriptingClass (10ms)
	initialDomainReloadingComplete (29ms)
	LoadAllAssembliesAndSetupDomain (344ms)
		LoadAssemblies (291ms)
		RebuildTransferFunctionScriptingTraits (0ms)
		AnalyzeDomain (145ms)
			TypeCache.Refresh (7ms)
				TypeCache.ScanAssembly (0ms)
			BuildScriptInfoCaches (131ms)
			ResolveRequiredComponents (4ms)
	FinalizeReload (672ms)
		ReleaseScriptCaches (0ms)
		RebuildScriptCaches (0ms)
		SetupLoadedEditorAssemblies (547ms)
			LogAssemblyErrors (0ms)
			InitializePlatformSupportModulesInManaged (2ms)
			SetLoadedEditorAssemblies (3ms)
			BeforeProcessingInitializeOnLoad (93ms)
			ProcessInitializeOnLoadAttributes (418ms)
			ProcessInitializeOnLoadMethodAttributes (26ms)
			AfterProcessingInitializeOnLoad (5ms)
			EditorAssembliesLoaded (0ms)
		ExecutionOrderSort2 (0ms)
		AwakeInstancesAfterBackupRestoration (7ms)
Refreshing native plugins compatible for Editor in 1.09 ms, found 3 plugins.
Preloading 0 native plugins for Editor in 0.00 ms.
Unloading 0 Unused Serialized files (Serialized files now loaded: 0)
Unloading 3668 unused Assets / (0.9 MB). Loaded Objects now: 4159.
Memory consumption went from 82.5 MB to 81.6 MB.
Total: 7.982900 ms (FindLiveObjects: 0.572200 ms CreateObjectMapping: 0.313000 ms MarkObjects: 5.892700 ms  DeleteObjects: 1.203400 ms)

Prepare: number of updated asset objects reloaded= 0
========================================================================
Received Prepare
Refreshing native plugins compatible for Editor in 2.11 ms, found 3 plugins.
Preloading 0 native plugins for Editor in 0.00 ms.
Unloading 0 Unused Serialized files (Serialized files now loaded: 0)
Unloading 3661 unused Assets / (1.1 MB). Loaded Objects now: 4159.
Memory consumption went from 82.7 MB to 81.6 MB.
Total: 13.088100 ms (FindLiveObjects: 0.573300 ms CreateObjectMapping: 0.358500 ms MarkObjects: 10.400600 ms  DeleteObjects: 1.753000 ms)

Prepare: number of updated asset objects reloaded= 0
========================================================================
Received Prepare
Begin MonoManager ReloadAssembly
- Loaded All Assemblies, in  0.871 seconds
Refreshing native plugins compatible for Editor in 0.79 ms, found 3 plugins.
Native extension for WindowsStandalone target not found
Mono: successfully reloaded assembly
- Finished resetting the current domain, in  0.592 seconds
Domain Reload Profiling: 1459ms
	BeginReloadAssembly (312ms)
		ExecutionOrderSort (0ms)
		DisableScriptedObjects (10ms)
		BackupInstance (0ms)
		ReleaseScriptingObjects (0ms)
		CreateAndSetChildDomain (71ms)
	RebuildCommonClasses (97ms)
	RebuildNativeTypeToScriptingClass (31ms)
	initialDomainReloadingComplete (65ms)
	LoadAllAssembliesAndSetupDomain (361ms)
		LoadAssemblies (371ms)
		RebuildTransferFunctionScriptingTraits (0ms)
		AnalyzeDomain (158ms)
			TypeCache.Refresh (8ms)
				TypeCache.ScanAssembly (0ms)
			BuildScriptInfoCaches (142ms)
			ResolveRequiredComponents (4ms)
	FinalizeReload (593ms)
		ReleaseScriptCaches (0ms)
		RebuildScriptCaches (0ms)
		SetupLoadedEditorAssemblies (456ms)
			LogAssemblyErrors (0ms)
			InitializePlatformSupportModulesInManaged (2ms)
			SetLoadedEditorAssemblies (3ms)
			BeforeProcessingInitializeOnLoad (79ms)
			ProcessInitializeOnLoadAttributes (344ms)
			ProcessInitializeOnLoadMethodAttributes (22ms)
			AfterProcessingInitializeOnLoad (5ms)
			EditorAssembliesLoaded (0ms)
		ExecutionOrderSort2 (0ms)
		AwakeInstancesAfterBackupRestoration (5ms)
Refreshing native plugins compatible for Editor in 1.04 ms, found 3 plugins.
Preloading 0 native plugins for Editor in 0.00 ms.
Unloading 0 Unused Serialized files (Serialized files now loaded: 0)
Unloading 3668 unused Assets / (0.9 MB). Loaded Objects now: 4159.
Memory consumption went from 82.5 MB to 81.6 MB.
Total: 6.806400 ms (FindLiveObjects: 0.545800 ms CreateObjectMapping: 0.282000 ms MarkObjects: 4.655700 ms  DeleteObjects: 1.321000 ms)

Prepare: number of updated asset objects reloaded= 0
========================================================================
Received Prepare
Begin MonoManager ReloadAssembly
- Loaded All Assemblies, in  0.615 seconds
Refreshing native plugins compatible for Editor in 1.02 ms, found 3 plugins.
Native extension for WindowsStandalone target not found
Mono: successfully reloaded assembly
- Finished resetting the current domain, in  0.674 seconds
Domain Reload Profiling: 1289ms
	BeginReloadAssembly (188ms)
		ExecutionOrderSort (0ms)
		DisableScriptedObjects (7ms)
		BackupInstance (0ms)
		ReleaseScriptingObjects (0ms)
		CreateAndSetChildDomain (51ms)
	RebuildCommonClasses (33ms)
	RebuildNativeTypeToScriptingClass (15ms)
	initialDomainReloadingComplete (30ms)
	LoadAllAssembliesAndSetupDomain (349ms)
		LoadAssemblies (292ms)
		RebuildTransferFunctionScriptingTraits (0ms)
		AnalyzeDomain (147ms)
			TypeCache.Refresh (6ms)
				TypeCache.ScanAssembly (0ms)
			BuildScriptInfoCaches (133ms)
			ResolveRequiredComponents (4ms)
	FinalizeReload (674ms)
		ReleaseScriptCaches (0ms)
		RebuildScriptCaches (0ms)
		SetupLoadedEditorAssemblies (549ms)
			LogAssemblyErrors (0ms)
			InitializePlatformSupportModulesInManaged (2ms)
			SetLoadedEditorAssemblies (3ms)
			BeforeProcessingInitializeOnLoad (92ms)
			ProcessInitializeOnLoadAttributes (418ms)
			ProcessInitializeOnLoadMethodAttributes (28ms)
			AfterProcessingInitializeOnLoad (6ms)
			EditorAssembliesLoaded (0ms)
		ExecutionOrderSort2 (0ms)
		AwakeInstancesAfterBackupRestoration (6ms)
Refreshing native plugins compatible for Editor in 1.38 ms, found 3 plugins.
Preloading 0 native plugins for Editor in 0.00 ms.
Unloading 0 Unused Serialized files (Serialized files now loaded: 0)
Unloading 3668 unused Assets / (0.8 MB). Loaded Objects now: 4159.
Memory consumption went from 82.5 MB to 81.7 MB.
Total: 7.188500 ms (FindLiveObjects: 0.516100 ms CreateObjectMapping: 0.229700 ms MarkObjects: 5.107500 ms  DeleteObjects: 1.333400 ms)

Prepare: number of updated asset objects reloaded= 0
========================================================================
Received Prepare
Begin MonoManager ReloadAssembly
- Loaded All Assemblies, in  0.620 seconds
Refreshing native plugins compatible for Editor in 1.05 ms, found 3 plugins.
Native extension for WindowsStandalone target not found
Mono: successfully reloaded assembly
- Finished resetting the current domain, in  0.748 seconds
Domain Reload Profiling: 1367ms
	BeginReloadAssembly (186ms)
		ExecutionOrderSort (0ms)
		DisableScriptedObjects (6ms)
		BackupInstance (0ms)
		ReleaseScriptingObjects (0ms)
		CreateAndSetChildDomain (49ms)
	RebuildCommonClasses (37ms)
	RebuildNativeTypeToScriptingClass (12ms)
	initialDomainReloadingComplete (29ms)
	LoadAllAssembliesAndSetupDomain (355ms)
		LoadAssemblies (297ms)
		RebuildTransferFunctionScriptingTraits (0ms)
		AnalyzeDomain (151ms)
			TypeCache.Refresh (8ms)
				TypeCache.ScanAssembly (0ms)
			BuildScriptInfoCaches (136ms)
			ResolveRequiredComponents (4ms)
	FinalizeReload (748ms)
		ReleaseScriptCaches (0ms)
		RebuildScriptCaches (0ms)
		SetupLoadedEditorAssemblies (602ms)
			LogAssemblyErrors (0ms)
			InitializePlatformSupportModulesInManaged (3ms)
			SetLoadedEditorAssemblies (3ms)
			BeforeProcessingInitializeOnLoad (104ms)
			ProcessInitializeOnLoadAttributes (457ms)
			ProcessInitializeOnLoadMethodAttributes (28ms)
			AfterProcessingInitializeOnLoad (6ms)
			EditorAssembliesLoaded (0ms)
		ExecutionOrderSort2 (0ms)
		AwakeInstancesAfterBackupRestoration (7ms)
Refreshing native plugins compatible for Editor in 1.21 ms, found 3 plugins.
Preloading 0 native plugins for Editor in 0.00 ms.
Unloading 0 Unused Serialized files (Serialized files now loaded: 0)
Unloading 3668 unused Assets / (0.8 MB). Loaded Objects now: 4159.
Memory consumption went from 82.5 MB to 81.7 MB.
Total: 9.467400 ms (FindLiveObjects: 0.489100 ms CreateObjectMapping: 0.637700 ms MarkObjects: 6.788200 ms  DeleteObjects: 1.550900 ms)

Prepare: number of updated asset objects reloaded= 0
========================================================================
Received Prepare
Begin MonoManager ReloadAssembly
- Loaded All Assemblies, in  0.595 seconds
Refreshing native plugins compatible for Editor in 0.94 ms, found 3 plugins.
Native extension for WindowsStandalone target not found
Mono: successfully reloaded assembly
- Finished resetting the current domain, in  0.753 seconds
Domain Reload Profiling: 1348ms
	BeginReloadAssembly (186ms)
		ExecutionOrderSort (0ms)
		DisableScriptedObjects (7ms)
		BackupInstance (0ms)
		ReleaseScriptingObjects (0ms)
		CreateAndSetChildDomain (49ms)
	RebuildCommonClasses (31ms)
	RebuildNativeTypeToScriptingClass (10ms)
	initialDomainReloadingComplete (27ms)
	LoadAllAssembliesAndSetupDomain (340ms)
		LoadAssemblies (293ms)
		RebuildTransferFunctionScriptingTraits (0ms)
		AnalyzeDomain (140ms)
			TypeCache.Refresh (7ms)
				TypeCache.ScanAssembly (0ms)
			BuildScriptInfoCaches (126ms)
			ResolveRequiredComponents (4ms)
	FinalizeReload (754ms)
		ReleaseScriptCaches (0ms)
		RebuildScriptCaches (0ms)
		SetupLoadedEditorAssemblies (611ms)
			LogAssemblyErrors (0ms)
			InitializePlatformSupportModulesInManaged (3ms)
			SetLoadedEditorAssemblies (4ms)
			BeforeProcessingInitializeOnLoad (103ms)
			ProcessInitializeOnLoadAttributes (466ms)
			ProcessInitializeOnLoadMethodAttributes (28ms)
			AfterProcessingInitializeOnLoad (6ms)
			EditorAssembliesLoaded (0ms)
		ExecutionOrderSort2 (0ms)
		AwakeInstancesAfterBackupRestoration (8ms)
Refreshing native plugins compatible for Editor in 1.70 ms, found 3 plugins.
Preloading 0 native plugins for Editor in 0.00 ms.
Unloading 0 Unused Serialized files (Serialized files now loaded: 0)
Unloading 3668 unused Assets / (1.0 MB). Loaded Objects now: 4159.
Memory consumption went from 82.5 MB to 81.5 MB.
Total: 9.325600 ms (FindLiveObjects: 0.643100 ms CreateObjectMapping: 0.516700 ms MarkObjects: 6.361300 ms  DeleteObjects: 1.802600 ms)

Prepare: number of updated asset objects reloaded= 0
========================================================================
Received Prepare
Refreshing native plugins compatible for Editor in 2.10 ms, found 3 plugins.
Preloading 0 native plugins for Editor in 0.00 ms.
Unloading 0 Unused Serialized files (Serialized files now loaded: 0)
Unloading 3661 unused Assets / (0.9 MB). Loaded Objects now: 4159.
Memory consumption went from 82.7 MB to 81.8 MB.
Total: 11.025500 ms (FindLiveObjects: 0.948400 ms CreateObjectMapping: 0.581100 ms MarkObjects: 7.695900 ms  DeleteObjects: 1.797900 ms)

Prepare: number of updated asset objects reloaded= 0
========================================================================
Received Prepare
Begin MonoManager ReloadAssembly
- Loaded All Assemblies, in  1.136 seconds
Refreshing native plugins compatible for Editor in 1.19 ms, found 3 plugins.
Native extension for WindowsStandalone target not found
Mono: successfully reloaded assembly
- Finished resetting the current domain, in  0.877 seconds
Domain Reload Profiling: 2010ms
	BeginReloadAssembly (307ms)
		ExecutionOrderSort (0ms)
		DisableScriptedObjects (9ms)
		BackupInstance (0ms)
		ReleaseScriptingObjects (0ms)
		CreateAndSetChildDomain (69ms)
	RebuildCommonClasses (63ms)
	RebuildNativeTypeToScriptingClass (30ms)
	initialDomainReloadingComplete (60ms)
	LoadAllAssembliesAndSetupDomain (673ms)
		LoadAssemblies (534ms)
		RebuildTransferFunctionScriptingTraits (0ms)
		AnalyzeDomain (305ms)
			TypeCache.Refresh (15ms)
				TypeCache.ScanAssembly (0ms)
			BuildScriptInfoCaches (274ms)
			ResolveRequiredComponents (11ms)
	FinalizeReload (877ms)
		ReleaseScriptCaches (0ms)
		RebuildScriptCaches (0ms)
		SetupLoadedEditorAssemblies (668ms)
			LogAssemblyErrors (0ms)
			InitializePlatformSupportModulesInManaged (6ms)
			SetLoadedEditorAssemblies (3ms)
			BeforeProcessingInitializeOnLoad (160ms)
			ProcessInitializeOnLoadAttributes (466ms)
			ProcessInitializeOnLoadMethodAttributes (26ms)
			AfterProcessingInitializeOnLoad (7ms)
			EditorAssembliesLoaded (0ms)
		ExecutionOrderSort2 (0ms)
		AwakeInstancesAfterBackupRestoration (8ms)
Refreshing native plugins compatible for Editor in 1.01 ms, found 3 plugins.
Preloading 0 native plugins for Editor in 0.00 ms.
Unloading 0 Unused Serialized files (Serialized files now loaded: 0)
Unloading 3668 unused Assets / (0.6 MB). Loaded Objects now: 4159.
Memory consumption went from 82.5 MB to 81.9 MB.
Total: 6.101700 ms (FindLiveObjects: 0.550000 ms CreateObjectMapping: 0.329400 ms MarkObjects: 4.377600 ms  DeleteObjects: 0.843500 ms)

Prepare: number of updated asset objects reloaded= 0
========================================================================
Received Prepare
Begin MonoManager ReloadAssembly
- Loaded All Assemblies, in  0.630 seconds
Refreshing native plugins compatible for Editor in 0.94 ms, found 3 plugins.
Native extension for WindowsStandalone target not found
Mono: successfully reloaded assembly
- Finished resetting the current domain, in  0.678 seconds
Domain Reload Profiling: 1308ms
	BeginReloadAssembly (184ms)
		ExecutionOrderSort (0ms)
		DisableScriptedObjects (5ms)
		BackupInstance (0ms)
		ReleaseScriptingObjects (0ms)
		CreateAndSetChildDomain (50ms)
	RebuildCommonClasses (39ms)
	RebuildNativeTypeToScriptingClass (11ms)
	initialDomainReloadingComplete (28ms)
	LoadAllAssembliesAndSetupDomain (367ms)
		LoadAssemblies (295ms)
		RebuildTransferFunctionScriptingTraits (0ms)
		AnalyzeDomain (164ms)
			TypeCache.Refresh (6ms)
				TypeCache.ScanAssembly (0ms)
			BuildScriptInfoCaches (150ms)
			ResolveRequiredComponents (4ms)
	FinalizeReload (678ms)
		ReleaseScriptCaches (0ms)
		RebuildScriptCaches (0ms)
		SetupLoadedEditorAssemblies (551ms)
			LogAssemblyErrors (0ms)
			InitializePlatformSupportModulesInManaged (3ms)
			SetLoadedEditorAssemblies (3ms)
			BeforeProcessingInitializeOnLoad (93ms)
			ProcessInitializeOnLoadAttributes (420ms)
			ProcessInitializeOnLoadMethodAttributes (28ms)
			AfterProcessingInitializeOnLoad (5ms)
			EditorAssembliesLoaded (0ms)
		ExecutionOrderSort2 (0ms)
		AwakeInstancesAfterBackupRestoration (7ms)
Refreshing native plugins compatible for Editor in 1.08 ms, found 3 plugins.
Preloading 0 native plugins for Editor in 0.00 ms.
Unloading 0 Unused Serialized files (Serialized files now loaded: 0)
Unloading 3668 unused Assets / (0.8 MB). Loaded Objects now: 4159.
Memory consumption went from 82.5 MB to 81.7 MB.
Total: 7.509400 ms (FindLiveObjects: 0.630400 ms CreateObjectMapping: 0.474700 ms MarkObjects: 5.113800 ms  DeleteObjects: 1.289200 ms)

Prepare: number of updated asset objects reloaded= 0
========================================================================
Received Prepare
Begin MonoManager ReloadAssembly
- Loaded All Assemblies, in  0.616 seconds
Refreshing native plugins compatible for Editor in 0.86 ms, found 3 plugins.
Native extension for WindowsStandalone target not found
Mono: successfully reloaded assembly
- Finished resetting the current domain, in  0.651 seconds
Domain Reload Profiling: 1267ms
	BeginReloadAssembly (194ms)
		ExecutionOrderSort (0ms)
		DisableScriptedObjects (5ms)
		BackupInstance (0ms)
		ReleaseScriptingObjects (0ms)
		CreateAndSetChildDomain (51ms)
	RebuildCommonClasses (39ms)
	RebuildNativeTypeToScriptingClass (12ms)
	initialDomainReloadingComplete (30ms)
	LoadAllAssembliesAndSetupDomain (342ms)
		LoadAssemblies (281ms)
		RebuildTransferFunctionScriptingTraits (0ms)
		AnalyzeDomain (157ms)
			TypeCache.Refresh (6ms)
				TypeCache.ScanAssembly (0ms)
			BuildScriptInfoCaches (144ms)
			ResolveRequiredComponents (4ms)
	FinalizeReload (652ms)
		ReleaseScriptCaches (0ms)
		RebuildScriptCaches (0ms)
		SetupLoadedEditorAssemblies (535ms)
			LogAssemblyErrors (0ms)
			InitializePlatformSupportModulesInManaged (3ms)
			SetLoadedEditorAssemblies (3ms)
			BeforeProcessingInitializeOnLoad (88ms)
			ProcessInitializeOnLoadAttributes (405ms)
			ProcessInitializeOnLoadMethodAttributes (29ms)
			AfterProcessingInitializeOnLoad (8ms)
			EditorAssembliesLoaded (0ms)
		ExecutionOrderSort2 (0ms)
		AwakeInstancesAfterBackupRestoration (8ms)
Refreshing native plugins compatible for Editor in 1.15 ms, found 3 plugins.
Preloading 0 native plugins for Editor in 0.00 ms.
Unloading 0 Unused Serialized files (Serialized files now loaded: 0)
Unloading 3668 unused Assets / (1.0 MB). Loaded Objects now: 4159.
Memory consumption went from 82.5 MB to 81.5 MB.
Total: 9.245200 ms (FindLiveObjects: 0.536500 ms CreateObjectMapping: 0.625500 ms MarkObjects: 6.336600 ms  DeleteObjects: 1.745000 ms)

Prepare: number of updated asset objects reloaded= 0
========================================================================
Received Prepare
Begin MonoManager ReloadAssembly
- Loaded All Assemblies, in  1.148 seconds
Refreshing native plugins compatible for Editor in 1.16 ms, found 3 plugins.
Native extension for WindowsStandalone target not found
Mono: successfully reloaded assembly
- Finished resetting the current domain, in  0.684 seconds
Domain Reload Profiling: 1831ms
	BeginReloadAssembly (314ms)
		ExecutionOrderSort (0ms)
		DisableScriptedObjects (9ms)
		BackupInstance (0ms)
		ReleaseScriptingObjects (0ms)
		CreateAndSetChildDomain (69ms)
	RebuildCommonClasses (71ms)
	RebuildNativeTypeToScriptingClass (19ms)
	initialDomainReloadingComplete (58ms)
	LoadAllAssembliesAndSetupDomain (686ms)
		LoadAssemblies (544ms)
		RebuildTransferFunctionScriptingTraits (0ms)
		AnalyzeDomain (317ms)
			TypeCache.Refresh (8ms)
				TypeCache.ScanAssembly (0ms)
			BuildScriptInfoCaches (295ms)
			ResolveRequiredComponents (7ms)
	FinalizeReload (685ms)
		ReleaseScriptCaches (0ms)
		RebuildScriptCaches (0ms)
		SetupLoadedEditorAssemblies (547ms)
			LogAssemblyErrors (0ms)
			InitializePlatformSupportModulesInManaged (3ms)
			SetLoadedEditorAssemblies (3ms)
			BeforeProcessingInitializeOnLoad (93ms)
			ProcessInitializeOnLoadAttributes (415ms)
			ProcessInitializeOnLoadMethodAttributes (27ms)
			AfterProcessingInitializeOnLoad (6ms)
			EditorAssembliesLoaded (0ms)
		ExecutionOrderSort2 (0ms)
		AwakeInstancesAfterBackupRestoration (6ms)
Refreshing native plugins compatible for Editor in 1.27 ms, found 3 plugins.
Preloading 0 native plugins for Editor in 0.00 ms.
Unloading 0 Unused Serialized files (Serialized files now loaded: 0)
Unloading 3668 unused Assets / (1.1 MB). Loaded Objects now: 4159.
Memory consumption went from 82.5 MB to 81.4 MB.
Total: 10.400100 ms (FindLiveObjects: 0.804200 ms CreateObjectMapping: 0.679900 ms MarkObjects: 6.833900 ms  DeleteObjects: 2.080400 ms)

Prepare: number of updated asset objects reloaded= 0
========================================================================
Received Prepare
Begin MonoManager ReloadAssembly
- Loaded All Assemblies, in  0.611 seconds
Refreshing native plugins compatible for Editor in 1.03 ms, found 3 plugins.
Native extension for WindowsStandalone target not found
Mono: successfully reloaded assembly
- Finished resetting the current domain, in  0.696 seconds
Domain Reload Profiling: 1308ms
	BeginReloadAssembly (184ms)
		ExecutionOrderSort (0ms)
		DisableScriptedObjects (5ms)
		BackupInstance (0ms)
		ReleaseScriptingObjects (0ms)
		CreateAndSetChildDomain (48ms)
	RebuildCommonClasses (33ms)
	RebuildNativeTypeToScriptingClass (12ms)
	initialDomainReloadingComplete (33ms)
	LoadAllAssembliesAndSetupDomain (349ms)
		LoadAssemblies (292ms)
		RebuildTransferFunctionScriptingTraits (0ms)
		AnalyzeDomain (150ms)
			TypeCache.Refresh (6ms)
				TypeCache.ScanAssembly (0ms)
			BuildScriptInfoCaches (136ms)
			ResolveRequiredComponents (4ms)
	FinalizeReload (697ms)
		ReleaseScriptCaches (0ms)
		RebuildScriptCaches (0ms)
		SetupLoadedEditorAssemblies (568ms)
			LogAssemblyErrors (0ms)
			InitializePlatformSupportModulesInManaged (3ms)
			SetLoadedEditorAssemblies (3ms)
			BeforeProcessingInitializeOnLoad (92ms)
			ProcessInitializeOnLoadAttributes (436ms)
			ProcessInitializeOnLoadMethodAttributes (28ms)
			AfterProcessingInitializeOnLoad (6ms)
			EditorAssembliesLoaded (0ms)
		ExecutionOrderSort2 (0ms)
		AwakeInstancesAfterBackupRestoration (9ms)
Refreshing native plugins compatible for Editor in 1.57 ms, found 3 plugins.
Preloading 0 native plugins for Editor in 0.00 ms.
Unloading 0 Unused Serialized files (Serialized files now loaded: 0)
Unloading 3668 unused Assets / (0.8 MB). Loaded Objects now: 4159.
Memory consumption went from 82.5 MB to 81.7 MB.
Total: 9.676100 ms (FindLiveObjects: 0.626700 ms CreateObjectMapping: 0.968100 ms MarkObjects: 6.322800 ms  DeleteObjects: 1.756400 ms)

Prepare: number of updated asset objects reloaded= 0
========================================================================
Received Prepare
Begin MonoManager ReloadAssembly
- Loaded All Assemblies, in  0.593 seconds
Refreshing native plugins compatible for Editor in 1.14 ms, found 3 plugins.
Native extension for WindowsStandalone target not found
Mono: successfully reloaded assembly
- Finished resetting the current domain, in  0.676 seconds
Domain Reload Profiling: 1269ms
	BeginReloadAssembly (185ms)
		ExecutionOrderSort (0ms)
		DisableScriptedObjects (5ms)
		BackupInstance (0ms)
		ReleaseScriptingObjects (0ms)
		CreateAndSetChildDomain (53ms)
	RebuildCommonClasses (39ms)
	RebuildNativeTypeToScriptingClass (11ms)
	initialDomainReloadingComplete (27ms)
	LoadAllAssembliesAndSetupDomain (331ms)
		LoadAssemblies (274ms)
		RebuildTransferFunctionScriptingTraits (0ms)
		AnalyzeDomain (146ms)
			TypeCache.Refresh (6ms)
				TypeCache.ScanAssembly (0ms)
			BuildScriptInfoCaches (133ms)
			ResolveRequiredComponents (4ms)
	FinalizeReload (676ms)
		ReleaseScriptCaches (0ms)
		RebuildScriptCaches (0ms)
		SetupLoadedEditorAssemblies (553ms)
			LogAssemblyErrors (0ms)
			InitializePlatformSupportModulesInManaged (2ms)
			SetLoadedEditorAssemblies (3ms)
			BeforeProcessingInitializeOnLoad (88ms)
			ProcessInitializeOnLoadAttributes (420ms)
			ProcessInitializeOnLoadMethodAttributes (32ms)
			AfterProcessingInitializeOnLoad (7ms)
			EditorAssembliesLoaded (0ms)
		ExecutionOrderSort2 (0ms)
		AwakeInstancesAfterBackupRestoration (8ms)
Refreshing native plugins compatible for Editor in 1.31 ms, found 3 plugins.
Preloading 0 native plugins for Editor in 0.00 ms.
Unloading 0 Unused Serialized files (Serialized files now loaded: 0)
Unloading 3668 unused Assets / (1.0 MB). Loaded Objects now: 4159.
Memory consumption went from 82.5 MB to 81.5 MB.
Total: 9.028000 ms (FindLiveObjects: 0.532300 ms CreateObjectMapping: 0.451400 ms MarkObjects: 6.254500 ms  DeleteObjects: 1.788300 ms)

Prepare: number of updated asset objects reloaded= 0
========================================================================
Received Prepare
Begin MonoManager ReloadAssembly
- Loaded All Assemblies, in  1.161 seconds
Refreshing native plugins compatible for Editor in 1.06 ms, found 3 plugins.
Native extension for WindowsStandalone target not found
Mono: successfully reloaded assembly
- Finished resetting the current domain, in  0.726 seconds
Domain Reload Profiling: 1883ms
	BeginReloadAssembly (341ms)
		ExecutionOrderSort (0ms)
		DisableScriptedObjects (12ms)
		BackupInstance (0ms)
		ReleaseScriptingObjects (0ms)
		CreateAndSetChildDomain (69ms)
	RebuildCommonClasses (69ms)
	RebuildNativeTypeToScriptingClass (30ms)
	initialDomainReloadingComplete (59ms)
	LoadAllAssembliesAndSetupDomain (658ms)
		LoadAssemblies (564ms)
		RebuildTransferFunctionScriptingTraits (0ms)
		AnalyzeDomain (287ms)
			TypeCache.Refresh (10ms)
				TypeCache.ScanAssembly (0ms)
			BuildScriptInfoCaches (267ms)
			ResolveRequiredComponents (5ms)
	FinalizeReload (726ms)
		ReleaseScriptCaches (0ms)
		RebuildScriptCaches (0ms)
		SetupLoadedEditorAssemblies (584ms)
			LogAssemblyErrors (0ms)
			InitializePlatformSupportModulesInManaged (3ms)
			SetLoadedEditorAssemblies (3ms)
			BeforeProcessingInitializeOnLoad (94ms)
			ProcessInitializeOnLoadAttributes (447ms)
			ProcessInitializeOnLoadMethodAttributes (30ms)
			AfterProcessingInitializeOnLoad (8ms)
			EditorAssembliesLoaded (0ms)
		ExecutionOrderSort2 (0ms)
		AwakeInstancesAfterBackupRestoration (8ms)
Refreshing native plugins compatible for Editor in 1.26 ms, found 3 plugins.
Preloading 0 native plugins for Editor in 0.00 ms.
Unloading 0 Unused Serialized files (Serialized files now loaded: 0)
Unloading 3668 unused Assets / (1.0 MB). Loaded Objects now: 4159.
Memory consumption went from 82.5 MB to 81.6 MB.
Total: 9.397900 ms (FindLiveObjects: 0.586400 ms CreateObjectMapping: 0.773100 ms MarkObjects: 6.204200 ms  DeleteObjects: 1.832400 ms)

Prepare: number of updated asset objects reloaded= 0
========================================================================
Received Prepare
Begin MonoManager ReloadAssembly
- Loaded All Assemblies, in  0.643 seconds
Refreshing native plugins compatible for Editor in 0.77 ms, found 3 plugins.
Native extension for WindowsStandalone target not found
Mono: successfully reloaded assembly
- Finished resetting the current domain, in  0.696 seconds
Domain Reload Profiling: 1339ms
	BeginReloadAssembly (187ms)
		ExecutionOrderSort (0ms)
		DisableScriptedObjects (5ms)
		BackupInstance (0ms)
		ReleaseScriptingObjects (0ms)
		CreateAndSetChildDomain (48ms)
	RebuildCommonClasses (33ms)
	RebuildNativeTypeToScriptingClass (11ms)
	initialDomainReloadingComplete (28ms)
	LoadAllAssembliesAndSetupDomain (383ms)
		LoadAssemblies (328ms)
		RebuildTransferFunctionScriptingTraits (0ms)
		AnalyzeDomain (151ms)
			TypeCache.Refresh (6ms)
				TypeCache.ScanAssembly (0ms)
			BuildScriptInfoCaches (138ms)
			ResolveRequiredComponents (4ms)
	FinalizeReload (696ms)
		ReleaseScriptCaches (0ms)
		RebuildScriptCaches (0ms)
		SetupLoadedEditorAssemblies (585ms)
			LogAssemblyErrors (0ms)
			InitializePlatformSupportModulesInManaged (3ms)
			SetLoadedEditorAssemblies (4ms)
			BeforeProcessingInitializeOnLoad (95ms)
			ProcessInitializeOnLoadAttributes (447ms)
			ProcessInitializeOnLoadMethodAttributes (31ms)
			AfterProcessingInitializeOnLoad (5ms)
			EditorAssembliesLoaded (0ms)
		ExecutionOrderSort2 (0ms)
		AwakeInstancesAfterBackupRestoration (6ms)
Refreshing native plugins compatible for Editor in 0.94 ms, found 3 plugins.
Preloading 0 native plugins for Editor in 0.00 ms.
Unloading 0 Unused Serialized files (Serialized files now loaded: 0)
Unloading 3668 unused Assets / (0.9 MB). Loaded Objects now: 4159.
Memory consumption went from 82.5 MB to 81.7 MB.
Total: 9.078600 ms (FindLiveObjects: 0.561500 ms CreateObjectMapping: 0.668200 ms MarkObjects: 5.996500 ms  DeleteObjects: 1.850300 ms)

Prepare: number of updated asset objects reloaded= 0
========================================================================
Received Prepare
Begin MonoManager ReloadAssembly
- Loaded All Assemblies, in  0.614 seconds
Refreshing native plugins compatible for Editor in 0.82 ms, found 3 plugins.
Native extension for WindowsStandalone target not found
Mono: successfully reloaded assembly
- Finished resetting the current domain, in  0.696 seconds
Domain Reload Profiling: 1310ms
	BeginReloadAssembly (191ms)
		ExecutionOrderSort (0ms)
		DisableScriptedObjects (5ms)
		BackupInstance (0ms)
		ReleaseScriptingObjects (0ms)
		CreateAndSetChildDomain (51ms)
	RebuildCommonClasses (33ms)
	RebuildNativeTypeToScriptingClass (10ms)
	initialDomainReloadingComplete (29ms)
	LoadAllAssembliesAndSetupDomain (350ms)
		LoadAssemblies (297ms)
		RebuildTransferFunctionScriptingTraits (0ms)
		AnalyzeDomain (144ms)
			TypeCache.Refresh (7ms)
				TypeCache.ScanAssembly (0ms)
			BuildScriptInfoCaches (128ms)
			ResolveRequiredComponents (5ms)
	FinalizeReload (697ms)
		ReleaseScriptCaches (0ms)
		RebuildScriptCaches (0ms)
		SetupLoadedEditorAssemblies (563ms)
			LogAssemblyErrors (0ms)
			InitializePlatformSupportModulesInManaged (3ms)
			SetLoadedEditorAssemblies (3ms)
			BeforeProcessingInitializeOnLoad (96ms)
			ProcessInitializeOnLoadAttributes (430ms)
			ProcessInitializeOnLoadMethodAttributes (26ms)
			AfterProcessingInitializeOnLoad (5ms)
			EditorAssembliesLoaded (0ms)
		ExecutionOrderSort2 (0ms)
		AwakeInstancesAfterBackupRestoration (6ms)
Refreshing native plugins compatible for Editor in 1.25 ms, found 3 plugins.
Preloading 0 native plugins for Editor in 0.00 ms.
Unloading 0 Unused Serialized files (Serialized files now loaded: 0)
Unloading 3668 unused Assets / (1.2 MB). Loaded Objects now: 4159.
Memory consumption went from 82.5 MB to 81.3 MB.
Total: 8.562500 ms (FindLiveObjects: 0.718400 ms CreateObjectMapping: 0.498800 ms MarkObjects: 5.331100 ms  DeleteObjects: 2.012700 ms)

Prepare: number of updated asset objects reloaded= 0
========================================================================
Received Prepare
Begin MonoManager ReloadAssembly
- Loaded All Assemblies, in  0.624 seconds
Refreshing native plugins compatible for Editor in 0.92 ms, found 3 plugins.
Native extension for WindowsStandalone target not found
Mono: successfully reloaded assembly
- Finished resetting the current domain, in  0.655 seconds
Domain Reload Profiling: 1280ms
	BeginReloadAssembly (192ms)
		ExecutionOrderSort (0ms)
		DisableScriptedObjects (5ms)
		BackupInstance (0ms)
		ReleaseScriptingObjects (0ms)
		CreateAndSetChildDomain (52ms)
	RebuildCommonClasses (30ms)
	RebuildNativeTypeToScriptingClass (17ms)
	initialDomainReloadingComplete (31ms)
	LoadAllAssembliesAndSetupDomain (355ms)
		LoadAssemblies (305ms)
		RebuildTransferFunctionScriptingTraits (0ms)
		AnalyzeDomain (144ms)
			TypeCache.Refresh (6ms)
				TypeCache.ScanAssembly (0ms)
			BuildScriptInfoCaches (131ms)
			ResolveRequiredComponents (4ms)
	FinalizeReload (656ms)
		ReleaseScriptCaches (0ms)
		RebuildScriptCaches (0ms)
		SetupLoadedEditorAssemblies (537ms)
			LogAssemblyErrors (0ms)
			InitializePlatformSupportModulesInManaged (3ms)
			SetLoadedEditorAssemblies (3ms)
			BeforeProcessingInitializeOnLoad (91ms)
			ProcessInitializeOnLoadAttributes (408ms)
			ProcessInitializeOnLoadMethodAttributes (26ms)
			AfterProcessingInitializeOnLoad (5ms)
			EditorAssembliesLoaded (0ms)
		ExecutionOrderSort2 (0ms)
		AwakeInstancesAfterBackupRestoration (6ms)
Refreshing native plugins compatible for Editor in 1.47 ms, found 3 plugins.
Preloading 0 native plugins for Editor in 0.00 ms.
Unloading 0 Unused Serialized files (Serialized files now loaded: 0)
Unloading 3668 unused Assets / (1.2 MB). Loaded Objects now: 4159.
Memory consumption went from 82.5 MB to 81.3 MB.
Total: 8.807600 ms (FindLiveObjects: 0.577600 ms CreateObjectMapping: 0.431000 ms MarkObjects: 5.934500 ms  DeleteObjects: 1.863000 ms)

Prepare: number of updated asset objects reloaded= 0
========================================================================
Received Prepare
Begin MonoManager ReloadAssembly
- Loaded All Assemblies, in  0.577 seconds
Refreshing native plugins compatible for Editor in 0.91 ms, found 3 plugins.
Native extension for WindowsStandalone target not found
Mono: successfully reloaded assembly
- Finished resetting the current domain, in  0.654 seconds
Domain Reload Profiling: 1232ms
	BeginReloadAssembly (183ms)
		ExecutionOrderSort (0ms)
		DisableScriptedObjects (9ms)
		BackupInstance (0ms)
		ReleaseScriptingObjects (0ms)
		CreateAndSetChildDomain (51ms)
	RebuildCommonClasses (31ms)
	RebuildNativeTypeToScriptingClass (10ms)
	initialDomainReloadingComplete (27ms)
	LoadAllAssembliesAndSetupDomain (326ms)
		LoadAssemblies (275ms)
		RebuildTransferFunctionScriptingTraits (0ms)
		AnalyzeDomain (137ms)
			TypeCache.Refresh (6ms)
				TypeCache.ScanAssembly (0ms)
			BuildScriptInfoCaches (124ms)
			ResolveRequiredComponents (4ms)
	FinalizeReload (655ms)
		ReleaseScriptCaches (0ms)
		RebuildScriptCaches (0ms)
		SetupLoadedEditorAssemblies (541ms)
			LogAssemblyErrors (0ms)
			InitializePlatformSupportModulesInManaged (11ms)
			SetLoadedEditorAssemblies (3ms)
			BeforeProcessingInitializeOnLoad (86ms)
			ProcessInitializeOnLoadAttributes (404ms)
			ProcessInitializeOnLoadMethodAttributes (31ms)
			AfterProcessingInitializeOnLoad (6ms)
			EditorAssembliesLoaded (0ms)
		ExecutionOrderSort2 (0ms)
		AwakeInstancesAfterBackupRestoration (7ms)
Refreshing native plugins compatible for Editor in 1.32 ms, found 3 plugins.
Preloading 0 native plugins for Editor in 0.00 ms.
Unloading 0 Unused Serialized files (Serialized files now loaded: 0)
Unloading 3668 unused Assets / (1.0 MB). Loaded Objects now: 4159.
Memory consumption went from 82.5 MB to 81.6 MB.
Total: 9.635600 ms (FindLiveObjects: 0.624600 ms CreateObjectMapping: 0.719900 ms MarkObjects: 6.703000 ms  DeleteObjects: 1.586800 ms)

Prepare: number of updated asset objects reloaded= 0
========================================================================
Received Prepare
Begin MonoManager ReloadAssembly
- Loaded All Assemblies, in  0.643 seconds
Refreshing native plugins compatible for Editor in 1.52 ms, found 3 plugins.
Native extension for WindowsStandalone target not found
Mono: successfully reloaded assembly
- Finished resetting the current domain, in  0.721 seconds
Domain Reload Profiling: 1364ms
	BeginReloadAssembly (187ms)
		ExecutionOrderSort (0ms)
		DisableScriptedObjects (6ms)
		BackupInstance (0ms)
		ReleaseScriptingObjects (0ms)
		CreateAndSetChildDomain (48ms)
	RebuildCommonClasses (31ms)
	RebuildNativeTypeToScriptingClass (10ms)
	initialDomainReloadingComplete (35ms)
	LoadAllAssembliesAndSetupDomain (379ms)
		LoadAssemblies (330ms)
		RebuildTransferFunctionScriptingTraits (0ms)
		AnalyzeDomain (146ms)
			TypeCache.Refresh (7ms)
				TypeCache.ScanAssembly (0ms)
			BuildScriptInfoCaches (133ms)
			ResolveRequiredComponents (4ms)
	FinalizeReload (721ms)
		ReleaseScriptCaches (0ms)
		RebuildScriptCaches (0ms)
		SetupLoadedEditorAssemblies (588ms)
			LogAssemblyErrors (0ms)
			InitializePlatformSupportModulesInManaged (3ms)
			SetLoadedEditorAssemblies (5ms)
			BeforeProcessingInitializeOnLoad (99ms)
			ProcessInitializeOnLoadAttributes (445ms)
			ProcessInitializeOnLoadMethodAttributes (30ms)
			AfterProcessingInitializeOnLoad (6ms)
			EditorAssembliesLoaded (0ms)
		ExecutionOrderSort2 (0ms)
		AwakeInstancesAfterBackupRestoration (7ms)
Refreshing native plugins compatible for Editor in 1.27 ms, found 3 plugins.
Preloading 0 native plugins for Editor in 0.00 ms.
Unloading 0 Unused Serialized files (Serialized files now loaded: 0)
Unloading 3668 unused Assets / (1.0 MB). Loaded Objects now: 4159.
Memory consumption went from 82.5 MB to 81.5 MB.
Total: 8.374700 ms (FindLiveObjects: 0.579900 ms CreateObjectMapping: 0.424200 ms MarkObjects: 5.669900 ms  DeleteObjects: 1.698900 ms)

Prepare: number of updated asset objects reloaded= 0
========================================================================
Received Prepare
Begin MonoManager ReloadAssembly
- Loaded All Assemblies, in  0.601 seconds
Refreshing native plugins compatible for Editor in 1.00 ms, found 3 plugins.
Native extension for WindowsStandalone target not found
Mono: successfully reloaded assembly
- Finished resetting the current domain, in  0.640 seconds
Domain Reload Profiling: 1241ms
	BeginReloadAssembly (185ms)
		ExecutionOrderSort (0ms)
		DisableScriptedObjects (6ms)
		BackupInstance (0ms)
		ReleaseScriptingObjects (0ms)
		CreateAndSetChildDomain (49ms)
	RebuildCommonClasses (33ms)
	RebuildNativeTypeToScriptingClass (11ms)
	initialDomainReloadingComplete (31ms)
	LoadAllAssembliesAndSetupDomain (341ms)
		LoadAssemblies (280ms)
		RebuildTransferFunctionScriptingTraits (0ms)
		AnalyzeDomain (149ms)
			TypeCache.Refresh (8ms)
				TypeCache.ScanAssembly (0ms)
			BuildScriptInfoCaches (132ms)
			ResolveRequiredComponents (6ms)
	FinalizeReload (641ms)
		ReleaseScriptCaches (0ms)
		RebuildScriptCaches (0ms)
		SetupLoadedEditorAssemblies (500ms)
			LogAssemblyErrors (0ms)
			InitializePlatformSupportModulesInManaged (2ms)
			SetLoadedEditorAssemblies (3ms)
			BeforeProcessingInitializeOnLoad (101ms)
			ProcessInitializeOnLoadAttributes (368ms)
			ProcessInitializeOnLoadMethodAttributes (21ms)
			AfterProcessingInitializeOnLoad (5ms)
			EditorAssembliesLoaded (0ms)
		ExecutionOrderSort2 (0ms)
		AwakeInstancesAfterBackupRestoration (5ms)
Refreshing native plugins compatible for Editor in 0.96 ms, found 3 plugins.
Preloading 0 native plugins for Editor in 0.00 ms.
Unloading 0 Unused Serialized files (Serialized files now loaded: 0)
Unloading 3668 unused Assets / (1.6 MB). Loaded Objects now: 4159.
Memory consumption went from 82.5 MB to 81.0 MB.
Total: 7.334300 ms (FindLiveObjects: 0.504600 ms CreateObjectMapping: 0.260500 ms MarkObjects: 4.698000 ms  DeleteObjects: 1.870100 ms)

Prepare: number of updated asset objects reloaded= 0
========================================================================
Received Prepare
Refreshing native plugins compatible for Editor in 1.22 ms, found 3 plugins.
Preloading 0 native plugins for Editor in 0.00 ms.
Unloading 0 Unused Serialized files (Serialized files now loaded: 0)
Unloading 3662 unused Assets / (1.1 MB). Loaded Objects now: 4160.
Memory consumption went from 82.7 MB to 81.6 MB.
Total: 19.424600 ms (FindLiveObjects: 0.606700 ms CreateObjectMapping: 0.360000 ms MarkObjects: 16.590800 ms  DeleteObjects: 1.865400 ms)

Prepare: number of updated asset objects reloaded= 0
========================================================================
Received Prepare
Begin MonoManager ReloadAssembly
- Loaded All Assemblies, in  0.811 seconds
Refreshing native plugins compatible for Editor in 0.89 ms, found 3 plugins.
Native extension for WindowsStandalone target not found
Mono: successfully reloaded assembly
- Finished resetting the current domain, in  0.598 seconds
Domain Reload Profiling: 1409ms
	BeginReloadAssembly (251ms)
		ExecutionOrderSort (0ms)
		DisableScriptedObjects (8ms)
		BackupInstance (0ms)
		ReleaseScriptingObjects (0ms)
		CreateAndSetChildDomain (85ms)
	RebuildCommonClasses (40ms)
	RebuildNativeTypeToScriptingClass (11ms)
	initialDomainReloadingComplete (31ms)
	LoadAllAssembliesAndSetupDomain (479ms)
		LoadAssemblies (395ms)
		RebuildTransferFunctionScriptingTraits (0ms)
		AnalyzeDomain (197ms)
			TypeCache.Refresh (9ms)
				TypeCache.ScanAssembly (0ms)
			BuildScriptInfoCaches (178ms)
			ResolveRequiredComponents (5ms)
	FinalizeReload (598ms)
		ReleaseScriptCaches (0ms)
		RebuildScriptCaches (0ms)
		SetupLoadedEditorAssemblies (478ms)
			LogAssemblyErrors (0ms)
			InitializePlatformSupportModulesInManaged (3ms)
			SetLoadedEditorAssemblies (3ms)
			BeforeProcessingInitializeOnLoad (94ms)
			ProcessInitializeOnLoadAttributes (352ms)
			ProcessInitializeOnLoadMethodAttributes (22ms)
			AfterProcessingInitializeOnLoad (5ms)
			EditorAssembliesLoaded (0ms)
		ExecutionOrderSort2 (0ms)
		AwakeInstancesAfterBackupRestoration (5ms)
Refreshing native plugins compatible for Editor in 1.03 ms, found 3 plugins.
Preloading 0 native plugins for Editor in 0.00 ms.
Unloading 0 Unused Serialized files (Serialized files now loaded: 0)
Unloading 3669 unused Assets / (0.9 MB). Loaded Objects now: 4160.
Memory consumption went from 82.5 MB to 81.7 MB.
Total: 6.606300 ms (FindLiveObjects: 0.543400 ms CreateObjectMapping: 0.320300 ms MarkObjects: 4.494900 ms  DeleteObjects: 1.246200 ms)

Prepare: number of updated asset objects reloaded= 0
========================================================================
Received Prepare
Refreshing native plugins compatible for Editor in 1.90 ms, found 3 plugins.
Preloading 0 native plugins for Editor in 0.00 ms.
Unloading 0 Unused Serialized files (Serialized files now loaded: 0)
Unloading 3662 unused Assets / (0.9 MB). Loaded Objects now: 4160.
Memory consumption went from 82.7 MB to 81.9 MB.
Total: 11.192300 ms (FindLiveObjects: 0.552600 ms CreateObjectMapping: 0.377000 ms MarkObjects: 8.509300 ms  DeleteObjects: 1.751500 ms)

Prepare: number of updated asset objects reloaded= 0
========================================================================
Received Prepare
Begin MonoManager ReloadAssembly
- Loaded All Assemblies, in  1.218 seconds
Refreshing native plugins compatible for Editor in 2.28 ms, found 3 plugins.
Native extension for WindowsStandalone target not found
Mono: successfully reloaded assembly
- Finished resetting the current domain, in  1.030 seconds
Domain Reload Profiling: 2222ms
	BeginReloadAssembly (341ms)
		ExecutionOrderSort (0ms)
		DisableScriptedObjects (13ms)
		BackupInstance (0ms)
		ReleaseScriptingObjects (0ms)
		CreateAndSetChildDomain (74ms)
	RebuildCommonClasses (75ms)
	RebuildNativeTypeToScriptingClass (24ms)
	initialDomainReloadingComplete (62ms)
	LoadAllAssembliesAndSetupDomain (689ms)
		LoadAssemblies (561ms)
		RebuildTransferFunctionScriptingTraits (0ms)
		AnalyzeDomain (314ms)
			TypeCache.Refresh (14ms)
				TypeCache.ScanAssembly (0ms)
			BuildScriptInfoCaches (283ms)
			ResolveRequiredComponents (10ms)
	FinalizeReload (1030ms)
		ReleaseScriptCaches (0ms)
		RebuildScriptCaches (0ms)
		SetupLoadedEditorAssemblies (824ms)
			LogAssemblyErrors (0ms)
			InitializePlatformSupportModulesInManaged (5ms)
			SetLoadedEditorAssemblies (7ms)
			BeforeProcessingInitializeOnLoad (205ms)
			ProcessInitializeOnLoadAttributes (581ms)
			ProcessInitializeOnLoadMethodAttributes (20ms)
			AfterProcessingInitializeOnLoad (5ms)
			EditorAssembliesLoaded (0ms)
		ExecutionOrderSort2 (0ms)
		AwakeInstancesAfterBackupRestoration (5ms)
Refreshing native plugins compatible for Editor in 1.04 ms, found 3 plugins.
Preloading 0 native plugins for Editor in 0.00 ms.
Unloading 0 Unused Serialized files (Serialized files now loaded: 0)
Unloading 3669 unused Assets / (0.9 MB). Loaded Objects now: 4160.
Memory consumption went from 82.5 MB to 81.6 MB.
Total: 6.740200 ms (FindLiveObjects: 0.442000 ms CreateObjectMapping: 0.552900 ms MarkObjects: 4.554300 ms  DeleteObjects: 1.189600 ms)

Prepare: number of updated asset objects reloaded= 0
========================================================================
Received Prepare
Refreshing native plugins compatible for Editor in 2.47 ms, found 3 plugins.
Preloading 0 native plugins for Editor in 0.00 ms.
Unloading 0 Unused Serialized files (Serialized files now loaded: 0)
Unloading 3662 unused Assets / (1.0 MB). Loaded Objects now: 4160.
Memory consumption went from 82.7 MB to 81.7 MB.
Total: 13.563800 ms (FindLiveObjects: 0.646000 ms CreateObjectMapping: 0.468300 ms MarkObjects: 10.381500 ms  DeleteObjects: 2.065900 ms)

Prepare: number of updated asset objects reloaded= 0
========================================================================
Received Prepare
Begin MonoManager ReloadAssembly
- Loaded All Assemblies, in  1.270 seconds
Refreshing native plugins compatible for Editor in 1.73 ms, found 3 plugins.
Native extension for WindowsStandalone target not found
Mono: successfully reloaded assembly
- Finished resetting the current domain, in  0.928 seconds
Domain Reload Profiling: 2197ms
	BeginReloadAssembly (375ms)
		ExecutionOrderSort (0ms)
		DisableScriptedObjects (10ms)
		BackupInstance (0ms)
		ReleaseScriptingObjects (0ms)
		CreateAndSetChildDomain (110ms)
	RebuildCommonClasses (64ms)
	RebuildNativeTypeToScriptingClass (31ms)
	initialDomainReloadingComplete (61ms)
	LoadAllAssembliesAndSetupDomain (738ms)
		LoadAssemblies (569ms)
		RebuildTransferFunctionScriptingTraits (0ms)
		AnalyzeDomain (353ms)
			TypeCache.Refresh (15ms)
				TypeCache.ScanAssembly (0ms)
			BuildScriptInfoCaches (326ms)
			ResolveRequiredComponents (7ms)
	FinalizeReload (929ms)
		ReleaseScriptCaches (0ms)
		RebuildScriptCaches (0ms)
		SetupLoadedEditorAssemblies (752ms)
			LogAssemblyErrors (0ms)
			InitializePlatformSupportModulesInManaged (4ms)
			SetLoadedEditorAssemblies (4ms)
			BeforeProcessingInitializeOnLoad (170ms)
			ProcessInitializeOnLoadAttributes (548ms)
			ProcessInitializeOnLoadMethodAttributes (21ms)
			AfterProcessingInitializeOnLoad (5ms)
			EditorAssembliesLoaded (0ms)
		ExecutionOrderSort2 (0ms)
		AwakeInstancesAfterBackupRestoration (5ms)
Refreshing native plugins compatible for Editor in 1.45 ms, found 3 plugins.
Preloading 0 native plugins for Editor in 0.00 ms.
Unloading 0 Unused Serialized files (Serialized files now loaded: 0)
Unloading 3669 unused Assets / (0.8 MB). Loaded Objects now: 4160.
Memory consumption went from 82.5 MB to 81.8 MB.
Total: 29.084300 ms (FindLiveObjects: 0.510400 ms CreateObjectMapping: 0.251500 ms MarkObjects: 27.266200 ms  DeleteObjects: 1.054900 ms)

Prepare: number of updated asset objects reloaded= 0
========================================================================
Received Prepare
Refreshing native plugins compatible for Editor in 2.07 ms, found 3 plugins.
Preloading 0 native plugins for Editor in 0.00 ms.
Unloading 0 Unused Serialized files (Serialized files now loaded: 0)
Unloading 3662 unused Assets / (0.7 MB). Loaded Objects now: 4160.
Memory consumption went from 82.7 MB to 82.1 MB.
Total: 11.979700 ms (FindLiveObjects: 0.583300 ms CreateObjectMapping: 0.335000 ms MarkObjects: 9.798800 ms  DeleteObjects: 1.260800 ms)

Prepare: number of updated asset objects reloaded= 0
========================================================================
Received Prepare
Begin MonoManager ReloadAssembly
- Loaded All Assemblies, in  1.236 seconds
Refreshing native plugins compatible for Editor in 2.25 ms, found 3 plugins.
Native extension for WindowsStandalone target not found
Mono: successfully reloaded assembly
- Finished resetting the current domain, in  0.983 seconds
Domain Reload Profiling: 2215ms
	BeginReloadAssembly (382ms)
		ExecutionOrderSort (0ms)
		DisableScriptedObjects (15ms)
		BackupInstance (0ms)
		ReleaseScriptingObjects (0ms)
		CreateAndSetChildDomain (93ms)
	RebuildCommonClasses (74ms)
	RebuildNativeTypeToScriptingClass (31ms)
	initialDomainReloadingComplete (64ms)
	LoadAllAssembliesAndSetupDomain (681ms)
		LoadAssemblies (579ms)
		RebuildTransferFunctionScriptingTraits (0ms)
		AnalyzeDomain (317ms)
			TypeCache.Refresh (12ms)
				TypeCache.ScanAssembly (0ms)
			BuildScriptInfoCaches (288ms)
			ResolveRequiredComponents (10ms)
	FinalizeReload (984ms)
		ReleaseScriptCaches (0ms)
		RebuildScriptCaches (0ms)
		SetupLoadedEditorAssemblies (777ms)
			LogAssemblyErrors (0ms)
			InitializePlatformSupportModulesInManaged (5ms)
			SetLoadedEditorAssemblies (5ms)
			BeforeProcessingInitializeOnLoad (191ms)
			ProcessInitializeOnLoadAttributes (549ms)
			ProcessInitializeOnLoadMethodAttributes (22ms)
			AfterProcessingInitializeOnLoad (5ms)
			EditorAssembliesLoaded (0ms)
		ExecutionOrderSort2 (0ms)
		AwakeInstancesAfterBackupRestoration (5ms)
Refreshing native plugins compatible for Editor in 0.96 ms, found 3 plugins.
Preloading 0 native plugins for Editor in 0.00 ms.
Unloading 0 Unused Serialized files (Serialized files now loaded: 0)
Unloading 3669 unused Assets / (1.2 MB). Loaded Objects now: 4160.
Memory consumption went from 82.5 MB to 81.4 MB.
Total: 8.329700 ms (FindLiveObjects: 0.497700 ms CreateObjectMapping: 0.644600 ms MarkObjects: 5.810300 ms  DeleteObjects: 1.375500 ms)

Prepare: number of updated asset objects reloaded= 0
========================================================================
Received Prepare
Refreshing native plugins compatible for Editor in 1.44 ms, found 3 plugins.
Preloading 0 native plugins for Editor in 0.00 ms.
Unloading 0 Unused Serialized files (Serialized files now loaded: 0)
Unloading 3662 unused Assets / (0.9 MB). Loaded Objects now: 4160.
Memory consumption went from 82.7 MB to 81.8 MB.
Total: 7.738400 ms (FindLiveObjects: 0.525600 ms CreateObjectMapping: 0.250500 ms MarkObjects: 5.603700 ms  DeleteObjects: 1.357200 ms)

Prepare: number of updated asset objects reloaded= 0
========================================================================
Received Prepare
Begin MonoManager ReloadAssembly
- Loaded All Assemblies, in  0.628 seconds
Refreshing native plugins compatible for Editor in 0.98 ms, found 3 plugins.
Native extension for WindowsStandalone target not found
Mono: successfully reloaded assembly
- Finished resetting the current domain, in  0.619 seconds
Domain Reload Profiling: 1248ms
	BeginReloadAssembly (190ms)
		ExecutionOrderSort (0ms)
		DisableScriptedObjects (5ms)
		BackupInstance (0ms)
		ReleaseScriptingObjects (0ms)
		CreateAndSetChildDomain (53ms)
	RebuildCommonClasses (36ms)
	RebuildNativeTypeToScriptingClass (14ms)
	initialDomainReloadingComplete (28ms)
	LoadAllAssembliesAndSetupDomain (361ms)
		LoadAssemblies (305ms)
		RebuildTransferFunctionScriptingTraits (0ms)
		AnalyzeDomain (147ms)
			TypeCache.Refresh (8ms)
				TypeCache.ScanAssembly (0ms)
			BuildScriptInfoCaches (132ms)
			ResolveRequiredComponents (4ms)
	FinalizeReload (620ms)
		ReleaseScriptCaches (0ms)
		RebuildScriptCaches (0ms)
		SetupLoadedEditorAssemblies (488ms)
			LogAssemblyErrors (0ms)
			InitializePlatformSupportModulesInManaged (3ms)
			SetLoadedEditorAssemblies (4ms)
			BeforeProcessingInitializeOnLoad (96ms)
			ProcessInitializeOnLoadAttributes (357ms)
			ProcessInitializeOnLoadMethodAttributes (23ms)
			AfterProcessingInitializeOnLoad (5ms)
			EditorAssembliesLoaded (0ms)
		ExecutionOrderSort2 (0ms)
		AwakeInstancesAfterBackupRestoration (5ms)
Refreshing native plugins compatible for Editor in 1.03 ms, found 3 plugins.
Preloading 0 native plugins for Editor in 0.00 ms.
Unloading 0 Unused Serialized files (Serialized files now loaded: 0)
Unloading 3669 unused Assets / (0.8 MB). Loaded Objects now: 4160.
Memory consumption went from 82.5 MB to 81.7 MB.
Total: 6.774900 ms (FindLiveObjects: 0.534500 ms CreateObjectMapping: 0.275700 ms MarkObjects: 4.859900 ms  DeleteObjects: 1.103700 ms)

Prepare: number of updated asset objects reloaded= 0
========================================================================
Received Prepare
Begin MonoManager ReloadAssembly
- Loaded All Assemblies, in  0.594 seconds
Refreshing native plugins compatible for Editor in 0.99 ms, found 3 plugins.
Native extension for WindowsStandalone target not found
Mono: successfully reloaded assembly
- Finished resetting the current domain, in  0.629 seconds
Domain Reload Profiling: 1224ms
	BeginReloadAssembly (182ms)
		ExecutionOrderSort (0ms)
		DisableScriptedObjects (5ms)
		BackupInstance (0ms)
		ReleaseScriptingObjects (0ms)
		CreateAndSetChildDomain (51ms)
	RebuildCommonClasses (31ms)
	RebuildNativeTypeToScriptingClass (11ms)
	initialDomainReloadingComplete (33ms)
	LoadAllAssembliesAndSetupDomain (337ms)
		LoadAssemblies (276ms)
		RebuildTransferFunctionScriptingTraits (0ms)
		AnalyzeDomain (148ms)
			TypeCache.Refresh (7ms)
				TypeCache.ScanAssembly (0ms)
			BuildScriptInfoCaches (135ms)
			ResolveRequiredComponents (4ms)
	FinalizeReload (630ms)
		ReleaseScriptCaches (0ms)
		RebuildScriptCaches (0ms)
		SetupLoadedEditorAssemblies (515ms)
			LogAssemblyErrors (0ms)
			InitializePlatformSupportModulesInManaged (2ms)
			SetLoadedEditorAssemblies (3ms)
			BeforeProcessingInitializeOnLoad (82ms)
			ProcessInitializeOnLoadAttributes (393ms)
			ProcessInitializeOnLoadMethodAttributes (29ms)
			AfterProcessingInitializeOnLoad (6ms)
			EditorAssembliesLoaded (0ms)
		ExecutionOrderSort2 (0ms)
		AwakeInstancesAfterBackupRestoration (7ms)
Refreshing native plugins compatible for Editor in 1.20 ms, found 3 plugins.
Preloading 0 native plugins for Editor in 0.00 ms.
Unloading 0 Unused Serialized files (Serialized files now loaded: 0)
Unloading 3669 unused Assets / (0.8 MB). Loaded Objects now: 4160.
Memory consumption went from 82.5 MB to 81.7 MB.
Total: 9.180600 ms (FindLiveObjects: 0.635600 ms CreateObjectMapping: 0.533900 ms MarkObjects: 6.505200 ms  DeleteObjects: 1.503900 ms)

Prepare: number of updated asset objects reloaded= 0
========================================================================
Received Prepare
Begin MonoManager ReloadAssembly
- Loaded All Assemblies, in  0.618 seconds
Refreshing native plugins compatible for Editor in 0.86 ms, found 3 plugins.
Native extension for WindowsStandalone target not found
Mono: successfully reloaded assembly
- Finished resetting the current domain, in  0.690 seconds
Domain Reload Profiling: 1308ms
	BeginReloadAssembly (189ms)
		ExecutionOrderSort (0ms)
		DisableScriptedObjects (7ms)
		BackupInstance (0ms)
		ReleaseScriptingObjects (0ms)
		CreateAndSetChildDomain (51ms)
	RebuildCommonClasses (33ms)
	RebuildNativeTypeToScriptingClass (10ms)
	initialDomainReloadingComplete (31ms)
	LoadAllAssembliesAndSetupDomain (355ms)
		LoadAssemblies (283ms)
		RebuildTransferFunctionScriptingTraits (0ms)
		AnalyzeDomain (165ms)
			TypeCache.Refresh (7ms)
				TypeCache.ScanAssembly (0ms)
			BuildScriptInfoCaches (148ms)
			ResolveRequiredComponents (5ms)
	FinalizeReload (691ms)
		ReleaseScriptCaches (0ms)
		RebuildScriptCaches (0ms)
		SetupLoadedEditorAssemblies (560ms)
			LogAssemblyErrors (0ms)
			InitializePlatformSupportModulesInManaged (2ms)
			SetLoadedEditorAssemblies (3ms)
			BeforeProcessingInitializeOnLoad (88ms)
			ProcessInitializeOnLoadAttributes (433ms)
			ProcessInitializeOnLoadMethodAttributes (28ms)
			AfterProcessingInitializeOnLoad (6ms)
			EditorAssembliesLoaded (0ms)
		ExecutionOrderSort2 (0ms)
		AwakeInstancesAfterBackupRestoration (7ms)
Refreshing native plugins compatible for Editor in 1.49 ms, found 3 plugins.
Preloading 0 native plugins for Editor in 0.00 ms.
Unloading 0 Unused Serialized files (Serialized files now loaded: 0)
Unloading 3669 unused Assets / (1.2 MB). Loaded Objects now: 4160.
Memory consumption went from 82.5 MB to 81.4 MB.
Total: 9.432800 ms (FindLiveObjects: 0.629400 ms CreateObjectMapping: 0.438400 ms MarkObjects: 6.218300 ms  DeleteObjects: 2.145100 ms)

Prepare: number of updated asset objects reloaded= 0
========================================================================
Received Prepare
Begin MonoManager ReloadAssembly
- Loaded All Assemblies, in  0.622 seconds
Refreshing native plugins compatible for Editor in 0.90 ms, found 3 plugins.
Native extension for WindowsStandalone target not found
Mono: successfully reloaded assembly
- Finished resetting the current domain, in  0.732 seconds
Domain Reload Profiling: 1354ms
	BeginReloadAssembly (182ms)
		ExecutionOrderSort (0ms)
		DisableScriptedObjects (5ms)
		BackupInstance (0ms)
		ReleaseScriptingObjects (0ms)
		CreateAndSetChildDomain (48ms)
	RebuildCommonClasses (34ms)
	RebuildNativeTypeToScriptingClass (12ms)
	initialDomainReloadingComplete (28ms)
	LoadAllAssembliesAndSetupDomain (365ms)
		LoadAssemblies (295ms)
		RebuildTransferFunctionScriptingTraits (0ms)
		AnalyzeDomain (162ms)
			TypeCache.Refresh (6ms)
				TypeCache.ScanAssembly (0ms)
			BuildScriptInfoCaches (139ms)
			ResolveRequiredComponents (14ms)
	FinalizeReload (732ms)
		ReleaseScriptCaches (0ms)
		RebuildScriptCaches (0ms)
		SetupLoadedEditorAssemblies (588ms)
			LogAssemblyErrors (0ms)
			InitializePlatformSupportModulesInManaged (3ms)
			SetLoadedEditorAssemblies (4ms)
			BeforeProcessingInitializeOnLoad (98ms)
			ProcessInitializeOnLoadAttributes (449ms)
			ProcessInitializeOnLoadMethodAttributes (28ms)
			AfterProcessingInitializeOnLoad (6ms)
			EditorAssembliesLoaded (0ms)
		ExecutionOrderSort2 (0ms)
		AwakeInstancesAfterBackupRestoration (7ms)
Refreshing native plugins compatible for Editor in 1.19 ms, found 3 plugins.
Preloading 0 native plugins for Editor in 0.00 ms.
Unloading 0 Unused Serialized files (Serialized files now loaded: 0)
Unloading 3669 unused Assets / (0.9 MB). Loaded Objects now: 4160.
Memory consumption went from 82.5 MB to 81.7 MB.
Total: 9.125600 ms (FindLiveObjects: 0.683900 ms CreateObjectMapping: 0.493600 ms MarkObjects: 6.584500 ms  DeleteObjects: 1.362100 ms)

Prepare: number of updated asset objects reloaded= 0
========================================================================
Received Prepare
Begin MonoManager ReloadAssembly
- Loaded All Assemblies, in  0.601 seconds
Refreshing native plugins compatible for Editor in 0.91 ms, found 3 plugins.
Native extension for WindowsStandalone target not found
Mono: successfully reloaded assembly
- Finished resetting the current domain, in  0.659 seconds
Domain Reload Profiling: 1261ms
	BeginReloadAssembly (186ms)
		ExecutionOrderSort (0ms)
		DisableScriptedObjects (5ms)
		BackupInstance (0ms)
		ReleaseScriptingObjects (0ms)
		CreateAndSetChildDomain (50ms)
	RebuildCommonClasses (32ms)
	RebuildNativeTypeToScriptingClass (10ms)
	initialDomainReloadingComplete (29ms)
	LoadAllAssembliesAndSetupDomain (344ms)
		LoadAssemblies (289ms)
		RebuildTransferFunctionScriptingTraits (0ms)
		AnalyzeDomain (147ms)
			TypeCache.Refresh (6ms)
				TypeCache.ScanAssembly (0ms)
			BuildScriptInfoCaches (133ms)
			ResolveRequiredComponents (4ms)
	FinalizeReload (660ms)
		ReleaseScriptCaches (0ms)
		RebuildScriptCaches (0ms)
		SetupLoadedEditorAssemblies (530ms)
			LogAssemblyErrors (0ms)
			InitializePlatformSupportModulesInManaged (3ms)
			SetLoadedEditorAssemblies (4ms)
			BeforeProcessingInitializeOnLoad (84ms)
			ProcessInitializeOnLoadAttributes (406ms)
			ProcessInitializeOnLoadMethodAttributes (27ms)
			AfterProcessingInitializeOnLoad (6ms)
			EditorAssembliesLoaded (0ms)
		ExecutionOrderSort2 (0ms)
		AwakeInstancesAfterBackupRestoration (7ms)
Refreshing native plugins compatible for Editor in 1.04 ms, found 3 plugins.
Preloading 0 native plugins for Editor in 0.00 ms.
Unloading 0 Unused Serialized files (Serialized files now loaded: 0)
Unloading 3669 unused Assets / (1.3 MB). Loaded Objects now: 4160.
Memory consumption went from 82.5 MB to 81.3 MB.
Total: 9.069100 ms (FindLiveObjects: 0.538400 ms CreateObjectMapping: 0.815500 ms MarkObjects: 5.864800 ms  DeleteObjects: 1.848800 ms)

Prepare: number of updated asset objects reloaded= 0
========================================================================
Received Prepare
Begin MonoManager ReloadAssembly
- Loaded All Assemblies, in  0.641 seconds
Refreshing native plugins compatible for Editor in 1.69 ms, found 3 plugins.
Native extension for WindowsStandalone target not found
Mono: successfully reloaded assembly
- Finished resetting the current domain, in  0.732 seconds
Domain Reload Profiling: 1374ms
	BeginReloadAssembly (189ms)
		ExecutionOrderSort (0ms)
		DisableScriptedObjects (5ms)
		BackupInstance (0ms)
		ReleaseScriptingObjects (0ms)
		CreateAndSetChildDomain (53ms)
	RebuildCommonClasses (37ms)
	RebuildNativeTypeToScriptingClass (10ms)
	initialDomainReloadingComplete (28ms)
	LoadAllAssembliesAndSetupDomain (376ms)
		LoadAssemblies (301ms)
		RebuildTransferFunctionScriptingTraits (0ms)
		AnalyzeDomain (167ms)
			TypeCache.Refresh (7ms)
				TypeCache.ScanAssembly (0ms)
			BuildScriptInfoCaches (153ms)
			ResolveRequiredComponents (4ms)
	FinalizeReload (733ms)
		ReleaseScriptCaches (0ms)
		RebuildScriptCaches (0ms)
		SetupLoadedEditorAssemblies (602ms)
			LogAssemblyErrors (0ms)
			InitializePlatformSupportModulesInManaged (2ms)
			SetLoadedEditorAssemblies (3ms)
			BeforeProcessingInitializeOnLoad (89ms)
			ProcessInitializeOnLoadAttributes (462ms)
			ProcessInitializeOnLoadMethodAttributes (41ms)
			AfterProcessingInitializeOnLoad (6ms)
			EditorAssembliesLoaded (0ms)
		ExecutionOrderSort2 (0ms)
		AwakeInstancesAfterBackupRestoration (7ms)
Refreshing native plugins compatible for Editor in 1.27 ms, found 3 plugins.
Preloading 0 native plugins for Editor in 0.00 ms.
Unloading 0 Unused Serialized files (Serialized files now loaded: 0)
Unloading 3669 unused Assets / (1.1 MB). Loaded Objects now: 4160.
Memory consumption went from 82.5 MB to 81.5 MB.
Total: 8.467900 ms (FindLiveObjects: 0.471100 ms CreateObjectMapping: 0.280900 ms MarkObjects: 5.911500 ms  DeleteObjects: 1.802700 ms)

Prepare: number of updated asset objects reloaded= 0
========================================================================
Received Prepare
Refreshing native plugins compatible for Editor in 1.58 ms, found 3 plugins.
Preloading 0 native plugins for Editor in 0.00 ms.
Unloading 0 Unused Serialized files (Serialized files now loaded: 0)
Unloading 3662 unused Assets / (1.0 MB). Loaded Objects now: 4160.
Memory consumption went from 82.7 MB to 81.8 MB.
Total: 12.228100 ms (FindLiveObjects: 0.618600 ms CreateObjectMapping: 0.716100 ms MarkObjects: 9.022900 ms  DeleteObjects: 1.868500 ms)

Prepare: number of updated asset objects reloaded= 0
========================================================================
Received Prepare
Begin MonoManager ReloadAssembly
- Loaded All Assemblies, in  1.172 seconds
Refreshing native plugins compatible for Editor in 1.86 ms, found 3 plugins.
Native extension for WindowsStandalone target not found
Mono: successfully reloaded assembly
- Finished resetting the current domain, in  0.731 seconds
Domain Reload Profiling: 1901ms
	BeginReloadAssembly (345ms)
		ExecutionOrderSort (0ms)
		DisableScriptedObjects (11ms)
		BackupInstance (0ms)
		ReleaseScriptingObjects (0ms)
		CreateAndSetChildDomain (70ms)
	RebuildCommonClasses (68ms)
	RebuildNativeTypeToScriptingClass (20ms)
	initialDomainReloadingComplete (55ms)
	LoadAllAssembliesAndSetupDomain (682ms)
		LoadAssemblies (571ms)
		RebuildTransferFunctionScriptingTraits (0ms)
		AnalyzeDomain (304ms)
			TypeCache.Refresh (11ms)
				TypeCache.ScanAssembly (0ms)
			BuildScriptInfoCaches (279ms)
			ResolveRequiredComponents (9ms)
	FinalizeReload (732ms)
		ReleaseScriptCaches (0ms)
		RebuildScriptCaches (0ms)
		SetupLoadedEditorAssemblies (508ms)
			LogAssemblyErrors (0ms)
			InitializePlatformSupportModulesInManaged (5ms)
			SetLoadedEditorAssemblies (5ms)
			BeforeProcessingInitializeOnLoad (88ms)
			ProcessInitializeOnLoadAttributes (380ms)
			ProcessInitializeOnLoadMethodAttributes (24ms)
			AfterProcessingInitializeOnLoad (5ms)
			EditorAssembliesLoaded (0ms)
		ExecutionOrderSort2 (0ms)
		AwakeInstancesAfterBackupRestoration (5ms)
Refreshing native plugins compatible for Editor in 1.14 ms, found 3 plugins.
Preloading 0 native plugins for Editor in 0.00 ms.
Unloading 0 Unused Serialized files (Serialized files now loaded: 0)
Unloading 3669 unused Assets / (0.9 MB). Loaded Objects now: 4160.
Memory consumption went from 82.6 MB to 81.7 MB.
Total: 7.553600 ms (FindLiveObjects: 0.759300 ms CreateObjectMapping: 0.515900 ms MarkObjects: 5.149800 ms  DeleteObjects: 1.127200 ms)

Prepare: number of updated asset objects reloaded= 0
========================================================================
Received Prepare
Begin MonoManager ReloadAssembly
- Loaded All Assemblies, in  0.611 seconds
Refreshing native plugins compatible for Editor in 0.90 ms, found 3 plugins.
Native extension for WindowsStandalone target not found
Mono: successfully reloaded assembly
- Finished resetting the current domain, in  0.719 seconds
Domain Reload Profiling: 1329ms
	BeginReloadAssembly (185ms)
		ExecutionOrderSort (0ms)
		DisableScriptedObjects (7ms)
		BackupInstance (0ms)
		ReleaseScriptingObjects (0ms)
		CreateAndSetChildDomain (51ms)
	RebuildCommonClasses (33ms)
	RebuildNativeTypeToScriptingClass (11ms)
	initialDomainReloadingComplete (32ms)
	LoadAllAssembliesAndSetupDomain (351ms)
		LoadAssemblies (285ms)
		RebuildTransferFunctionScriptingTraits (0ms)
		AnalyzeDomain (157ms)
			TypeCache.Refresh (6ms)
				TypeCache.ScanAssembly (0ms)
			BuildScriptInfoCaches (143ms)
			ResolveRequiredComponents (4ms)
	FinalizeReload (719ms)
		ReleaseScriptCaches (0ms)
		RebuildScriptCaches (0ms)
		SetupLoadedEditorAssemblies (587ms)
			LogAssemblyErrors (0ms)
			InitializePlatformSupportModulesInManaged (2ms)
			SetLoadedEditorAssemblies (3ms)
			BeforeProcessingInitializeOnLoad (90ms)
			ProcessInitializeOnLoadAttributes (456ms)
			ProcessInitializeOnLoadMethodAttributes (30ms)
			AfterProcessingInitializeOnLoad (6ms)
			EditorAssembliesLoaded (0ms)
		ExecutionOrderSort2 (0ms)
		AwakeInstancesAfterBackupRestoration (7ms)
Refreshing native plugins compatible for Editor in 1.35 ms, found 3 plugins.
Preloading 0 native plugins for Editor in 0.00 ms.
Unloading 0 Unused Serialized files (Serialized files now loaded: 0)
Unloading 3669 unused Assets / (1.2 MB). Loaded Objects now: 4160.
Memory consumption went from 82.6 MB to 81.3 MB.
Total: 9.684600 ms (FindLiveObjects: 0.519700 ms CreateObjectMapping: 0.834000 ms MarkObjects: 6.239400 ms  DeleteObjects: 2.089200 ms)

Prepare: number of updated asset objects reloaded= 0
========================================================================
Received Prepare
Begin MonoManager ReloadAssembly
- Loaded All Assemblies, in  0.596 seconds
Refreshing native plugins compatible for Editor in 0.94 ms, found 3 plugins.
Native extension for WindowsStandalone target not found
Mono: successfully reloaded assembly
- Finished resetting the current domain, in  0.694 seconds
Domain Reload Profiling: 1290ms
	BeginReloadAssembly (186ms)
		ExecutionOrderSort (0ms)
		DisableScriptedObjects (6ms)
		BackupInstance (0ms)
		ReleaseScriptingObjects (0ms)
		CreateAndSetChildDomain (49ms)
	RebuildCommonClasses (32ms)
	RebuildNativeTypeToScriptingClass (11ms)
	initialDomainReloadingComplete (29ms)
	LoadAllAssembliesAndSetupDomain (339ms)
		LoadAssemblies (288ms)
		RebuildTransferFunctionScriptingTraits (0ms)
		AnalyzeDomain (144ms)
			TypeCache.Refresh (7ms)
				TypeCache.ScanAssembly (0ms)
			BuildScriptInfoCaches (130ms)
			ResolveRequiredComponents (4ms)
	FinalizeReload (694ms)
		ReleaseScriptCaches (0ms)
		RebuildScriptCaches (0ms)
		SetupLoadedEditorAssemblies (570ms)
			LogAssemblyErrors (0ms)
			InitializePlatformSupportModulesInManaged (3ms)
			SetLoadedEditorAssemblies (4ms)
			BeforeProcessingInitializeOnLoad (87ms)
			ProcessInitializeOnLoadAttributes (441ms)
			ProcessInitializeOnLoadMethodAttributes (30ms)
			AfterProcessingInitializeOnLoad (5ms)
			EditorAssembliesLoaded (0ms)
		ExecutionOrderSort2 (0ms)
		AwakeInstancesAfterBackupRestoration (7ms)
Refreshing native plugins compatible for Editor in 1.25 ms, found 3 plugins.
Preloading 0 native plugins for Editor in 0.00 ms.
Unloading 0 Unused Serialized files (Serialized files now loaded: 0)
Unloading 3669 unused Assets / (1.1 MB). Loaded Objects now: 4160.
Memory consumption went from 82.6 MB to 81.5 MB.
Total: 10.009100 ms (FindLiveObjects: 0.525900 ms CreateObjectMapping: 0.705200 ms MarkObjects: 7.272700 ms  DeleteObjects: 1.503800 ms)

Prepare: number of updated asset objects reloaded= 0
========================================================================
Received Prepare
Begin MonoManager ReloadAssembly
- Loaded All Assemblies, in  0.614 seconds
Refreshing native plugins compatible for Editor in 0.94 ms, found 3 plugins.
Native extension for WindowsStandalone target not found
Mono: successfully reloaded assembly
- Finished resetting the current domain, in  0.699 seconds
Domain Reload Profiling: 1312ms
	BeginReloadAssembly (186ms)
		ExecutionOrderSort (0ms)
		DisableScriptedObjects (5ms)
		BackupInstance (0ms)
		ReleaseScriptingObjects (0ms)
		CreateAndSetChildDomain (50ms)
	RebuildCommonClasses (33ms)
	RebuildNativeTypeToScriptingClass (11ms)
	initialDomainReloadingComplete (29ms)
	LoadAllAssembliesAndSetupDomain (355ms)
		LoadAssemblies (291ms)
		RebuildTransferFunctionScriptingTraits (0ms)
		AnalyzeDomain (157ms)
			TypeCache.Refresh (7ms)
				TypeCache.ScanAssembly (0ms)
			BuildScriptInfoCaches (143ms)
			ResolveRequiredComponents (4ms)
	FinalizeReload (699ms)
		ReleaseScriptCaches (0ms)
		RebuildScriptCaches (0ms)
		SetupLoadedEditorAssemblies (575ms)
			LogAssemblyErrors (0ms)
			InitializePlatformSupportModulesInManaged (3ms)
			SetLoadedEditorAssemblies (3ms)
			BeforeProcessingInitializeOnLoad (84ms)
			ProcessInitializeOnLoadAttributes (450ms)
			ProcessInitializeOnLoadMethodAttributes (29ms)
			AfterProcessingInitializeOnLoad (7ms)
			EditorAssembliesLoaded (0ms)
		ExecutionOrderSort2 (0ms)
		AwakeInstancesAfterBackupRestoration (8ms)
Refreshing native plugins compatible for Editor in 1.73 ms, found 3 plugins.
Preloading 0 native plugins for Editor in 0.00 ms.
Unloading 0 Unused Serialized files (Serialized files now loaded: 0)
Unloading 3669 unused Assets / (1.1 MB). Loaded Objects now: 4160.
Memory consumption went from 82.6 MB to 81.5 MB.
Total: 10.128300 ms (FindLiveObjects: 0.547600 ms CreateObjectMapping: 0.714700 ms MarkObjects: 6.976600 ms  DeleteObjects: 1.887600 ms)

Prepare: number of updated asset objects reloaded= 0
========================================================================
Received Prepare
Begin MonoManager ReloadAssembly
- Loaded All Assemblies, in  0.592 seconds
Refreshing native plugins compatible for Editor in 0.92 ms, found 3 plugins.
Native extension for WindowsStandalone target not found
Mono: successfully reloaded assembly
- Finished resetting the current domain, in  0.685 seconds
Domain Reload Profiling: 1278ms
	BeginReloadAssembly (183ms)
		ExecutionOrderSort (0ms)
		DisableScriptedObjects (6ms)
		BackupInstance (0ms)
		ReleaseScriptingObjects (0ms)
		CreateAndSetChildDomain (49ms)
	RebuildCommonClasses (31ms)
	RebuildNativeTypeToScriptingClass (11ms)
	initialDomainReloadingComplete (34ms)
	LoadAllAssembliesAndSetupDomain (333ms)
		LoadAssemblies (280ms)
		RebuildTransferFunctionScriptingTraits (0ms)
		AnalyzeDomain (143ms)
			TypeCache.Refresh (7ms)
				TypeCache.ScanAssembly (0ms)
			BuildScriptInfoCaches (130ms)
			ResolveRequiredComponents (4ms)
	FinalizeReload (686ms)
		ReleaseScriptCaches (0ms)
		RebuildScriptCaches (0ms)
		SetupLoadedEditorAssemblies (562ms)
			LogAssemblyErrors (0ms)
			InitializePlatformSupportModulesInManaged (2ms)
			SetLoadedEditorAssemblies (3ms)
			BeforeProcessingInitializeOnLoad (82ms)
			ProcessInitializeOnLoadAttributes (440ms)
			ProcessInitializeOnLoadMethodAttributes (27ms)
			AfterProcessingInitializeOnLoad (7ms)
			EditorAssembliesLoaded (0ms)
		ExecutionOrderSort2 (0ms)
		AwakeInstancesAfterBackupRestoration (9ms)
Refreshing native plugins compatible for Editor in 1.41 ms, found 3 plugins.
Preloading 0 native plugins for Editor in 0.00 ms.
Unloading 0 Unused Serialized files (Serialized files now loaded: 0)
Unloading 3669 unused Assets / (1.0 MB). Loaded Objects now: 4160.
Memory consumption went from 82.6 MB to 81.6 MB.
Total: 9.753000 ms (FindLiveObjects: 0.643600 ms CreateObjectMapping: 0.333900 ms MarkObjects: 7.102800 ms  DeleteObjects: 1.671400 ms)

Prepare: number of updated asset objects reloaded= 0
========================================================================
Received Prepare
Refreshing native plugins compatible for Editor in 1.20 ms, found 3 plugins.
Preloading 0 native plugins for Editor in 0.00 ms.
Unloading 0 Unused Serialized files (Serialized files now loaded: 0)
Unloading 3662 unused Assets / (1.5 MB). Loaded Objects now: 4160.
Memory consumption went from 82.7 MB to 81.2 MB.
Total: 12.051700 ms (FindLiveObjects: 0.746700 ms CreateObjectMapping: 0.592400 ms MarkObjects: 8.464100 ms  DeleteObjects: 2.246800 ms)

Prepare: number of updated asset objects reloaded= 0
========================================================================
Received Prepare
Begin MonoManager ReloadAssembly
- Loaded All Assemblies, in  1.203 seconds
Refreshing native plugins compatible for Editor in 2.27 ms, found 3 plugins.
Native extension for WindowsStandalone target not found
Mono: successfully reloaded assembly
- Finished resetting the current domain, in  1.025 seconds
Domain Reload Profiling: 2224ms
	BeginReloadAssembly (352ms)
		ExecutionOrderSort (0ms)
		DisableScriptedObjects (14ms)
		BackupInstance (0ms)
		ReleaseScriptingObjects (0ms)
		CreateAndSetChildDomain (75ms)
	RebuildCommonClasses (78ms)
	RebuildNativeTypeToScriptingClass (22ms)
	initialDomainReloadingComplete (60ms)
	LoadAllAssembliesAndSetupDomain (686ms)
		LoadAssemblies (557ms)
		RebuildTransferFunctionScriptingTraits (0ms)
		AnalyzeDomain (327ms)
			TypeCache.Refresh (11ms)
				TypeCache.ScanAssembly (0ms)
			BuildScriptInfoCaches (306ms)
			ResolveRequiredComponents (7ms)
	FinalizeReload (1026ms)
		ReleaseScriptCaches (0ms)
		RebuildScriptCaches (0ms)
		SetupLoadedEditorAssemblies (843ms)
			LogAssemblyErrors (0ms)
			InitializePlatformSupportModulesInManaged (3ms)
			SetLoadedEditorAssemblies (4ms)
			BeforeProcessingInitializeOnLoad (184ms)
			ProcessInitializeOnLoadAttributes (627ms)
			ProcessInitializeOnLoadMethodAttributes (21ms)
			AfterProcessingInitializeOnLoad (4ms)
			EditorAssembliesLoaded (0ms)
		ExecutionOrderSort2 (0ms)
		AwakeInstancesAfterBackupRestoration (5ms)
Refreshing native plugins compatible for Editor in 0.94 ms, found 3 plugins.
Preloading 0 native plugins for Editor in 0.00 ms.
Unloading 0 Unused Serialized files (Serialized files now loaded: 0)
Unloading 3669 unused Assets / (0.6 MB). Loaded Objects now: 4160.
Memory consumption went from 82.6 MB to 81.9 MB.
Total: 5.621300 ms (FindLiveObjects: 0.432000 ms CreateObjectMapping: 0.190500 ms MarkObjects: 4.134900 ms  DeleteObjects: 0.863000 ms)

Prepare: number of updated asset objects reloaded= 0
========================================================================
Received Prepare
Begin MonoManager ReloadAssembly
- Loaded All Assemblies, in  0.609 seconds
Refreshing native plugins compatible for Editor in 0.88 ms, found 3 plugins.
Native extension for WindowsStandalone target not found
Mono: successfully reloaded assembly
- Finished resetting the current domain, in  0.646 seconds
Domain Reload Profiling: 1255ms
	BeginReloadAssembly (189ms)
		ExecutionOrderSort (0ms)
		DisableScriptedObjects (6ms)
		BackupInstance (0ms)
		ReleaseScriptingObjects (0ms)
		CreateAndSetChildDomain (53ms)
	RebuildCommonClasses (33ms)
	RebuildNativeTypeToScriptingClass (11ms)
	initialDomainReloadingComplete (29ms)
	LoadAllAssembliesAndSetupDomain (346ms)
		LoadAssemblies (286ms)
		RebuildTransferFunctionScriptingTraits (0ms)
		AnalyzeDomain (150ms)
			TypeCache.Refresh (6ms)
				TypeCache.ScanAssembly (0ms)
			BuildScriptInfoCaches (137ms)
			ResolveRequiredComponents (4ms)
	FinalizeReload (647ms)
		ReleaseScriptCaches (0ms)
		RebuildScriptCaches (0ms)
		SetupLoadedEditorAssemblies (515ms)
			LogAssemblyErrors (0ms)
			InitializePlatformSupportModulesInManaged (2ms)
			SetLoadedEditorAssemblies (3ms)
			BeforeProcessingInitializeOnLoad (86ms)
			ProcessInitializeOnLoadAttributes (387ms)
			ProcessInitializeOnLoadMethodAttributes (30ms)
			AfterProcessingInitializeOnLoad (6ms)
			EditorAssembliesLoaded (0ms)
		ExecutionOrderSort2 (0ms)
		AwakeInstancesAfterBackupRestoration (8ms)
Refreshing native plugins compatible for Editor in 1.30 ms, found 3 plugins.
Preloading 0 native plugins for Editor in 0.00 ms.
Unloading 0 Unused Serialized files (Serialized files now loaded: 0)
Unloading 3669 unused Assets / (1.2 MB). Loaded Objects now: 4160.
Memory consumption went from 82.6 MB to 81.4 MB.
Total: 8.736500 ms (FindLiveObjects: 0.546400 ms CreateObjectMapping: 0.716400 ms MarkObjects: 5.766700 ms  DeleteObjects: 1.705400 ms)

Prepare: number of updated asset objects reloaded= 0
========================================================================
Received Prepare
Refreshing native plugins compatible for Editor in 1.83 ms, found 3 plugins.
Preloading 0 native plugins for Editor in 0.00 ms.
Unloading 0 Unused Serialized files (Serialized files now loaded: 0)
Unloading 3662 unused Assets / (1.4 MB). Loaded Objects now: 4160.
Memory consumption went from 82.7 MB to 81.4 MB.
Total: 13.485000 ms (FindLiveObjects: 0.501400 ms CreateObjectMapping: 0.396700 ms MarkObjects: 10.342100 ms  DeleteObjects: 2.243600 ms)

Prepare: number of updated asset objects reloaded= 0
========================================================================
Received Prepare
Begin MonoManager ReloadAssembly
- Loaded All Assemblies, in  1.182 seconds
Refreshing native plugins compatible for Editor in 2.12 ms, found 3 plugins.
Native extension for WindowsStandalone target not found
Mono: successfully reloaded assembly
- Finished resetting the current domain, in  1.057 seconds
Domain Reload Profiling: 2239ms
	BeginReloadAssembly (332ms)
		ExecutionOrderSort (0ms)
		DisableScriptedObjects (14ms)
		BackupInstance (0ms)
		ReleaseScriptingObjects (0ms)
		CreateAndSetChildDomain (71ms)
	RebuildCommonClasses (83ms)
	RebuildNativeTypeToScriptingClass (23ms)
	initialDomainReloadingComplete (62ms)
	LoadAllAssembliesAndSetupDomain (681ms)
		LoadAssemblies (544ms)
		RebuildTransferFunctionScriptingTraits (0ms)
		AnalyzeDomain (316ms)
			TypeCache.Refresh (14ms)
				TypeCache.ScanAssembly (0ms)
			BuildScriptInfoCaches (285ms)
			ResolveRequiredComponents (11ms)
	FinalizeReload (1058ms)
		ReleaseScriptCaches (0ms)
		RebuildScriptCaches (0ms)
		SetupLoadedEditorAssemblies (841ms)
			LogAssemblyErrors (0ms)
			InitializePlatformSupportModulesInManaged (5ms)
			SetLoadedEditorAssemblies (6ms)
			BeforeProcessingInitializeOnLoad (167ms)
			ProcessInitializeOnLoadAttributes (635ms)
			ProcessInitializeOnLoadMethodAttributes (22ms)
			AfterProcessingInitializeOnLoad (5ms)
			EditorAssembliesLoaded (0ms)
		ExecutionOrderSort2 (0ms)
		AwakeInstancesAfterBackupRestoration (6ms)
Refreshing native plugins compatible for Editor in 1.10 ms, found 3 plugins.
Preloading 0 native plugins for Editor in 0.00 ms.
Unloading 0 Unused Serialized files (Serialized files now loaded: 0)
Unloading 3669 unused Assets / (1.3 MB). Loaded Objects now: 4160.
Memory consumption went from 82.6 MB to 81.3 MB.
Total: 6.538800 ms (FindLiveObjects: 0.497900 ms CreateObjectMapping: 0.240000 ms MarkObjects: 4.301600 ms  DeleteObjects: 1.497900 ms)

Prepare: number of updated asset objects reloaded= 0
========================================================================
Received Prepare
Begin MonoManager ReloadAssembly
- Loaded All Assemblies, in  0.600 seconds
Refreshing native plugins compatible for Editor in 0.91 ms, found 3 plugins.
Native extension for WindowsStandalone target not found
Mono: successfully reloaded assembly
- Finished resetting the current domain, in  0.630 seconds
Domain Reload Profiling: 1231ms
	BeginReloadAssembly (192ms)
		ExecutionOrderSort (0ms)
		DisableScriptedObjects (5ms)
		BackupInstance (0ms)
		ReleaseScriptingObjects (0ms)
		CreateAndSetChildDomain (52ms)
	RebuildCommonClasses (33ms)
	RebuildNativeTypeToScriptingClass (13ms)
	initialDomainReloadingComplete (29ms)
	LoadAllAssembliesAndSetupDomain (333ms)
		LoadAssemblies (293ms)
		RebuildTransferFunctionScriptingTraits (0ms)
		AnalyzeDomain (138ms)
			TypeCache.Refresh (6ms)
				TypeCache.ScanAssembly (0ms)
			BuildScriptInfoCaches (126ms)
			ResolveRequiredComponents (4ms)
	FinalizeReload (631ms)
		ReleaseScriptCaches (0ms)
		RebuildScriptCaches (0ms)
		SetupLoadedEditorAssemblies (505ms)
			LogAssemblyErrors (0ms)
			InitializePlatformSupportModulesInManaged (3ms)
			SetLoadedEditorAssemblies (3ms)
			BeforeProcessingInitializeOnLoad (82ms)
			ProcessInitializeOnLoadAttributes (383ms)
			ProcessInitializeOnLoadMethodAttributes (27ms)
			AfterProcessingInitializeOnLoad (6ms)
			EditorAssembliesLoaded (0ms)
		ExecutionOrderSort2 (0ms)
		AwakeInstancesAfterBackupRestoration (6ms)
Refreshing native plugins compatible for Editor in 1.03 ms, found 3 plugins.
Preloading 0 native plugins for Editor in 0.00 ms.
Unloading 0 Unused Serialized files (Serialized files now loaded: 0)
Unloading 3669 unused Assets / (1.0 MB). Loaded Objects now: 4160.
Memory consumption went from 82.6 MB to 81.6 MB.
Total: 9.304100 ms (FindLiveObjects: 0.729500 ms CreateObjectMapping: 0.574900 ms MarkObjects: 6.435300 ms  DeleteObjects: 1.561800 ms)

Prepare: number of updated asset objects reloaded= 0
========================================================================
Received Prepare
Begin MonoManager ReloadAssembly
- Loaded All Assemblies, in  0.619 seconds
Refreshing native plugins compatible for Editor in 1.06 ms, found 3 plugins.
Native extension for WindowsStandalone target not found
Mono: successfully reloaded assembly
- Finished resetting the current domain, in  0.677 seconds
Domain Reload Profiling: 1297ms
	BeginReloadAssembly (188ms)
		ExecutionOrderSort (0ms)
		DisableScriptedObjects (5ms)
		BackupInstance (0ms)
		ReleaseScriptingObjects (0ms)
		CreateAndSetChildDomain (53ms)
	RebuildCommonClasses (37ms)
	RebuildNativeTypeToScriptingClass (13ms)
	initialDomainReloadingComplete (33ms)
	LoadAllAssembliesAndSetupDomain (347ms)
		LoadAssemblies (290ms)
		RebuildTransferFunctionScriptingTraits (0ms)
		AnalyzeDomain (151ms)
			TypeCache.Refresh (6ms)
				TypeCache.ScanAssembly (0ms)
			BuildScriptInfoCaches (138ms)
			ResolveRequiredComponents (4ms)
	FinalizeReload (678ms)
		ReleaseScriptCaches (0ms)
		RebuildScriptCaches (0ms)
		SetupLoadedEditorAssemblies (552ms)
			LogAssemblyErrors (0ms)
			InitializePlatformSupportModulesInManaged (2ms)
			SetLoadedEditorAssemblies (3ms)
			BeforeProcessingInitializeOnLoad (93ms)
			ProcessInitializeOnLoadAttributes (419ms)
			ProcessInitializeOnLoadMethodAttributes (28ms)
			AfterProcessingInitializeOnLoad (6ms)
			EditorAssembliesLoaded (0ms)
		ExecutionOrderSort2 (0ms)
		AwakeInstancesAfterBackupRestoration (7ms)
Refreshing native plugins compatible for Editor in 1.50 ms, found 3 plugins.
Preloading 0 native plugins for Editor in 0.00 ms.
Unloading 0 Unused Serialized files (Serialized files now loaded: 0)
Unloading 3669 unused Assets / (1.0 MB). Loaded Objects now: 4160.
Memory consumption went from 82.6 MB to 81.5 MB.
Total: 9.855600 ms (FindLiveObjects: 0.645000 ms CreateObjectMapping: 0.513500 ms MarkObjects: 6.882700 ms  DeleteObjects: 1.812500 ms)

Prepare: number of updated asset objects reloaded= 0
========================================================================
Received Prepare
Begin MonoManager ReloadAssembly
- Loaded All Assemblies, in  0.603 seconds
Refreshing native plugins compatible for Editor in 1.01 ms, found 3 plugins.
Native extension for WindowsStandalone target not found
Mono: successfully reloaded assembly
- Finished resetting the current domain, in  0.675 seconds
Domain Reload Profiling: 1278ms
	BeginReloadAssembly (184ms)
		ExecutionOrderSort (0ms)
		DisableScriptedObjects (5ms)
		BackupInstance (0ms)
		ReleaseScriptingObjects (0ms)
		CreateAndSetChildDomain (48ms)
	RebuildCommonClasses (32ms)
	RebuildNativeTypeToScriptingClass (12ms)
	initialDomainReloadingComplete (31ms)
	LoadAllAssembliesAndSetupDomain (343ms)
		LoadAssemblies (287ms)
		RebuildTransferFunctionScriptingTraits (0ms)
		AnalyzeDomain (152ms)
			TypeCache.Refresh (8ms)
				TypeCache.ScanAssembly (0ms)
			BuildScriptInfoCaches (138ms)
			ResolveRequiredComponents (4ms)
	FinalizeReload (676ms)
		ReleaseScriptCaches (0ms)
		RebuildScriptCaches (0ms)
		SetupLoadedEditorAssemblies (555ms)
			LogAssemblyErrors (0ms)
			InitializePlatformSupportModulesInManaged (2ms)
			SetLoadedEditorAssemblies (3ms)
			BeforeProcessingInitializeOnLoad (92ms)
			ProcessInitializeOnLoadAttributes (425ms)
			ProcessInitializeOnLoadMethodAttributes (27ms)
			AfterProcessingInitializeOnLoad (6ms)
			EditorAssembliesLoaded (0ms)
		ExecutionOrderSort2 (0ms)
		AwakeInstancesAfterBackupRestoration (7ms)
Refreshing native plugins compatible for Editor in 1.28 ms, found 3 plugins.
Preloading 0 native plugins for Editor in 0.00 ms.
Unloading 0 Unused Serialized files (Serialized files now loaded: 0)
Unloading 3669 unused Assets / (0.9 MB). Loaded Objects now: 4160.
Memory consumption went from 82.6 MB to 81.6 MB.
Total: 10.209700 ms (FindLiveObjects: 0.533400 ms CreateObjectMapping: 0.789500 ms MarkObjects: 6.991700 ms  DeleteObjects: 1.892100 ms)

Prepare: number of updated asset objects reloaded= 0
========================================================================
Received Prepare
Begin MonoManager ReloadAssembly
- Loaded All Assemblies, in  0.595 seconds
Refreshing native plugins compatible for Editor in 0.88 ms, found 3 plugins.
Native extension for WindowsStandalone target not found
Mono: successfully reloaded assembly
- Finished resetting the current domain, in  0.702 seconds
Domain Reload Profiling: 1297ms
	BeginReloadAssembly (180ms)
		ExecutionOrderSort (0ms)
		DisableScriptedObjects (6ms)
		BackupInstance (0ms)
		ReleaseScriptingObjects (0ms)
		CreateAndSetChildDomain (48ms)
	RebuildCommonClasses (33ms)
	RebuildNativeTypeToScriptingClass (11ms)
	initialDomainReloadingComplete (32ms)
	LoadAllAssembliesAndSetupDomain (338ms)
		LoadAssemblies (276ms)
		RebuildTransferFunctionScriptingTraits (0ms)
		AnalyzeDomain (152ms)
			TypeCache.Refresh (7ms)
				TypeCache.ScanAssembly (0ms)
			BuildScriptInfoCaches (138ms)
			ResolveRequiredComponents (4ms)
	FinalizeReload (703ms)
		ReleaseScriptCaches (0ms)
		RebuildScriptCaches (0ms)
		SetupLoadedEditorAssemblies (569ms)
			LogAssemblyErrors (0ms)
			InitializePlatformSupportModulesInManaged (3ms)
			SetLoadedEditorAssemblies (3ms)
			BeforeProcessingInitializeOnLoad (91ms)
			ProcessInitializeOnLoadAttributes (436ms)
			ProcessInitializeOnLoadMethodAttributes (29ms)
			AfterProcessingInitializeOnLoad (5ms)
			EditorAssembliesLoaded (0ms)
		ExecutionOrderSort2 (0ms)
		AwakeInstancesAfterBackupRestoration (7ms)
Refreshing native plugins compatible for Editor in 1.06 ms, found 3 plugins.
Preloading 0 native plugins for Editor in 0.00 ms.
Unloading 0 Unused Serialized files (Serialized files now loaded: 0)
Unloading 3669 unused Assets / (1.0 MB). Loaded Objects now: 4160.
Memory consumption went from 82.6 MB to 81.6 MB.
Total: 7.602900 ms (FindLiveObjects: 0.546200 ms CreateObjectMapping: 0.276600 ms MarkObjects: 5.408100 ms  DeleteObjects: 1.370800 ms)

Prepare: number of updated asset objects reloaded= 0
========================================================================
Received Prepare
Begin MonoManager ReloadAssembly
- Loaded All Assemblies, in  0.601 seconds
Refreshing native plugins compatible for Editor in 1.56 ms, found 3 plugins.
Native extension for WindowsStandalone target not found
Mono: successfully reloaded assembly
- Finished resetting the current domain, in  0.720 seconds
Domain Reload Profiling: 1323ms
	BeginReloadAssembly (183ms)
		ExecutionOrderSort (0ms)
		DisableScriptedObjects (6ms)
		BackupInstance (0ms)
		ReleaseScriptingObjects (0ms)
		CreateAndSetChildDomain (49ms)
	RebuildCommonClasses (32ms)
	RebuildNativeTypeToScriptingClass (11ms)
	initialDomainReloadingComplete (30ms)
	LoadAllAssembliesAndSetupDomain (346ms)
		LoadAssemblies (289ms)
		RebuildTransferFunctionScriptingTraits (0ms)
		AnalyzeDomain (148ms)
			TypeCache.Refresh (6ms)
				TypeCache.ScanAssembly (0ms)
			BuildScriptInfoCaches (133ms)
			ResolveRequiredComponents (5ms)
	FinalizeReload (721ms)
		ReleaseScriptCaches (0ms)
		RebuildScriptCaches (0ms)
		SetupLoadedEditorAssemblies (585ms)
			LogAssemblyErrors (0ms)
			InitializePlatformSupportModulesInManaged (3ms)
			SetLoadedEditorAssemblies (3ms)
			BeforeProcessingInitializeOnLoad (96ms)
			ProcessInitializeOnLoadAttributes (445ms)
			ProcessInitializeOnLoadMethodAttributes (31ms)
			AfterProcessingInitializeOnLoad (7ms)
			EditorAssembliesLoaded (0ms)
		ExecutionOrderSort2 (0ms)
		AwakeInstancesAfterBackupRestoration (7ms)
Refreshing native plugins compatible for Editor in 1.33 ms, found 3 plugins.
Preloading 0 native plugins for Editor in 0.00 ms.
Unloading 0 Unused Serialized files (Serialized files now loaded: 0)
Unloading 3669 unused Assets / (1.1 MB). Loaded Objects now: 4160.
Memory consumption went from 82.6 MB to 81.4 MB.
Total: 9.491800 ms (FindLiveObjects: 0.665800 ms CreateObjectMapping: 0.609700 ms MarkObjects: 6.376200 ms  DeleteObjects: 1.838100 ms)

Prepare: number of updated asset objects reloaded= 0
========================================================================
Received Prepare
Begin MonoManager ReloadAssembly
- Loaded All Assemblies, in  0.607 seconds
Refreshing native plugins compatible for Editor in 0.91 ms, found 3 plugins.
Native extension for WindowsStandalone target not found
Mono: successfully reloaded assembly
- Finished resetting the current domain, in  0.680 seconds
Domain Reload Profiling: 1287ms
	BeginReloadAssembly (193ms)
		ExecutionOrderSort (0ms)
		DisableScriptedObjects (7ms)
		BackupInstance (0ms)
		ReleaseScriptingObjects (0ms)
		CreateAndSetChildDomain (47ms)
	RebuildCommonClasses (32ms)
	RebuildNativeTypeToScriptingClass (13ms)
	initialDomainReloadingComplete (32ms)
	LoadAllAssembliesAndSetupDomain (337ms)
		LoadAssemblies (297ms)
		RebuildTransferFunctionScriptingTraits (0ms)
		AnalyzeDomain (140ms)
			TypeCache.Refresh (7ms)
				TypeCache.ScanAssembly (0ms)
			BuildScriptInfoCaches (127ms)
			ResolveRequiredComponents (4ms)
	FinalizeReload (680ms)
		ReleaseScriptCaches (0ms)
		RebuildScriptCaches (0ms)
		SetupLoadedEditorAssemblies (556ms)
			LogAssemblyErrors (0ms)
			InitializePlatformSupportModulesInManaged (2ms)
			SetLoadedEditorAssemblies (3ms)
			BeforeProcessingInitializeOnLoad (87ms)
			ProcessInitializeOnLoadAttributes (430ms)
			ProcessInitializeOnLoadMethodAttributes (28ms)
			AfterProcessingInitializeOnLoad (5ms)
			EditorAssembliesLoaded (0ms)
		ExecutionOrderSort2 (0ms)
		AwakeInstancesAfterBackupRestoration (7ms)
Refreshing native plugins compatible for Editor in 1.30 ms, found 3 plugins.
Preloading 0 native plugins for Editor in 0.00 ms.
Unloading 0 Unused Serialized files (Serialized files now loaded: 0)
Unloading 3669 unused Assets / (1.5 MB). Loaded Objects now: 4160.
Memory consumption went from 82.6 MB to 81.0 MB.
Total: 10.467400 ms (FindLiveObjects: 0.614000 ms CreateObjectMapping: 0.880400 ms MarkObjects: 6.188000 ms  DeleteObjects: 2.783200 ms)

Prepare: number of updated asset objects reloaded= 0
========================================================================
Received Prepare
Begin MonoManager ReloadAssembly
- Loaded All Assemblies, in  0.626 seconds
Refreshing native plugins compatible for Editor in 0.91 ms, found 3 plugins.
Native extension for WindowsStandalone target not found
Mono: successfully reloaded assembly
- Finished resetting the current domain, in  0.690 seconds
Domain Reload Profiling: 1316ms
	BeginReloadAssembly (201ms)
		ExecutionOrderSort (0ms)
		DisableScriptedObjects (5ms)
		BackupInstance (0ms)
		ReleaseScriptingObjects (0ms)
		CreateAndSetChildDomain (53ms)
	RebuildCommonClasses (33ms)
	RebuildNativeTypeToScriptingClass (11ms)
	initialDomainReloadingComplete (30ms)
	LoadAllAssembliesAndSetupDomain (351ms)
		LoadAssemblies (300ms)
		RebuildTransferFunctionScriptingTraits (0ms)
		AnalyzeDomain (155ms)
			TypeCache.Refresh (6ms)
				TypeCache.ScanAssembly (0ms)
			BuildScriptInfoCaches (143ms)
			ResolveRequiredComponents (4ms)
	FinalizeReload (690ms)
		ReleaseScriptCaches (0ms)
		RebuildScriptCaches (0ms)
		SetupLoadedEditorAssemblies (547ms)
			LogAssemblyErrors (0ms)
			InitializePlatformSupportModulesInManaged (2ms)
			SetLoadedEditorAssemblies (2ms)
			BeforeProcessingInitializeOnLoad (87ms)
			ProcessInitializeOnLoadAttributes (420ms)
			ProcessInitializeOnLoadMethodAttributes (29ms)
			AfterProcessingInitializeOnLoad (6ms)
			EditorAssembliesLoaded (0ms)
		ExecutionOrderSort2 (0ms)
		AwakeInstancesAfterBackupRestoration (8ms)
Refreshing native plugins compatible for Editor in 1.28 ms, found 3 plugins.
Preloading 0 native plugins for Editor in 0.00 ms.
Unloading 0 Unused Serialized files (Serialized files now loaded: 0)
Unloading 3669 unused Assets / (1.2 MB). Loaded Objects now: 4160.
Memory consumption went from 82.6 MB to 81.4 MB.
Total: 9.819300 ms (FindLiveObjects: 0.559900 ms CreateObjectMapping: 0.883400 ms MarkObjects: 6.431200 ms  DeleteObjects: 1.943400 ms)

Prepare: number of updated asset objects reloaded= 0
========================================================================
Received Prepare
Refreshing native plugins compatible for Editor in 2.13 ms, found 3 plugins.
Preloading 0 native plugins for Editor in 0.00 ms.
Unloading 0 Unused Serialized files (Serialized files now loaded: 0)
Unloading 3662 unused Assets / (1.2 MB). Loaded Objects now: 4160.
Memory consumption went from 82.8 MB to 81.6 MB.
Total: 11.451900 ms (FindLiveObjects: 0.555800 ms CreateObjectMapping: 0.295200 ms MarkObjects: 8.693900 ms  DeleteObjects: 1.905200 ms)

Prepare: number of updated asset objects reloaded= 0
========================================================================
Received Prepare
Begin MonoManager ReloadAssembly
- Loaded All Assemblies, in  1.196 seconds
Refreshing native plugins compatible for Editor in 2.24 ms, found 3 plugins.
Native extension for WindowsStandalone target not found
Mono: successfully reloaded assembly
- Finished resetting the current domain, in  1.016 seconds
Domain Reload Profiling: 2211ms
	BeginReloadAssembly (338ms)
		ExecutionOrderSort (0ms)
		DisableScriptedObjects (9ms)
		BackupInstance (0ms)
		ReleaseScriptingObjects (0ms)
		CreateAndSetChildDomain (70ms)
	RebuildCommonClasses (105ms)
	RebuildNativeTypeToScriptingClass (24ms)
	initialDomainReloadingComplete (50ms)
	LoadAllAssembliesAndSetupDomain (677ms)
		LoadAssemblies (539ms)
		RebuildTransferFunctionScriptingTraits (0ms)
		AnalyzeDomain (332ms)
			TypeCache.Refresh (11ms)
				TypeCache.ScanAssembly (0ms)
			BuildScriptInfoCaches (305ms)
			ResolveRequiredComponents (10ms)
	FinalizeReload (1016ms)
		ReleaseScriptCaches (0ms)
		RebuildScriptCaches (0ms)
		SetupLoadedEditorAssemblies (811ms)
			LogAssemblyErrors (0ms)
			InitializePlatformSupportModulesInManaged (4ms)
			SetLoadedEditorAssemblies (4ms)
			BeforeProcessingInitializeOnLoad (180ms)
			ProcessInitializeOnLoadAttributes (596ms)
			ProcessInitializeOnLoadMethodAttributes (21ms)
			AfterProcessingInitializeOnLoad (5ms)
			EditorAssembliesLoaded (0ms)
		ExecutionOrderSort2 (0ms)
		AwakeInstancesAfterBackupRestoration (5ms)
Refreshing native plugins compatible for Editor in 0.98 ms, found 3 plugins.
Preloading 0 native plugins for Editor in 0.00 ms.
Unloading 0 Unused Serialized files (Serialized files now loaded: 0)
Unloading 3669 unused Assets / (1.0 MB). Loaded Objects now: 4160.
Memory consumption went from 82.6 MB to 81.6 MB.
Total: 6.563800 ms (FindLiveObjects: 0.438300 ms CreateObjectMapping: 0.196500 ms MarkObjects: 4.676500 ms  DeleteObjects: 1.249900 ms)

Prepare: number of updated asset objects reloaded= 0
========================================================================
Received Prepare
Begin MonoManager ReloadAssembly
- Loaded All Assemblies, in  0.607 seconds
Refreshing native plugins compatible for Editor in 0.88 ms, found 3 plugins.
Native extension for WindowsStandalone target not found
Mono: successfully reloaded assembly
- Finished resetting the current domain, in  0.678 seconds
Domain Reload Profiling: 1286ms
	BeginReloadAssembly (188ms)
		ExecutionOrderSort (0ms)
		DisableScriptedObjects (6ms)
		BackupInstance (0ms)
		ReleaseScriptingObjects (0ms)
		CreateAndSetChildDomain (55ms)
	RebuildCommonClasses (35ms)
	RebuildNativeTypeToScriptingClass (11ms)
	initialDomainReloadingComplete (28ms)
	LoadAllAssembliesAndSetupDomain (345ms)
		LoadAssemblies (279ms)
		RebuildTransferFunctionScriptingTraits (0ms)
		AnalyzeDomain (153ms)
			TypeCache.Refresh (6ms)
				TypeCache.ScanAssembly (0ms)
			BuildScriptInfoCaches (139ms)
			ResolveRequiredComponents (4ms)
	FinalizeReload (679ms)
		ReleaseScriptCaches (0ms)
		RebuildScriptCaches (0ms)
		SetupLoadedEditorAssemblies (553ms)
			LogAssemblyErrors (0ms)
			InitializePlatformSupportModulesInManaged (3ms)
			SetLoadedEditorAssemblies (2ms)
			BeforeProcessingInitializeOnLoad (86ms)
			ProcessInitializeOnLoadAttributes (427ms)
			ProcessInitializeOnLoadMethodAttributes (28ms)
			AfterProcessingInitializeOnLoad (6ms)
			EditorAssembliesLoaded (0ms)
		ExecutionOrderSort2 (0ms)
		AwakeInstancesAfterBackupRestoration (6ms)
Refreshing native plugins compatible for Editor in 1.23 ms, found 3 plugins.
Preloading 0 native plugins for Editor in 0.00 ms.
Unloading 0 Unused Serialized files (Serialized files now loaded: 0)
Unloading 3669 unused Assets / (1.1 MB). Loaded Objects now: 4160.
Memory consumption went from 82.6 MB to 81.5 MB.
Total: 9.462400 ms (FindLiveObjects: 0.583600 ms CreateObjectMapping: 0.775600 ms MarkObjects: 6.368900 ms  DeleteObjects: 1.731900 ms)

Prepare: number of updated asset objects reloaded= 0
========================================================================
Received Prepare
Refreshing native plugins compatible for Editor in 1.95 ms, found 3 plugins.
Preloading 0 native plugins for Editor in 0.00 ms.
Unloading 0 Unused Serialized files (Serialized files now loaded: 0)
Unloading 3662 unused Assets / (1.0 MB). Loaded Objects now: 4160.
Memory consumption went from 82.8 MB to 81.8 MB.
Total: 10.072000 ms (FindLiveObjects: 0.538700 ms CreateObjectMapping: 0.624400 ms MarkObjects: 7.160500 ms  DeleteObjects: 1.746500 ms)

Prepare: number of updated asset objects reloaded= 0
========================================================================
Received Prepare
Begin MonoManager ReloadAssembly
- Loaded All Assemblies, in  1.149 seconds
Refreshing native plugins compatible for Editor in 1.90 ms, found 3 plugins.
Native extension for WindowsStandalone target not found
Mono: successfully reloaded assembly
- Finished resetting the current domain, in  1.023 seconds
Domain Reload Profiling: 2170ms
	BeginReloadAssembly (335ms)
		ExecutionOrderSort (0ms)
		DisableScriptedObjects (14ms)
		BackupInstance (0ms)
		ReleaseScriptingObjects (0ms)
		CreateAndSetChildDomain (88ms)
	RebuildCommonClasses (73ms)
	RebuildNativeTypeToScriptingClass (28ms)
	initialDomainReloadingComplete (61ms)
	LoadAllAssembliesAndSetupDomain (650ms)
		LoadAssemblies (529ms)
		RebuildTransferFunctionScriptingTraits (0ms)
		AnalyzeDomain (290ms)
			TypeCache.Refresh (13ms)
				TypeCache.ScanAssembly (0ms)
			BuildScriptInfoCaches (264ms)
			ResolveRequiredComponents (8ms)
	FinalizeReload (1023ms)
		ReleaseScriptCaches (0ms)
		RebuildScriptCaches (0ms)
		SetupLoadedEditorAssemblies (807ms)
			LogAssemblyErrors (0ms)
			InitializePlatformSupportModulesInManaged (4ms)
			SetLoadedEditorAssemblies (5ms)
			BeforeProcessingInitializeOnLoad (192ms)
			ProcessInitializeOnLoadAttributes (578ms)
			ProcessInitializeOnLoadMethodAttributes (22ms)
			AfterProcessingInitializeOnLoad (6ms)
			EditorAssembliesLoaded (0ms)
		ExecutionOrderSort2 (0ms)
		AwakeInstancesAfterBackupRestoration (5ms)
Refreshing native plugins compatible for Editor in 0.99 ms, found 3 plugins.
Preloading 0 native plugins for Editor in 0.00 ms.
Unloading 0 Unused Serialized files (Serialized files now loaded: 0)
Unloading 3669 unused Assets / (1.3 MB). Loaded Objects now: 4160.
Memory consumption went from 82.6 MB to 81.3 MB.
Total: 7.032700 ms (FindLiveObjects: 0.458500 ms CreateObjectMapping: 0.548500 ms MarkObjects: 4.317300 ms  DeleteObjects: 1.707200 ms)

Prepare: number of updated asset objects reloaded= 0
========================================================================
Received Prepare
Begin MonoManager ReloadAssembly
- Loaded All Assemblies, in  0.608 seconds
Refreshing native plugins compatible for Editor in 0.98 ms, found 3 plugins.
Native extension for WindowsStandalone target not found
Mono: successfully reloaded assembly
- Finished resetting the current domain, in  0.674 seconds
Domain Reload Profiling: 1282ms
	BeginReloadAssembly (188ms)
		ExecutionOrderSort (0ms)
		DisableScriptedObjects (6ms)
		BackupInstance (0ms)
		ReleaseScriptingObjects (0ms)
		CreateAndSetChildDomain (51ms)
	RebuildCommonClasses (37ms)
	RebuildNativeTypeToScriptingClass (10ms)
	initialDomainReloadingComplete (29ms)
	LoadAllAssembliesAndSetupDomain (343ms)
		LoadAssemblies (292ms)
		RebuildTransferFunctionScriptingTraits (0ms)
		AnalyzeDomain (147ms)
			TypeCache.Refresh (7ms)
				TypeCache.ScanAssembly (0ms)
			BuildScriptInfoCaches (133ms)
			ResolveRequiredComponents (4ms)
	FinalizeReload (675ms)
		ReleaseScriptCaches (0ms)
		RebuildScriptCaches (0ms)
		SetupLoadedEditorAssemblies (552ms)
			LogAssemblyErrors (0ms)
			InitializePlatformSupportModulesInManaged (3ms)
			SetLoadedEditorAssemblies (4ms)
			BeforeProcessingInitializeOnLoad (94ms)
			ProcessInitializeOnLoadAttributes (420ms)
			ProcessInitializeOnLoadMethodAttributes (26ms)
			AfterProcessingInitializeOnLoad (5ms)
			EditorAssembliesLoaded (0ms)
		ExecutionOrderSort2 (0ms)
		AwakeInstancesAfterBackupRestoration (6ms)
Refreshing native plugins compatible for Editor in 1.32 ms, found 3 plugins.
Preloading 0 native plugins for Editor in 0.00 ms.
Unloading 0 Unused Serialized files (Serialized files now loaded: 0)
Unloading 3669 unused Assets / (1.0 MB). Loaded Objects now: 4160.
Memory consumption went from 82.6 MB to 81.6 MB.
Total: 9.015000 ms (FindLiveObjects: 0.629600 ms CreateObjectMapping: 0.290700 ms MarkObjects: 6.322200 ms  DeleteObjects: 1.770000 ms)

Prepare: number of updated asset objects reloaded= 0
========================================================================
Received Prepare
Refreshing native plugins compatible for Editor in 2.08 ms, found 3 plugins.
Preloading 0 native plugins for Editor in 0.00 ms.
Unloading 0 Unused Serialized files (Serialized files now loaded: 0)
Unloading 3662 unused Assets / (0.7 MB). Loaded Objects now: 4160.
Memory consumption went from 82.8 MB to 82.0 MB.
Total: 8.746000 ms (FindLiveObjects: 0.648400 ms CreateObjectMapping: 0.390700 ms MarkObjects: 6.421800 ms  DeleteObjects: 1.283500 ms)

Prepare: number of updated asset objects reloaded= 0
========================================================================
Received Prepare
Refreshing native plugins compatible for Editor in 1.52 ms, found 3 plugins.
Preloading 0 native plugins for Editor in 0.00 ms.
Unloading 0 Unused Serialized files (Serialized files now loaded: 0)
Unloading 3662 unused Assets / (0.8 MB). Loaded Objects now: 4160.
Memory consumption went from 82.8 MB to 82.0 MB.
Total: 9.846300 ms (FindLiveObjects: 1.791600 ms CreateObjectMapping: 0.897000 ms MarkObjects: 5.707600 ms  DeleteObjects: 1.447900 ms)

Prepare: number of updated asset objects reloaded= 0
========================================================================
Received Prepare
Begin MonoManager ReloadAssembly
- Loaded All Assemblies, in  1.197 seconds
Refreshing native plugins compatible for Editor in 2.36 ms, found 3 plugins.
Native extension for WindowsStandalone target not found
Mono: successfully reloaded assembly
- Finished resetting the current domain, in  1.033 seconds
Domain Reload Profiling: 2227ms
	BeginReloadAssembly (346ms)
		ExecutionOrderSort (0ms)
		DisableScriptedObjects (9ms)
		BackupInstance (0ms)
		ReleaseScriptingObjects (0ms)
		CreateAndSetChildDomain (76ms)
	RebuildCommonClasses (67ms)
	RebuildNativeTypeToScriptingClass (21ms)
	initialDomainReloadingComplete (78ms)
	LoadAllAssembliesAndSetupDomain (682ms)
		LoadAssemblies (553ms)
		RebuildTransferFunctionScriptingTraits (0ms)
		AnalyzeDomain (322ms)
			TypeCache.Refresh (14ms)
				TypeCache.ScanAssembly (0ms)
			BuildScriptInfoCaches (293ms)
			ResolveRequiredComponents (8ms)
	FinalizeReload (1034ms)
		ReleaseScriptCaches (0ms)
		RebuildScriptCaches (0ms)
		SetupLoadedEditorAssemblies (824ms)
			LogAssemblyErrors (0ms)
			InitializePlatformSupportModulesInManaged (4ms)
			SetLoadedEditorAssemblies (4ms)
			BeforeProcessingInitializeOnLoad (175ms)
			ProcessInitializeOnLoadAttributes (611ms)
			ProcessInitializeOnLoadMethodAttributes (24ms)
			AfterProcessingInitializeOnLoad (5ms)
			EditorAssembliesLoaded (0ms)
		ExecutionOrderSort2 (0ms)
		AwakeInstancesAfterBackupRestoration (5ms)
Refreshing native plugins compatible for Editor in 1.04 ms, found 3 plugins.
Preloading 0 native plugins for Editor in 0.00 ms.
Unloading 0 Unused Serialized files (Serialized files now loaded: 0)
Unloading 3669 unused Assets / (0.7 MB). Loaded Objects now: 4160.
Memory consumption went from 82.6 MB to 81.8 MB.
Total: 6.334100 ms (FindLiveObjects: 0.565400 ms CreateObjectMapping: 0.403400 ms MarkObjects: 4.283500 ms  DeleteObjects: 1.080700 ms)

Prepare: number of updated asset objects reloaded= 0
========================================================================
Received Prepare
Begin MonoManager ReloadAssembly
- Loaded All Assemblies, in  0.610 seconds
Refreshing native plugins compatible for Editor in 0.83 ms, found 3 plugins.
Native extension for WindowsStandalone target not found
Mono: successfully reloaded assembly
- Finished resetting the current domain, in  0.680 seconds
Domain Reload Profiling: 1290ms
	BeginReloadAssembly (181ms)
		ExecutionOrderSort (0ms)
		DisableScriptedObjects (6ms)
		BackupInstance (0ms)
		ReleaseScriptingObjects (0ms)
		CreateAndSetChildDomain (49ms)
	RebuildCommonClasses (31ms)
	RebuildNativeTypeToScriptingClass (12ms)
	initialDomainReloadingComplete (31ms)
	LoadAllAssembliesAndSetupDomain (353ms)
		LoadAssemblies (280ms)
		RebuildTransferFunctionScriptingTraits (0ms)
		AnalyzeDomain (163ms)
			TypeCache.Refresh (6ms)
				TypeCache.ScanAssembly (0ms)
			BuildScriptInfoCaches (148ms)
			ResolveRequiredComponents (5ms)
	FinalizeReload (681ms)
		ReleaseScriptCaches (0ms)
		RebuildScriptCaches (0ms)
		SetupLoadedEditorAssemblies (555ms)
			LogAssemblyErrors (0ms)
			InitializePlatformSupportModulesInManaged (2ms)
			SetLoadedEditorAssemblies (3ms)
			BeforeProcessingInitializeOnLoad (95ms)
			ProcessInitializeOnLoadAttributes (422ms)
			ProcessInitializeOnLoadMethodAttributes (27ms)
			AfterProcessingInitializeOnLoad (5ms)
			EditorAssembliesLoaded (0ms)
		ExecutionOrderSort2 (0ms)
		AwakeInstancesAfterBackupRestoration (6ms)
Refreshing native plugins compatible for Editor in 1.38 ms, found 3 plugins.
Preloading 0 native plugins for Editor in 0.00 ms.
Unloading 0 Unused Serialized files (Serialized files now loaded: 0)
Unloading 3669 unused Assets / (0.7 MB). Loaded Objects now: 4160.
Memory consumption went from 82.6 MB to 81.9 MB.
Total: 8.130600 ms (FindLiveObjects: 0.557400 ms CreateObjectMapping: 0.316800 ms MarkObjects: 6.183700 ms  DeleteObjects: 1.071400 ms)

Prepare: number of updated asset objects reloaded= 0
========================================================================
Received Prepare
Refreshing native plugins compatible for Editor in 2.50 ms, found 3 plugins.
Preloading 0 native plugins for Editor in 0.00 ms.
Unloading 0 Unused Serialized files (Serialized files now loaded: 0)
Unloading 3662 unused Assets / (1.0 MB). Loaded Objects now: 4160.
Memory consumption went from 82.8 MB to 81.8 MB.
Total: 11.378600 ms (FindLiveObjects: 0.904400 ms CreateObjectMapping: 0.623400 ms MarkObjects: 8.011200 ms  DeleteObjects: 1.837700 ms)

Prepare: number of updated asset objects reloaded= 0
========================================================================
Received Prepare
Begin MonoManager ReloadAssembly
- Loaded All Assemblies, in  1.175 seconds
Refreshing native plugins compatible for Editor in 1.97 ms, found 3 plugins.
Native extension for WindowsStandalone target not found
Mono: successfully reloaded assembly
- Finished resetting the current domain, in  1.021 seconds
Domain Reload Profiling: 2195ms
	BeginReloadAssembly (314ms)
		ExecutionOrderSort (0ms)
		DisableScriptedObjects (9ms)
		BackupInstance (0ms)
		ReleaseScriptingObjects (0ms)
		CreateAndSetChildDomain (80ms)
	RebuildCommonClasses (76ms)
	RebuildNativeTypeToScriptingClass (26ms)
	initialDomainReloadingComplete (64ms)
	LoadAllAssembliesAndSetupDomain (693ms)
		LoadAssemblies (545ms)
		RebuildTransferFunctionScriptingTraits (0ms)
		AnalyzeDomain (316ms)
			TypeCache.Refresh (13ms)
				TypeCache.ScanAssembly (0ms)
			BuildScriptInfoCaches (293ms)
			ResolveRequiredComponents (6ms)
	FinalizeReload (1022ms)
		ReleaseScriptCaches (0ms)
		RebuildScriptCaches (0ms)
		SetupLoadedEditorAssemblies (834ms)
			LogAssemblyErrors (0ms)
			InitializePlatformSupportModulesInManaged (5ms)
			SetLoadedEditorAssemblies (6ms)
			BeforeProcessingInitializeOnLoad (185ms)
			ProcessInitializeOnLoadAttributes (608ms)
			ProcessInitializeOnLoadMethodAttributes (25ms)
			AfterProcessingInitializeOnLoad (4ms)
			EditorAssembliesLoaded (0ms)
		ExecutionOrderSort2 (0ms)
		AwakeInstancesAfterBackupRestoration (5ms)
Refreshing native plugins compatible for Editor in 0.94 ms, found 3 plugins.
Preloading 0 native plugins for Editor in 0.00 ms.
Unloading 0 Unused Serialized files (Serialized files now loaded: 0)
Unloading 3669 unused Assets / (0.8 MB). Loaded Objects now: 4160.
Memory consumption went from 82.6 MB to 81.8 MB.
Total: 6.065600 ms (FindLiveObjects: 0.562200 ms CreateObjectMapping: 0.350000 ms MarkObjects: 4.312300 ms  DeleteObjects: 0.839900 ms)

Prepare: number of updated asset objects reloaded= 0
========================================================================
Received Prepare
Begin MonoManager ReloadAssembly
- Loaded All Assemblies, in  0.612 seconds
Refreshing native plugins compatible for Editor in 1.42 ms, found 3 plugins.
Native extension for WindowsStandalone target not found
Mono: successfully reloaded assembly
- Finished resetting the current domain, in  0.659 seconds
Domain Reload Profiling: 1271ms
	BeginReloadAssembly (191ms)
		ExecutionOrderSort (0ms)
		DisableScriptedObjects (6ms)
		BackupInstance (0ms)
		ReleaseScriptingObjects (0ms)
		CreateAndSetChildDomain (52ms)
	RebuildCommonClasses (32ms)
	RebuildNativeTypeToScriptingClass (13ms)
	initialDomainReloadingComplete (30ms)
	LoadAllAssembliesAndSetupDomain (346ms)
		LoadAssemblies (295ms)
		RebuildTransferFunctionScriptingTraits (0ms)
		AnalyzeDomain (147ms)
			TypeCache.Refresh (7ms)
				TypeCache.ScanAssembly (0ms)
			BuildScriptInfoCaches (133ms)
			ResolveRequiredComponents (4ms)
	FinalizeReload (660ms)
		ReleaseScriptCaches (0ms)
		RebuildScriptCaches (0ms)
		SetupLoadedEditorAssemblies (535ms)
			LogAssemblyErrors (0ms)
			InitializePlatformSupportModulesInManaged (2ms)
			SetLoadedEditorAssemblies (3ms)
			BeforeProcessingInitializeOnLoad (90ms)
			ProcessInitializeOnLoadAttributes (409ms)
			ProcessInitializeOnLoadMethodAttributes (26ms)
			AfterProcessingInitializeOnLoad (5ms)
			EditorAssembliesLoaded (0ms)
		ExecutionOrderSort2 (0ms)
		AwakeInstancesAfterBackupRestoration (8ms)
Refreshing native plugins compatible for Editor in 1.55 ms, found 3 plugins.
Preloading 0 native plugins for Editor in 0.00 ms.
Unloading 0 Unused Serialized files (Serialized files now loaded: 0)
Unloading 3669 unused Assets / (0.9 MB). Loaded Objects now: 4160.
Memory consumption went from 82.6 MB to 81.7 MB.
Total: 9.374800 ms (FindLiveObjects: 0.623800 ms CreateObjectMapping: 0.776400 ms MarkObjects: 6.289800 ms  DeleteObjects: 1.683100 ms)

Prepare: number of updated asset objects reloaded= 0
========================================================================
Received Prepare
Refreshing native plugins compatible for Editor in 2.12 ms, found 3 plugins.
Preloading 0 native plugins for Editor in 0.00 ms.
Unloading 0 Unused Serialized files (Serialized files now loaded: 0)
Unloading 3662 unused Assets / (0.7 MB). Loaded Objects now: 4160.
Memory consumption went from 82.8 MB to 82.0 MB.
Total: 11.016600 ms (FindLiveObjects: 0.902200 ms CreateObjectMapping: 0.513500 ms MarkObjects: 8.178000 ms  DeleteObjects: 1.420900 ms)

Prepare: number of updated asset objects reloaded= 0
========================================================================
Received Prepare
Begin MonoManager ReloadAssembly
- Loaded All Assemblies, in  1.157 seconds
Refreshing native plugins compatible for Editor in 3.21 ms, found 3 plugins.
Native extension for WindowsStandalone target not found
Mono: successfully reloaded assembly
- Finished resetting the current domain, in  0.991 seconds
Domain Reload Profiling: 2142ms
	BeginReloadAssembly (319ms)
		ExecutionOrderSort (0ms)
		DisableScriptedObjects (14ms)
		BackupInstance (0ms)
		ReleaseScriptingObjects (0ms)
		CreateAndSetChildDomain (79ms)
	RebuildCommonClasses (72ms)
	RebuildNativeTypeToScriptingClass (31ms)
	initialDomainReloadingComplete (68ms)
	LoadAllAssembliesAndSetupDomain (660ms)
		LoadAssemblies (526ms)
		RebuildTransferFunctionScriptingTraits (0ms)
		AnalyzeDomain (302ms)
			TypeCache.Refresh (13ms)
				TypeCache.ScanAssembly (0ms)
			BuildScriptInfoCaches (277ms)
			ResolveRequiredComponents (7ms)
	FinalizeReload (992ms)
		ReleaseScriptCaches (0ms)
		RebuildScriptCaches (0ms)
		SetupLoadedEditorAssemblies (791ms)
			LogAssemblyErrors (0ms)
			InitializePlatformSupportModulesInManaged (5ms)
			SetLoadedEditorAssemblies (6ms)
			BeforeProcessingInitializeOnLoad (174ms)
			ProcessInitializeOnLoadAttributes (579ms)
			ProcessInitializeOnLoadMethodAttributes (22ms)
			AfterProcessingInitializeOnLoad (6ms)
			EditorAssembliesLoaded (0ms)
		ExecutionOrderSort2 (0ms)
		AwakeInstancesAfterBackupRestoration (5ms)
Refreshing native plugins compatible for Editor in 0.97 ms, found 3 plugins.
Preloading 0 native plugins for Editor in 0.00 ms.
Unloading 0 Unused Serialized files (Serialized files now loaded: 0)
Unloading 3669 unused Assets / (0.7 MB). Loaded Objects now: 4160.
Memory consumption went from 82.6 MB to 81.9 MB.
Total: 6.136500 ms (FindLiveObjects: 0.542700 ms CreateObjectMapping: 0.422100 ms MarkObjects: 4.273900 ms  DeleteObjects: 0.896900 ms)

Prepare: number of updated asset objects reloaded= 0
========================================================================
Received Prepare
Begin MonoManager ReloadAssembly
- Loaded All Assemblies, in  0.589 seconds
Refreshing native plugins compatible for Editor in 1.09 ms, found 3 plugins.
Native extension for WindowsStandalone target not found
Mono: successfully reloaded assembly
- Finished resetting the current domain, in  0.648 seconds
Domain Reload Profiling: 1237ms
	BeginReloadAssembly (181ms)
		ExecutionOrderSort (0ms)
		DisableScriptedObjects (5ms)
		BackupInstance (0ms)
		ReleaseScriptingObjects (0ms)
		CreateAndSetChildDomain (49ms)
	RebuildCommonClasses (32ms)
	RebuildNativeTypeToScriptingClass (10ms)
	initialDomainReloadingComplete (30ms)
	LoadAllAssembliesAndSetupDomain (334ms)
		LoadAssemblies (285ms)
		RebuildTransferFunctionScriptingTraits (0ms)
		AnalyzeDomain (139ms)
			TypeCache.Refresh (6ms)
				TypeCache.ScanAssembly (0ms)
			BuildScriptInfoCaches (126ms)
			ResolveRequiredComponents (4ms)
	FinalizeReload (648ms)
		ReleaseScriptCaches (0ms)
		RebuildScriptCaches (0ms)
		SetupLoadedEditorAssemblies (527ms)
			LogAssemblyErrors (0ms)
			InitializePlatformSupportModulesInManaged (3ms)
			SetLoadedEditorAssemblies (3ms)
			BeforeProcessingInitializeOnLoad (91ms)
			ProcessInitializeOnLoadAttributes (399ms)
			ProcessInitializeOnLoadMethodAttributes (27ms)
			AfterProcessingInitializeOnLoad (5ms)
			EditorAssembliesLoaded (0ms)
		ExecutionOrderSort2 (0ms)
		AwakeInstancesAfterBackupRestoration (6ms)
Refreshing native plugins compatible for Editor in 1.36 ms, found 3 plugins.
Preloading 0 native plugins for Editor in 0.00 ms.
Unloading 0 Unused Serialized files (Serialized files now loaded: 0)
Unloading 3669 unused Assets / (0.8 MB). Loaded Objects now: 4160.
Memory consumption went from 82.6 MB to 81.8 MB.
Total: 9.072700 ms (FindLiveObjects: 0.506300 ms CreateObjectMapping: 0.696000 ms MarkObjects: 6.378200 ms  DeleteObjects: 1.490500 ms)

Prepare: number of updated asset objects reloaded= 0
========================================================================
Received Prepare
Refreshing native plugins compatible for Editor in 2.04 ms, found 3 plugins.
Preloading 0 native plugins for Editor in 0.00 ms.
Unloading 0 Unused Serialized files (Serialized files now loaded: 0)
Unloading 3662 unused Assets / (1.0 MB). Loaded Objects now: 4160.
Memory consumption went from 82.8 MB to 81.8 MB.
Total: 10.759000 ms (FindLiveObjects: 0.533800 ms CreateObjectMapping: 0.320900 ms MarkObjects: 7.952200 ms  DeleteObjects: 1.949800 ms)

Prepare: number of updated asset objects reloaded= 0
========================================================================
Received Prepare
Begin MonoManager ReloadAssembly
- Loaded All Assemblies, in  1.215 seconds
Refreshing native plugins compatible for Editor in 2.19 ms, found 3 plugins.
Native extension for WindowsStandalone target not found
Mono: successfully reloaded assembly
- Finished resetting the current domain, in  0.780 seconds
Domain Reload Profiling: 1994ms
	BeginReloadAssembly (338ms)
		ExecutionOrderSort (0ms)
		DisableScriptedObjects (10ms)
		BackupInstance (0ms)
		ReleaseScriptingObjects (0ms)
		CreateAndSetChildDomain (65ms)
	RebuildCommonClasses (60ms)
	RebuildNativeTypeToScriptingClass (20ms)
	initialDomainReloadingComplete (67ms)
	LoadAllAssembliesAndSetupDomain (728ms)
		LoadAssemblies (578ms)
		RebuildTransferFunctionScriptingTraits (0ms)
		AnalyzeDomain (346ms)
			TypeCache.Refresh (16ms)
				TypeCache.ScanAssembly (0ms)
			BuildScriptInfoCaches (317ms)
			ResolveRequiredComponents (8ms)
	FinalizeReload (780ms)
		ReleaseScriptCaches (0ms)
		RebuildScriptCaches (0ms)
		SetupLoadedEditorAssemblies (585ms)
			LogAssemblyErrors (0ms)
			InitializePlatformSupportModulesInManaged (3ms)
			SetLoadedEditorAssemblies (3ms)
			BeforeProcessingInitializeOnLoad (101ms)
			ProcessInitializeOnLoadAttributes (447ms)
			ProcessInitializeOnLoadMethodAttributes (24ms)
			AfterProcessingInitializeOnLoad (6ms)
			EditorAssembliesLoaded (0ms)
		ExecutionOrderSort2 (0ms)
		AwakeInstancesAfterBackupRestoration (6ms)
Refreshing native plugins compatible for Editor in 1.08 ms, found 3 plugins.
Preloading 0 native plugins for Editor in 0.00 ms.
Unloading 0 Unused Serialized files (Serialized files now loaded: 0)
Unloading 3669 unused Assets / (0.8 MB). Loaded Objects now: 4160.
Memory consumption went from 82.6 MB to 81.8 MB.
Total: 7.254800 ms (FindLiveObjects: 0.495900 ms CreateObjectMapping: 0.536000 ms MarkObjects: 4.979500 ms  DeleteObjects: 1.242000 ms)

Prepare: number of updated asset objects reloaded= 0
========================================================================
Received Prepare
Begin MonoManager ReloadAssembly
- Loaded All Assemblies, in  0.618 seconds
Refreshing native plugins compatible for Editor in 0.88 ms, found 3 plugins.
Native extension for WindowsStandalone target not found
Mono: successfully reloaded assembly
- Finished resetting the current domain, in  0.666 seconds
Domain Reload Profiling: 1284ms
	BeginReloadAssembly (193ms)
		ExecutionOrderSort (0ms)
		DisableScriptedObjects (8ms)
		BackupInstance (0ms)
		ReleaseScriptingObjects (0ms)
		CreateAndSetChildDomain (51ms)
	RebuildCommonClasses (33ms)
	RebuildNativeTypeToScriptingClass (11ms)
	initialDomainReloadingComplete (32ms)
	LoadAllAssembliesAndSetupDomain (348ms)
		LoadAssemblies (298ms)
		RebuildTransferFunctionScriptingTraits (0ms)
		AnalyzeDomain (148ms)
			TypeCache.Refresh (6ms)
				TypeCache.ScanAssembly (0ms)
			BuildScriptInfoCaches (135ms)
			ResolveRequiredComponents (4ms)
	FinalizeReload (667ms)
		ReleaseScriptCaches (0ms)
		RebuildScriptCaches (0ms)
		SetupLoadedEditorAssemblies (539ms)
			LogAssemblyErrors (0ms)
			InitializePlatformSupportModulesInManaged (3ms)
			SetLoadedEditorAssemblies (3ms)
			BeforeProcessingInitializeOnLoad (89ms)
			ProcessInitializeOnLoadAttributes (407ms)
			ProcessInitializeOnLoadMethodAttributes (32ms)
			AfterProcessingInitializeOnLoad (5ms)
			EditorAssembliesLoaded (0ms)
		ExecutionOrderSort2 (0ms)
		AwakeInstancesAfterBackupRestoration (8ms)
Refreshing native plugins compatible for Editor in 1.12 ms, found 3 plugins.
Preloading 0 native plugins for Editor in 0.00 ms.
Unloading 0 Unused Serialized files (Serialized files now loaded: 0)
Unloading 3669 unused Assets / (0.9 MB). Loaded Objects now: 4160.
Memory consumption went from 82.6 MB to 81.7 MB.
Total: 8.706900 ms (FindLiveObjects: 0.527600 ms CreateObjectMapping: 0.346900 ms MarkObjects: 6.100600 ms  DeleteObjects: 1.729900 ms)

Prepare: number of updated asset objects reloaded= 0
========================================================================
Received Prepare
Refreshing native plugins compatible for Editor in 1.75 ms, found 3 plugins.
Preloading 0 native plugins for Editor in 0.00 ms.
Unloading 0 Unused Serialized files (Serialized files now loaded: 0)
Unloading 3662 unused Assets / (1.0 MB). Loaded Objects now: 4160.
Memory consumption went from 82.8 MB to 81.8 MB.
Total: 11.254400 ms (FindLiveObjects: 0.895300 ms CreateObjectMapping: 0.608800 ms MarkObjects: 7.585600 ms  DeleteObjects: 2.162400 ms)

Prepare: number of updated asset objects reloaded= 0
========================================================================
Received Prepare
Begin MonoManager ReloadAssembly
- Loaded All Assemblies, in  1.191 seconds
Refreshing native plugins compatible for Editor in 2.14 ms, found 3 plugins.
Native extension for WindowsStandalone target not found
Mono: successfully reloaded assembly
- Finished resetting the current domain, in  1.048 seconds
Domain Reload Profiling: 2238ms
	BeginReloadAssembly (317ms)
		ExecutionOrderSort (0ms)
		DisableScriptedObjects (14ms)
		BackupInstance (0ms)
		ReleaseScriptingObjects (0ms)
		CreateAndSetChildDomain (66ms)
	RebuildCommonClasses (77ms)
	RebuildNativeTypeToScriptingClass (31ms)
	initialDomainReloadingComplete (69ms)
	LoadAllAssembliesAndSetupDomain (695ms)
		LoadAssemblies (553ms)
		RebuildTransferFunctionScriptingTraits (0ms)
		AnalyzeDomain (313ms)
			TypeCache.Refresh (11ms)
				TypeCache.ScanAssembly (0ms)
			BuildScriptInfoCaches (291ms)
			ResolveRequiredComponents (6ms)
	FinalizeReload (1049ms)
		ReleaseScriptCaches (0ms)
		RebuildScriptCaches (0ms)
		SetupLoadedEditorAssemblies (874ms)
			LogAssemblyErrors (0ms)
			InitializePlatformSupportModulesInManaged (4ms)
			SetLoadedEditorAssemblies (5ms)
			BeforeProcessingInitializeOnLoad (177ms)
			ProcessInitializeOnLoadAttributes (659ms)
			ProcessInitializeOnLoadMethodAttributes (24ms)
			AfterProcessingInitializeOnLoad (5ms)
			EditorAssembliesLoaded (0ms)
		ExecutionOrderSort2 (0ms)
		AwakeInstancesAfterBackupRestoration (6ms)
Refreshing native plugins compatible for Editor in 0.98 ms, found 3 plugins.
Preloading 0 native plugins for Editor in 0.00 ms.
Unloading 0 Unused Serialized files (Serialized files now loaded: 0)
Unloading 3669 unused Assets / (1.1 MB). Loaded Objects now: 4160.
Memory consumption went from 82.6 MB to 81.5 MB.
Total: 6.706200 ms (FindLiveObjects: 0.452900 ms CreateObjectMapping: 0.263400 ms MarkObjects: 4.622200 ms  DeleteObjects: 1.366300 ms)

Prepare: number of updated asset objects reloaded= 0
========================================================================
Received Prepare
Begin MonoManager ReloadAssembly
- Loaded All Assemblies, in  0.608 seconds
Refreshing native plugins compatible for Editor in 0.85 ms, found 3 plugins.
Native extension for WindowsStandalone target not found
Mono: successfully reloaded assembly
- Finished resetting the current domain, in  0.658 seconds
Domain Reload Profiling: 1265ms
	BeginReloadAssembly (183ms)
		ExecutionOrderSort (0ms)
		DisableScriptedObjects (5ms)
		BackupInstance (0ms)
		ReleaseScriptingObjects (0ms)
		CreateAndSetChildDomain (53ms)
	RebuildCommonClasses (31ms)
	RebuildNativeTypeToScriptingClass (14ms)
	initialDomainReloadingComplete (37ms)
	LoadAllAssembliesAndSetupDomain (342ms)
		LoadAssemblies (284ms)
		RebuildTransferFunctionScriptingTraits (0ms)
		AnalyzeDomain (143ms)
			TypeCache.Refresh (6ms)
				TypeCache.ScanAssembly (0ms)
			BuildScriptInfoCaches (130ms)
			ResolveRequiredComponents (4ms)
	FinalizeReload (658ms)
		ReleaseScriptCaches (0ms)
		RebuildScriptCaches (0ms)
		SetupLoadedEditorAssemblies (531ms)
			LogAssemblyErrors (0ms)
			InitializePlatformSupportModulesInManaged (2ms)
			SetLoadedEditorAssemblies (3ms)
			BeforeProcessingInitializeOnLoad (92ms)
			ProcessInitializeOnLoadAttributes (402ms)
			ProcessInitializeOnLoadMethodAttributes (26ms)
			AfterProcessingInitializeOnLoad (5ms)
			EditorAssembliesLoaded (0ms)
		ExecutionOrderSort2 (0ms)
		AwakeInstancesAfterBackupRestoration (6ms)
Refreshing native plugins compatible for Editor in 1.24 ms, found 3 plugins.
Preloading 0 native plugins for Editor in 0.00 ms.
Unloading 0 Unused Serialized files (Serialized files now loaded: 0)
Unloading 3669 unused Assets / (0.9 MB). Loaded Objects now: 4160.
Memory consumption went from 82.6 MB to 81.7 MB.
Total: 7.313100 ms (FindLiveObjects: 0.640900 ms CreateObjectMapping: 0.261400 ms MarkObjects: 5.161800 ms  DeleteObjects: 1.247700 ms)

Prepare: number of updated asset objects reloaded= 0
========================================================================
Received Prepare
Begin MonoManager ReloadAssembly
- Loaded All Assemblies, in  0.614 seconds
Refreshing native plugins compatible for Editor in 0.84 ms, found 3 plugins.
Native extension for WindowsStandalone target not found
Mono: successfully reloaded assembly
- Finished resetting the current domain, in  0.706 seconds
Domain Reload Profiling: 1321ms
	BeginReloadAssembly (197ms)
		ExecutionOrderSort (0ms)
		DisableScriptedObjects (5ms)
		BackupInstance (0ms)
		ReleaseScriptingObjects (0ms)
		CreateAndSetChildDomain (54ms)
	RebuildCommonClasses (35ms)
	RebuildNativeTypeToScriptingClass (10ms)
	initialDomainReloadingComplete (30ms)
	LoadAllAssembliesAndSetupDomain (342ms)
		LoadAssemblies (299ms)
		RebuildTransferFunctionScriptingTraits (0ms)
		AnalyzeDomain (145ms)
			TypeCache.Refresh (6ms)
				TypeCache.ScanAssembly (0ms)
			BuildScriptInfoCaches (131ms)
			ResolveRequiredComponents (4ms)
	FinalizeReload (707ms)
		ReleaseScriptCaches (0ms)
		RebuildScriptCaches (0ms)
		SetupLoadedEditorAssemblies (576ms)
			LogAssemblyErrors (0ms)
			InitializePlatformSupportModulesInManaged (2ms)
			SetLoadedEditorAssemblies (2ms)
			BeforeProcessingInitializeOnLoad (87ms)
			ProcessInitializeOnLoadAttributes (447ms)
			ProcessInitializeOnLoadMethodAttributes (30ms)
			AfterProcessingInitializeOnLoad (6ms)
			EditorAssembliesLoaded (0ms)
		ExecutionOrderSort2 (0ms)
		AwakeInstancesAfterBackupRestoration (6ms)
Refreshing native plugins compatible for Editor in 1.17 ms, found 3 plugins.
Preloading 0 native plugins for Editor in 0.00 ms.
Unloading 0 Unused Serialized files (Serialized files now loaded: 0)
Unloading 3669 unused Assets / (0.9 MB). Loaded Objects now: 4160.
Memory consumption went from 82.6 MB to 81.8 MB.
Total: 9.500400 ms (FindLiveObjects: 0.527700 ms CreateObjectMapping: 0.663800 ms MarkObjects: 6.917200 ms  DeleteObjects: 1.390400 ms)

Prepare: number of updated asset objects reloaded= 0
========================================================================
Received Prepare
Begin MonoManager ReloadAssembly
- Loaded All Assemblies, in  0.610 seconds
Refreshing native plugins compatible for Editor in 1.35 ms, found 3 plugins.
Native extension for WindowsStandalone target not found
Mono: successfully reloaded assembly
- Finished resetting the current domain, in  0.736 seconds
Domain Reload Profiling: 1352ms
	BeginReloadAssembly (184ms)
		ExecutionOrderSort (0ms)
		DisableScriptedObjects (5ms)
		BackupInstance (0ms)
		ReleaseScriptingObjects (0ms)
		CreateAndSetChildDomain (51ms)
	RebuildCommonClasses (34ms)
	RebuildNativeTypeToScriptingClass (13ms)
	initialDomainReloadingComplete (31ms)
	LoadAllAssembliesAndSetupDomain (349ms)
		LoadAssemblies (292ms)
		RebuildTransferFunctionScriptingTraits (0ms)
		AnalyzeDomain (148ms)
			TypeCache.Refresh (6ms)
				TypeCache.ScanAssembly (0ms)
			BuildScriptInfoCaches (134ms)
			ResolveRequiredComponents (4ms)
	FinalizeReload (742ms)
		ReleaseScriptCaches (0ms)
		RebuildScriptCaches (0ms)
		SetupLoadedEditorAssemblies (609ms)
			LogAssemblyErrors (0ms)
			InitializePlatformSupportModulesInManaged (3ms)
			SetLoadedEditorAssemblies (3ms)
			BeforeProcessingInitializeOnLoad (98ms)
			ProcessInitializeOnLoadAttributes (466ms)
			ProcessInitializeOnLoadMethodAttributes (32ms)
			AfterProcessingInitializeOnLoad (6ms)
			EditorAssembliesLoaded (0ms)
		ExecutionOrderSort2 (0ms)
		AwakeInstancesAfterBackupRestoration (8ms)
Refreshing native plugins compatible for Editor in 1.18 ms, found 3 plugins.
Preloading 0 native plugins for Editor in 0.00 ms.
Unloading 0 Unused Serialized files (Serialized files now loaded: 0)
Unloading 3669 unused Assets / (1.0 MB). Loaded Objects now: 4160.
Memory consumption went from 82.6 MB to 81.6 MB.
Total: 10.392800 ms (FindLiveObjects: 0.579800 ms CreateObjectMapping: 0.903000 ms MarkObjects: 7.073400 ms  DeleteObjects: 1.834900 ms)

Prepare: number of updated asset objects reloaded= 0
========================================================================
Received Prepare
Begin MonoManager ReloadAssembly
- Loaded All Assemblies, in  0.606 seconds
Refreshing native plugins compatible for Editor in 0.86 ms, found 3 plugins.
Native extension for WindowsStandalone target not found
Mono: successfully reloaded assembly
- Finished resetting the current domain, in  0.673 seconds
Domain Reload Profiling: 1279ms
	BeginReloadAssembly (186ms)
		ExecutionOrderSort (0ms)
		DisableScriptedObjects (5ms)
		BackupInstance (0ms)
		ReleaseScriptingObjects (0ms)
		CreateAndSetChildDomain (52ms)
	RebuildCommonClasses (33ms)
	RebuildNativeTypeToScriptingClass (10ms)
	initialDomainReloadingComplete (31ms)
	LoadAllAssembliesAndSetupDomain (346ms)
		LoadAssemblies (296ms)
		RebuildTransferFunctionScriptingTraits (0ms)
		AnalyzeDomain (142ms)
			TypeCache.Refresh (6ms)
				TypeCache.ScanAssembly (0ms)
			BuildScriptInfoCaches (129ms)
			ResolveRequiredComponents (4ms)
	FinalizeReload (673ms)
		ReleaseScriptCaches (0ms)
		RebuildScriptCaches (0ms)
		SetupLoadedEditorAssemblies (550ms)
			LogAssemblyErrors (0ms)
			InitializePlatformSupportModulesInManaged (2ms)
			SetLoadedEditorAssemblies (3ms)
			BeforeProcessingInitializeOnLoad (92ms)
			ProcessInitializeOnLoadAttributes (414ms)
			ProcessInitializeOnLoadMethodAttributes (31ms)
			AfterProcessingInitializeOnLoad (7ms)
			EditorAssembliesLoaded (0ms)
		ExecutionOrderSort2 (0ms)
		AwakeInstancesAfterBackupRestoration (6ms)
Refreshing native plugins compatible for Editor in 1.10 ms, found 3 plugins.
Preloading 0 native plugins for Editor in 0.00 ms.
Unloading 0 Unused Serialized files (Serialized files now loaded: 0)
Unloading 3669 unused Assets / (0.9 MB). Loaded Objects now: 4160.
Memory consumption went from 82.6 MB to 81.7 MB.
Total: 9.016900 ms (FindLiveObjects: 0.607900 ms CreateObjectMapping: 0.946000 ms MarkObjects: 5.770300 ms  DeleteObjects: 1.690800 ms)

Prepare: number of updated asset objects reloaded= 0
========================================================================
Received Prepare
Begin MonoManager ReloadAssembly
- Loaded All Assemblies, in  0.632 seconds
Refreshing native plugins compatible for Editor in 0.92 ms, found 3 plugins.
Native extension for WindowsStandalone target not found
Mono: successfully reloaded assembly
- Finished resetting the current domain, in  0.684 seconds
Domain Reload Profiling: 1317ms
	BeginReloadAssembly (194ms)
		ExecutionOrderSort (0ms)
		DisableScriptedObjects (5ms)
		BackupInstance (0ms)
		ReleaseScriptingObjects (0ms)
		CreateAndSetChildDomain (52ms)
	RebuildCommonClasses (35ms)
	RebuildNativeTypeToScriptingClass (10ms)
	initialDomainReloadingComplete (31ms)
	LoadAllAssembliesAndSetupDomain (360ms)
		LoadAssemblies (296ms)
		RebuildTransferFunctionScriptingTraits (0ms)
		AnalyzeDomain (165ms)
			TypeCache.Refresh (6ms)
				TypeCache.ScanAssembly (0ms)
			BuildScriptInfoCaches (152ms)
			ResolveRequiredComponents (4ms)
	FinalizeReload (685ms)
		ReleaseScriptCaches (0ms)
		RebuildScriptCaches (0ms)
		SetupLoadedEditorAssemblies (543ms)
			LogAssemblyErrors (0ms)
			InitializePlatformSupportModulesInManaged (2ms)
			SetLoadedEditorAssemblies (2ms)
			BeforeProcessingInitializeOnLoad (89ms)
			ProcessInitializeOnLoadAttributes (411ms)
			ProcessInitializeOnLoadMethodAttributes (32ms)
			AfterProcessingInitializeOnLoad (5ms)
			EditorAssembliesLoaded (0ms)
		ExecutionOrderSort2 (0ms)
		AwakeInstancesAfterBackupRestoration (7ms)
Refreshing native plugins compatible for Editor in 1.40 ms, found 3 plugins.
Preloading 0 native plugins for Editor in 0.00 ms.
Unloading 0 Unused Serialized files (Serialized files now loaded: 0)
Unloading 3669 unused Assets / (1.0 MB). Loaded Objects now: 4160.
Memory consumption went from 82.6 MB to 81.7 MB.
Total: 8.050100 ms (FindLiveObjects: 0.544600 ms CreateObjectMapping: 0.264800 ms MarkObjects: 5.723800 ms  DeleteObjects: 1.515300 ms)

Prepare: number of updated asset objects reloaded= 0
========================================================================
Received Prepare
Begin MonoManager ReloadAssembly
- Loaded All Assemblies, in  0.619 seconds
Refreshing native plugins compatible for Editor in 1.43 ms, found 3 plugins.
Native extension for WindowsStandalone target not found
Mono: successfully reloaded assembly
- Finished resetting the current domain, in  0.713 seconds
Domain Reload Profiling: 1333ms
	BeginReloadAssembly (184ms)
		ExecutionOrderSort (0ms)
		DisableScriptedObjects (6ms)
		BackupInstance (0ms)
		ReleaseScriptingObjects (0ms)
		CreateAndSetChildDomain (52ms)
	RebuildCommonClasses (32ms)
	RebuildNativeTypeToScriptingClass (11ms)
	initialDomainReloadingComplete (32ms)
	LoadAllAssembliesAndSetupDomain (359ms)
		LoadAssemblies (291ms)
		RebuildTransferFunctionScriptingTraits (0ms)
		AnalyzeDomain (157ms)
			TypeCache.Refresh (6ms)
				TypeCache.ScanAssembly (0ms)
			BuildScriptInfoCaches (144ms)
			ResolveRequiredComponents (4ms)
	FinalizeReload (714ms)
		ReleaseScriptCaches (0ms)
		RebuildScriptCaches (0ms)
		SetupLoadedEditorAssemblies (586ms)
			LogAssemblyErrors (0ms)
			InitializePlatformSupportModulesInManaged (2ms)
			SetLoadedEditorAssemblies (2ms)
			BeforeProcessingInitializeOnLoad (86ms)
			ProcessInitializeOnLoadAttributes (458ms)
			ProcessInitializeOnLoadMethodAttributes (31ms)
			AfterProcessingInitializeOnLoad (6ms)
			EditorAssembliesLoaded (0ms)
		ExecutionOrderSort2 (0ms)
		AwakeInstancesAfterBackupRestoration (7ms)
Refreshing native plugins compatible for Editor in 1.30 ms, found 3 plugins.
Preloading 0 native plugins for Editor in 0.00 ms.
Unloading 0 Unused Serialized files (Serialized files now loaded: 0)
Unloading 3669 unused Assets / (0.9 MB). Loaded Objects now: 4160.
Memory consumption went from 82.6 MB to 81.7 MB.
Total: 10.596300 ms (FindLiveObjects: 0.694100 ms CreateObjectMapping: 1.038600 ms MarkObjects: 7.219000 ms  DeleteObjects: 1.643300 ms)

Prepare: number of updated asset objects reloaded= 0
========================================================================
Received Prepare
Begin MonoManager ReloadAssembly
- Loaded All Assemblies, in  0.604 seconds
Refreshing native plugins compatible for Editor in 1.51 ms, found 3 plugins.
Native extension for WindowsStandalone target not found
Mono: successfully reloaded assembly
- Finished resetting the current domain, in  0.731 seconds
Domain Reload Profiling: 1336ms
	BeginReloadAssembly (187ms)
		ExecutionOrderSort (0ms)
		DisableScriptedObjects (5ms)
		BackupInstance (0ms)
		ReleaseScriptingObjects (0ms)
		CreateAndSetChildDomain (51ms)
	RebuildCommonClasses (34ms)
	RebuildNativeTypeToScriptingClass (10ms)
	initialDomainReloadingComplete (30ms)
	LoadAllAssembliesAndSetupDomain (343ms)
		LoadAssemblies (287ms)
		RebuildTransferFunctionScriptingTraits (0ms)
		AnalyzeDomain (149ms)
			TypeCache.Refresh (7ms)
				TypeCache.ScanAssembly (0ms)
			BuildScriptInfoCaches (135ms)
			ResolveRequiredComponents (4ms)
	FinalizeReload (732ms)
		ReleaseScriptCaches (0ms)
		RebuildScriptCaches (0ms)
		SetupLoadedEditorAssemblies (591ms)
			LogAssemblyErrors (0ms)
			InitializePlatformSupportModulesInManaged (2ms)
			SetLoadedEditorAssemblies (4ms)
			BeforeProcessingInitializeOnLoad (91ms)
			ProcessInitializeOnLoadAttributes (456ms)
			ProcessInitializeOnLoadMethodAttributes (31ms)
			AfterProcessingInitializeOnLoad (6ms)
			EditorAssembliesLoaded (0ms)
		ExecutionOrderSort2 (0ms)
		AwakeInstancesAfterBackupRestoration (7ms)
Refreshing native plugins compatible for Editor in 1.14 ms, found 3 plugins.
Preloading 0 native plugins for Editor in 0.00 ms.
Unloading 0 Unused Serialized files (Serialized files now loaded: 0)
Unloading 3669 unused Assets / (0.8 MB). Loaded Objects now: 4160.
Memory consumption went from 82.6 MB to 81.8 MB.
Total: 9.430100 ms (FindLiveObjects: 0.517900 ms CreateObjectMapping: 0.585300 ms MarkObjects: 6.634700 ms  DeleteObjects: 1.690400 ms)

Prepare: number of updated asset objects reloaded= 0
========================================================================
Received Prepare
Begin MonoManager ReloadAssembly
- Loaded All Assemblies, in  0.588 seconds
Refreshing native plugins compatible for Editor in 1.42 ms, found 3 plugins.
Native extension for WindowsStandalone target not found
Mono: successfully reloaded assembly
- Finished resetting the current domain, in  0.704 seconds
Domain Reload Profiling: 1293ms
	BeginReloadAssembly (181ms)
		ExecutionOrderSort (0ms)
		DisableScriptedObjects (5ms)
		BackupInstance (0ms)
		ReleaseScriptingObjects (0ms)
		CreateAndSetChildDomain (48ms)
	RebuildCommonClasses (31ms)
	RebuildNativeTypeToScriptingClass (11ms)
	initialDomainReloadingComplete (30ms)
	LoadAllAssembliesAndSetupDomain (335ms)
		LoadAssemblies (282ms)
		RebuildTransferFunctionScriptingTraits (0ms)
		AnalyzeDomain (141ms)
			TypeCache.Refresh (7ms)
				TypeCache.ScanAssembly (0ms)
			BuildScriptInfoCaches (128ms)
			ResolveRequiredComponents (4ms)
	FinalizeReload (705ms)
		ReleaseScriptCaches (0ms)
		RebuildScriptCaches (0ms)
		SetupLoadedEditorAssemblies (565ms)
			LogAssemblyErrors (0ms)
			InitializePlatformSupportModulesInManaged (2ms)
			SetLoadedEditorAssemblies (3ms)
			BeforeProcessingInitializeOnLoad (94ms)
			ProcessInitializeOnLoadAttributes (429ms)
			ProcessInitializeOnLoadMethodAttributes (29ms)
			AfterProcessingInitializeOnLoad (6ms)
			EditorAssembliesLoaded (0ms)
		ExecutionOrderSort2 (0ms)
		AwakeInstancesAfterBackupRestoration (8ms)
Refreshing native plugins compatible for Editor in 1.10 ms, found 3 plugins.
Preloading 0 native plugins for Editor in 0.00 ms.
Unloading 0 Unused Serialized files (Serialized files now loaded: 0)
Unloading 3669 unused Assets / (1.1 MB). Loaded Objects now: 4160.
Memory consumption went from 82.6 MB to 81.5 MB.
Total: 9.732900 ms (FindLiveObjects: 0.530400 ms CreateObjectMapping: 0.788900 ms MarkObjects: 6.750800 ms  DeleteObjects: 1.661000 ms)

Prepare: number of updated asset objects reloaded= 0
========================================================================
Received Prepare
Begin MonoManager ReloadAssembly
- Loaded All Assemblies, in  0.589 seconds
Refreshing native plugins compatible for Editor in 1.00 ms, found 3 plugins.
Native extension for WindowsStandalone target not found
Mono: successfully reloaded assembly
- Finished resetting the current domain, in  0.661 seconds
Domain Reload Profiling: 1250ms
	BeginReloadAssembly (182ms)
		ExecutionOrderSort (0ms)
		DisableScriptedObjects (5ms)
		BackupInstance (0ms)
		ReleaseScriptingObjects (0ms)
		CreateAndSetChildDomain (50ms)
	RebuildCommonClasses (33ms)
	RebuildNativeTypeToScriptingClass (11ms)
	initialDomainReloadingComplete (30ms)
	LoadAllAssembliesAndSetupDomain (333ms)
		LoadAssemblies (280ms)
		RebuildTransferFunctionScriptingTraits (0ms)
		AnalyzeDomain (142ms)
			TypeCache.Refresh (7ms)
				TypeCache.ScanAssembly (0ms)
			BuildScriptInfoCaches (129ms)
			ResolveRequiredComponents (4ms)
	FinalizeReload (661ms)
		ReleaseScriptCaches (0ms)
		RebuildScriptCaches (0ms)
		SetupLoadedEditorAssemblies (534ms)
			LogAssemblyErrors (0ms)
			InitializePlatformSupportModulesInManaged (2ms)
			SetLoadedEditorAssemblies (2ms)
			BeforeProcessingInitializeOnLoad (85ms)
			ProcessInitializeOnLoadAttributes (409ms)
			ProcessInitializeOnLoadMethodAttributes (29ms)
			AfterProcessingInitializeOnLoad (6ms)
			EditorAssembliesLoaded (0ms)
		ExecutionOrderSort2 (0ms)
		AwakeInstancesAfterBackupRestoration (6ms)
Refreshing native plugins compatible for Editor in 1.15 ms, found 3 plugins.
Preloading 0 native plugins for Editor in 0.00 ms.
Unloading 0 Unused Serialized files (Serialized files now loaded: 0)
Unloading 3669 unused Assets / (0.8 MB). Loaded Objects now: 4160.
Memory consumption went from 82.6 MB to 81.9 MB.
Total: 7.194000 ms (FindLiveObjects: 0.536200 ms CreateObjectMapping: 0.368700 ms MarkObjects: 4.616800 ms  DeleteObjects: 1.670300 ms)

Prepare: number of updated asset objects reloaded= 0
========================================================================
Received Prepare
Begin MonoManager ReloadAssembly
- Loaded All Assemblies, in  0.598 seconds
Refreshing native plugins compatible for Editor in 0.87 ms, found 3 plugins.
Native extension for WindowsStandalone target not found
Mono: successfully reloaded assembly
- Finished resetting the current domain, in  0.754 seconds
Domain Reload Profiling: 1352ms
	BeginReloadAssembly (185ms)
		ExecutionOrderSort (0ms)
		DisableScriptedObjects (6ms)
		BackupInstance (0ms)
		ReleaseScriptingObjects (0ms)
		CreateAndSetChildDomain (54ms)
	RebuildCommonClasses (33ms)
	RebuildNativeTypeToScriptingClass (11ms)
	initialDomainReloadingComplete (31ms)
	LoadAllAssembliesAndSetupDomain (339ms)
		LoadAssemblies (284ms)
		RebuildTransferFunctionScriptingTraits (0ms)
		AnalyzeDomain (143ms)
			TypeCache.Refresh (6ms)
				TypeCache.ScanAssembly (0ms)
			BuildScriptInfoCaches (130ms)
			ResolveRequiredComponents (4ms)
	FinalizeReload (754ms)
		ReleaseScriptCaches (0ms)
		RebuildScriptCaches (0ms)
		SetupLoadedEditorAssemblies (604ms)
			LogAssemblyErrors (0ms)
			InitializePlatformSupportModulesInManaged (3ms)
			SetLoadedEditorAssemblies (3ms)
			BeforeProcessingInitializeOnLoad (101ms)
			ProcessInitializeOnLoadAttributes (462ms)
			ProcessInitializeOnLoadMethodAttributes (29ms)
			AfterProcessingInitializeOnLoad (6ms)
			EditorAssembliesLoaded (0ms)
		ExecutionOrderSort2 (0ms)
		AwakeInstancesAfterBackupRestoration (8ms)
Refreshing native plugins compatible for Editor in 1.03 ms, found 3 plugins.
Preloading 0 native plugins for Editor in 0.00 ms.
Unloading 0 Unused Serialized files (Serialized files now loaded: 0)
Unloading 3669 unused Assets / (1.1 MB). Loaded Objects now: 4160.
Memory consumption went from 82.6 MB to 81.6 MB.
Total: 9.846100 ms (FindLiveObjects: 0.698300 ms CreateObjectMapping: 0.691100 ms MarkObjects: 6.643000 ms  DeleteObjects: 1.811000 ms)

Prepare: number of updated asset objects reloaded= 0
========================================================================
Received Prepare
Begin MonoManager ReloadAssembly
- Loaded All Assemblies, in  0.610 seconds
Refreshing native plugins compatible for Editor in 1.45 ms, found 3 plugins.
Native extension for WindowsStandalone target not found
Mono: successfully reloaded assembly
- Finished resetting the current domain, in  0.732 seconds
Domain Reload Profiling: 1342ms
	BeginReloadAssembly (182ms)
		ExecutionOrderSort (0ms)
		DisableScriptedObjects (5ms)
		BackupInstance (0ms)
		ReleaseScriptingObjects (0ms)
		CreateAndSetChildDomain (51ms)
	RebuildCommonClasses (31ms)
	RebuildNativeTypeToScriptingClass (11ms)
	initialDomainReloadingComplete (31ms)
	LoadAllAssembliesAndSetupDomain (354ms)
		LoadAssemblies (288ms)
		RebuildTransferFunctionScriptingTraits (0ms)
		AnalyzeDomain (154ms)
			TypeCache.Refresh (6ms)
				TypeCache.ScanAssembly (0ms)
			BuildScriptInfoCaches (141ms)
			ResolveRequiredComponents (4ms)
	FinalizeReload (732ms)
		ReleaseScriptCaches (0ms)
		RebuildScriptCaches (0ms)
		SetupLoadedEditorAssemblies (601ms)
			LogAssemblyErrors (0ms)
			InitializePlatformSupportModulesInManaged (2ms)
			SetLoadedEditorAssemblies (3ms)
			BeforeProcessingInitializeOnLoad (89ms)
			ProcessInitializeOnLoadAttributes (468ms)
			ProcessInitializeOnLoadMethodAttributes (33ms)
			AfterProcessingInitializeOnLoad (7ms)
			EditorAssembliesLoaded (0ms)
		ExecutionOrderSort2 (0ms)
		AwakeInstancesAfterBackupRestoration (7ms)
Refreshing native plugins compatible for Editor in 1.26 ms, found 3 plugins.
Preloading 0 native plugins for Editor in 0.00 ms.
Unloading 0 Unused Serialized files (Serialized files now loaded: 0)
Unloading 3669 unused Assets / (1.2 MB). Loaded Objects now: 4160.
Memory consumption went from 82.6 MB to 81.5 MB.
Total: 11.051700 ms (FindLiveObjects: 0.735900 ms CreateObjectMapping: 0.964400 ms MarkObjects: 7.486200 ms  DeleteObjects: 1.862700 ms)

Prepare: number of updated asset objects reloaded= 0
========================================================================
Received Prepare
Begin MonoManager ReloadAssembly
- Loaded All Assemblies, in  0.593 seconds
Refreshing native plugins compatible for Editor in 1.01 ms, found 3 plugins.
Native extension for WindowsStandalone target not found
Mono: successfully reloaded assembly
- Finished resetting the current domain, in  0.668 seconds
Domain Reload Profiling: 1261ms
	BeginReloadAssembly (184ms)
		ExecutionOrderSort (0ms)
		DisableScriptedObjects (5ms)
		BackupInstance (0ms)
		ReleaseScriptingObjects (0ms)
		CreateAndSetChildDomain (51ms)
	RebuildCommonClasses (32ms)
	RebuildNativeTypeToScriptingClass (10ms)
	initialDomainReloadingComplete (30ms)
	LoadAllAssembliesAndSetupDomain (336ms)
		LoadAssemblies (288ms)
		RebuildTransferFunctionScriptingTraits (0ms)
		AnalyzeDomain (140ms)
			TypeCache.Refresh (6ms)
				TypeCache.ScanAssembly (0ms)
			BuildScriptInfoCaches (127ms)
			ResolveRequiredComponents (4ms)
	FinalizeReload (668ms)
		ReleaseScriptCaches (0ms)
		RebuildScriptCaches (0ms)
		SetupLoadedEditorAssemblies (539ms)
			LogAssemblyErrors (0ms)
			InitializePlatformSupportModulesInManaged (2ms)
			SetLoadedEditorAssemblies (2ms)
			BeforeProcessingInitializeOnLoad (89ms)
			ProcessInitializeOnLoadAttributes (412ms)
			ProcessInitializeOnLoadMethodAttributes (27ms)
			AfterProcessingInitializeOnLoad (6ms)
			EditorAssembliesLoaded (0ms)
		ExecutionOrderSort2 (0ms)
		AwakeInstancesAfterBackupRestoration (6ms)
Refreshing native plugins compatible for Editor in 1.37 ms, found 3 plugins.
Preloading 0 native plugins for Editor in 0.00 ms.
Unloading 0 Unused Serialized files (Serialized files now loaded: 0)
Unloading 3669 unused Assets / (0.9 MB). Loaded Objects now: 4160.
Memory consumption went from 82.6 MB to 81.7 MB.
Total: 9.408900 ms (FindLiveObjects: 0.492700 ms CreateObjectMapping: 0.296900 ms MarkObjects: 7.375600 ms  DeleteObjects: 1.241900 ms)

Prepare: number of updated asset objects reloaded= 0
========================================================================
Received Prepare
Begin MonoManager ReloadAssembly
- Loaded All Assemblies, in  0.592 seconds
Refreshing native plugins compatible for Editor in 0.99 ms, found 3 plugins.
Native extension for WindowsStandalone target not found
Mono: successfully reloaded assembly
- Finished resetting the current domain, in  0.708 seconds
Domain Reload Profiling: 1301ms
	BeginReloadAssembly (182ms)
		ExecutionOrderSort (0ms)
		DisableScriptedObjects (6ms)
		BackupInstance (0ms)
		ReleaseScriptingObjects (0ms)
		CreateAndSetChildDomain (49ms)
	RebuildCommonClasses (33ms)
	RebuildNativeTypeToScriptingClass (10ms)
	initialDomainReloadingComplete (31ms)
	LoadAllAssembliesAndSetupDomain (336ms)
		LoadAssemblies (287ms)
		RebuildTransferFunctionScriptingTraits (0ms)
		AnalyzeDomain (141ms)
			TypeCache.Refresh (6ms)
				TypeCache.ScanAssembly (0ms)
			BuildScriptInfoCaches (128ms)
			ResolveRequiredComponents (4ms)
	FinalizeReload (709ms)
		ReleaseScriptCaches (0ms)
		RebuildScriptCaches (0ms)
		SetupLoadedEditorAssemblies (569ms)
			LogAssemblyErrors (0ms)
			InitializePlatformSupportModulesInManaged (2ms)
			SetLoadedEditorAssemblies (3ms)
			BeforeProcessingInitializeOnLoad (94ms)
			ProcessInitializeOnLoadAttributes (435ms)
			ProcessInitializeOnLoadMethodAttributes (29ms)
			AfterProcessingInitializeOnLoad (6ms)
			EditorAssembliesLoaded (0ms)
		ExecutionOrderSort2 (0ms)
		AwakeInstancesAfterBackupRestoration (7ms)
Refreshing native plugins compatible for Editor in 1.33 ms, found 3 plugins.
Preloading 0 native plugins for Editor in 0.00 ms.
Unloading 0 Unused Serialized files (Serialized files now loaded: 0)
Unloading 3669 unused Assets / (0.9 MB). Loaded Objects now: 4160.
Memory consumption went from 82.6 MB to 81.7 MB.
Total: 11.125000 ms (FindLiveObjects: 0.653800 ms CreateObjectMapping: 0.654900 ms MarkObjects: 8.432700 ms  DeleteObjects: 1.382200 ms)

Prepare: number of updated asset objects reloaded= 0
========================================================================
Received Prepare
Begin MonoManager ReloadAssembly
- Loaded All Assemblies, in  0.610 seconds
Refreshing native plugins compatible for Editor in 0.95 ms, found 3 plugins.
Native extension for WindowsStandalone target not found
Mono: successfully reloaded assembly
- Finished resetting the current domain, in  0.701 seconds
Domain Reload Profiling: 1312ms
	BeginReloadAssembly (193ms)
		ExecutionOrderSort (0ms)
		DisableScriptedObjects (6ms)
		BackupInstance (0ms)
		ReleaseScriptingObjects (0ms)
		CreateAndSetChildDomain (50ms)
	RebuildCommonClasses (33ms)
	RebuildNativeTypeToScriptingClass (11ms)
	initialDomainReloadingComplete (34ms)
	LoadAllAssembliesAndSetupDomain (340ms)
		LoadAssemblies (296ms)
		RebuildTransferFunctionScriptingTraits (0ms)
		AnalyzeDomain (144ms)
			TypeCache.Refresh (7ms)
				TypeCache.ScanAssembly (0ms)
			BuildScriptInfoCaches (130ms)
			ResolveRequiredComponents (4ms)
	FinalizeReload (701ms)
		ReleaseScriptCaches (0ms)
		RebuildScriptCaches (0ms)
		SetupLoadedEditorAssemblies (567ms)
			LogAssemblyErrors (0ms)
			InitializePlatformSupportModulesInManaged (2ms)
			SetLoadedEditorAssemblies (2ms)
			BeforeProcessingInitializeOnLoad (90ms)
			ProcessInitializeOnLoadAttributes (437ms)
			ProcessInitializeOnLoadMethodAttributes (28ms)
			AfterProcessingInitializeOnLoad (6ms)
			EditorAssembliesLoaded (0ms)
		ExecutionOrderSort2 (0ms)
		AwakeInstancesAfterBackupRestoration (7ms)
Refreshing native plugins compatible for Editor in 1.29 ms, found 3 plugins.
Preloading 0 native plugins for Editor in 0.00 ms.
Unloading 0 Unused Serialized files (Serialized files now loaded: 0)
Unloading 3669 unused Assets / (0.9 MB). Loaded Objects now: 4160.
Memory consumption went from 82.6 MB to 81.7 MB.
Total: 9.784800 ms (FindLiveObjects: 0.878400 ms CreateObjectMapping: 0.983400 ms MarkObjects: 6.461800 ms  DeleteObjects: 1.459500 ms)

Prepare: number of updated asset objects reloaded= 0
========================================================================
Received Prepare
Begin MonoManager ReloadAssembly
- Loaded All Assemblies, in  0.606 seconds
Refreshing native plugins compatible for Editor in 0.93 ms, found 3 plugins.
Native extension for WindowsStandalone target not found
Mono: successfully reloaded assembly
- Finished resetting the current domain, in  0.724 seconds
Domain Reload Profiling: 1331ms
	BeginReloadAssembly (186ms)
		ExecutionOrderSort (0ms)
		DisableScriptedObjects (5ms)
		BackupInstance (0ms)
		ReleaseScriptingObjects (0ms)
		CreateAndSetChildDomain (51ms)
	RebuildCommonClasses (33ms)
	RebuildNativeTypeToScriptingClass (11ms)
	initialDomainReloadingComplete (30ms)
	LoadAllAssembliesAndSetupDomain (346ms)
		LoadAssemblies (286ms)
		RebuildTransferFunctionScriptingTraits (0ms)
		AnalyzeDomain (152ms)
			TypeCache.Refresh (7ms)
				TypeCache.ScanAssembly (0ms)
			BuildScriptInfoCaches (135ms)
			ResolveRequiredComponents (6ms)
	FinalizeReload (725ms)
		ReleaseScriptCaches (0ms)
		RebuildScriptCaches (0ms)
		SetupLoadedEditorAssemblies (590ms)
			LogAssemblyErrors (0ms)
			InitializePlatformSupportModulesInManaged (2ms)
			SetLoadedEditorAssemblies (2ms)
			BeforeProcessingInitializeOnLoad (86ms)
			ProcessInitializeOnLoadAttributes (463ms)
			ProcessInitializeOnLoadMethodAttributes (31ms)
			AfterProcessingInitializeOnLoad (5ms)
			EditorAssembliesLoaded (0ms)
		ExecutionOrderSort2 (0ms)
		AwakeInstancesAfterBackupRestoration (8ms)
Refreshing native plugins compatible for Editor in 1.17 ms, found 3 plugins.
Preloading 0 native plugins for Editor in 0.00 ms.
Unloading 0 Unused Serialized files (Serialized files now loaded: 0)
Unloading 3669 unused Assets / (0.9 MB). Loaded Objects now: 4160.
Memory consumption went from 82.6 MB to 81.7 MB.
Total: 9.043000 ms (FindLiveObjects: 0.647500 ms CreateObjectMapping: 0.496100 ms MarkObjects: 6.210400 ms  DeleteObjects: 1.687200 ms)

Prepare: number of updated asset objects reloaded= 0
========================================================================
Received Prepare
Begin MonoManager ReloadAssembly
- Loaded All Assemblies, in  0.612 seconds
Refreshing native plugins compatible for Editor in 0.92 ms, found 3 plugins.
Native extension for WindowsStandalone target not found
Mono: successfully reloaded assembly
- Finished resetting the current domain, in  0.678 seconds
Domain Reload Profiling: 1290ms
	BeginReloadAssembly (183ms)
		ExecutionOrderSort (0ms)
		DisableScriptedObjects (5ms)
		BackupInstance (0ms)
		ReleaseScriptingObjects (0ms)
		CreateAndSetChildDomain (50ms)
	RebuildCommonClasses (31ms)
	RebuildNativeTypeToScriptingClass (11ms)
	initialDomainReloadingComplete (31ms)
	LoadAllAssembliesAndSetupDomain (356ms)
		LoadAssemblies (288ms)
		RebuildTransferFunctionScriptingTraits (0ms)
		AnalyzeDomain (157ms)
			TypeCache.Refresh (7ms)
				TypeCache.ScanAssembly (0ms)
			BuildScriptInfoCaches (143ms)
			ResolveRequiredComponents (4ms)
	FinalizeReload (678ms)
		ReleaseScriptCaches (0ms)
		RebuildScriptCaches (0ms)
		SetupLoadedEditorAssemblies (545ms)
			LogAssemblyErrors (0ms)
			InitializePlatformSupportModulesInManaged (2ms)
			SetLoadedEditorAssemblies (2ms)
			BeforeProcessingInitializeOnLoad (90ms)
			ProcessInitializeOnLoadAttributes (413ms)
			ProcessInitializeOnLoadMethodAttributes (31ms)
			AfterProcessingInitializeOnLoad (6ms)
			EditorAssembliesLoaded (0ms)
		ExecutionOrderSort2 (0ms)
		AwakeInstancesAfterBackupRestoration (7ms)
Refreshing native plugins compatible for Editor in 1.18 ms, found 3 plugins.
Preloading 0 native plugins for Editor in 0.00 ms.
Unloading 0 Unused Serialized files (Serialized files now loaded: 0)
Unloading 3669 unused Assets / (1.2 MB). Loaded Objects now: 4160.
Memory consumption went from 82.6 MB to 81.5 MB.
Total: 9.780900 ms (FindLiveObjects: 0.632100 ms CreateObjectMapping: 0.854300 ms MarkObjects: 6.404700 ms  DeleteObjects: 1.888200 ms)

Prepare: number of updated asset objects reloaded= 0
========================================================================
Received Prepare
Begin MonoManager ReloadAssembly
- Loaded All Assemblies, in  0.621 seconds
Refreshing native plugins compatible for Editor in 0.84 ms, found 3 plugins.
Native extension for WindowsStandalone target not found
Mono: successfully reloaded assembly
- Finished resetting the current domain, in  0.684 seconds
Domain Reload Profiling: 1305ms
	BeginReloadAssembly (183ms)
		ExecutionOrderSort (0ms)
		DisableScriptedObjects (6ms)
		BackupInstance (0ms)
		ReleaseScriptingObjects (0ms)
		CreateAndSetChildDomain (49ms)
	RebuildCommonClasses (32ms)
	RebuildNativeTypeToScriptingClass (10ms)
	initialDomainReloadingComplete (33ms)
	LoadAllAssembliesAndSetupDomain (364ms)
		LoadAssemblies (298ms)
		RebuildTransferFunctionScriptingTraits (0ms)
		AnalyzeDomain (157ms)
			TypeCache.Refresh (6ms)
				TypeCache.ScanAssembly (0ms)
			BuildScriptInfoCaches (143ms)
			ResolveRequiredComponents (4ms)
	FinalizeReload (684ms)
		ReleaseScriptCaches (0ms)
		RebuildScriptCaches (0ms)
		SetupLoadedEditorAssemblies (556ms)
			LogAssemblyErrors (0ms)
			InitializePlatformSupportModulesInManaged (2ms)
			SetLoadedEditorAssemblies (3ms)
			BeforeProcessingInitializeOnLoad (93ms)
			ProcessInitializeOnLoadAttributes (417ms)
			ProcessInitializeOnLoadMethodAttributes (33ms)
			AfterProcessingInitializeOnLoad (7ms)
			EditorAssembliesLoaded (0ms)
		ExecutionOrderSort2 (0ms)
		AwakeInstancesAfterBackupRestoration (7ms)
Refreshing native plugins compatible for Editor in 1.13 ms, found 3 plugins.
Preloading 0 native plugins for Editor in 0.00 ms.
Unloading 0 Unused Serialized files (Serialized files now loaded: 0)
Unloading 3669 unused Assets / (1.1 MB). Loaded Objects now: 4160.
Memory consumption went from 82.6 MB to 81.5 MB.
Total: 8.318800 ms (FindLiveObjects: 0.746900 ms CreateObjectMapping: 0.283000 ms MarkObjects: 5.622700 ms  DeleteObjects: 1.664700 ms)

Prepare: number of updated asset objects reloaded= 0
========================================================================
Received Prepare
Begin MonoManager ReloadAssembly
- Loaded All Assemblies, in  0.609 seconds
Refreshing native plugins compatible for Editor in 1.37 ms, found 3 plugins.
Native extension for WindowsStandalone target not found
Mono: successfully reloaded assembly
- Finished resetting the current domain, in  0.697 seconds
Domain Reload Profiling: 1307ms
	BeginReloadAssembly (181ms)
		ExecutionOrderSort (0ms)
		DisableScriptedObjects (5ms)
		BackupInstance (0ms)
		ReleaseScriptingObjects (0ms)
		CreateAndSetChildDomain (49ms)
	RebuildCommonClasses (31ms)
	RebuildNativeTypeToScriptingClass (10ms)
	initialDomainReloadingComplete (34ms)
	LoadAllAssembliesAndSetupDomain (353ms)
		LoadAssemblies (288ms)
		RebuildTransferFunctionScriptingTraits (0ms)
		AnalyzeDomain (155ms)
			TypeCache.Refresh (6ms)
				TypeCache.ScanAssembly (0ms)
			BuildScriptInfoCaches (138ms)
			ResolveRequiredComponents (7ms)
	FinalizeReload (698ms)
		ReleaseScriptCaches (0ms)
		RebuildScriptCaches (0ms)
		SetupLoadedEditorAssemblies (566ms)
			LogAssemblyErrors (0ms)
			InitializePlatformSupportModulesInManaged (2ms)
			SetLoadedEditorAssemblies (2ms)
			BeforeProcessingInitializeOnLoad (85ms)
			ProcessInitializeOnLoadAttributes (439ms)
			ProcessInitializeOnLoadMethodAttributes (29ms)
			AfterProcessingInitializeOnLoad (7ms)
			EditorAssembliesLoaded (0ms)
		ExecutionOrderSort2 (0ms)
		AwakeInstancesAfterBackupRestoration (7ms)
Refreshing native plugins compatible for Editor in 1.30 ms, found 3 plugins.
Preloading 0 native plugins for Editor in 0.00 ms.
Unloading 0 Unused Serialized files (Serialized files now loaded: 0)
Unloading 3669 unused Assets / (1.0 MB). Loaded Objects now: 4160.
Memory consumption went from 82.7 MB to 81.6 MB.
Total: 7.875500 ms (FindLiveObjects: 0.627100 ms CreateObjectMapping: 0.306700 ms MarkObjects: 5.376700 ms  DeleteObjects: 1.562900 ms)

Prepare: number of updated asset objects reloaded= 0
========================================================================
Received Prepare
Begin MonoManager ReloadAssembly
- Loaded All Assemblies, in  0.617 seconds
Refreshing native plugins compatible for Editor in 0.93 ms, found 3 plugins.
Native extension for WindowsStandalone target not found
Mono: successfully reloaded assembly
- Finished resetting the current domain, in  0.708 seconds
Domain Reload Profiling: 1326ms
	BeginReloadAssembly (183ms)
		ExecutionOrderSort (0ms)
		DisableScriptedObjects (5ms)
		BackupInstance (0ms)
		ReleaseScriptingObjects (0ms)
		CreateAndSetChildDomain (53ms)
	RebuildCommonClasses (35ms)
	RebuildNativeTypeToScriptingClass (13ms)
	initialDomainReloadingComplete (31ms)
	LoadAllAssembliesAndSetupDomain (355ms)
		LoadAssemblies (287ms)
		RebuildTransferFunctionScriptingTraits (0ms)
		AnalyzeDomain (155ms)
			TypeCache.Refresh (7ms)
				TypeCache.ScanAssembly (0ms)
			BuildScriptInfoCaches (139ms)
			ResolveRequiredComponents (5ms)
	FinalizeReload (709ms)
		ReleaseScriptCaches (0ms)
		RebuildScriptCaches (0ms)
		SetupLoadedEditorAssemblies (566ms)
			LogAssemblyErrors (0ms)
			InitializePlatformSupportModulesInManaged (2ms)
			SetLoadedEditorAssemblies (2ms)
			BeforeProcessingInitializeOnLoad (88ms)
			ProcessInitializeOnLoadAttributes (436ms)
			ProcessInitializeOnLoadMethodAttributes (32ms)
			AfterProcessingInitializeOnLoad (6ms)
			EditorAssembliesLoaded (0ms)
		ExecutionOrderSort2 (0ms)
		AwakeInstancesAfterBackupRestoration (7ms)
Refreshing native plugins compatible for Editor in 1.81 ms, found 3 plugins.
Preloading 0 native plugins for Editor in 0.00 ms.
Unloading 0 Unused Serialized files (Serialized files now loaded: 0)
Unloading 3669 unused Assets / (0.9 MB). Loaded Objects now: 4160.
Memory consumption went from 82.7 MB to 81.7 MB.
Total: 8.596200 ms (FindLiveObjects: 0.544700 ms CreateObjectMapping: 0.290700 ms MarkObjects: 6.207500 ms  DeleteObjects: 1.551700 ms)

Prepare: number of updated asset objects reloaded= 0
========================================================================
Received Prepare
Begin MonoManager ReloadAssembly
- Loaded All Assemblies, in  0.637 seconds
Refreshing native plugins compatible for Editor in 1.40 ms, found 3 plugins.
Native extension for WindowsStandalone target not found
Mono: successfully reloaded assembly
- Finished resetting the current domain, in  0.736 seconds
Domain Reload Profiling: 1374ms
	BeginReloadAssembly (191ms)
		ExecutionOrderSort (0ms)
		DisableScriptedObjects (5ms)
		BackupInstance (0ms)
		ReleaseScriptingObjects (0ms)
		CreateAndSetChildDomain (50ms)
	RebuildCommonClasses (31ms)
	RebuildNativeTypeToScriptingClass (11ms)
	initialDomainReloadingComplete (33ms)
	LoadAllAssembliesAndSetupDomain (370ms)
		LoadAssemblies (304ms)
		RebuildTransferFunctionScriptingTraits (0ms)
		AnalyzeDomain (165ms)
			TypeCache.Refresh (7ms)
				TypeCache.ScanAssembly (0ms)
			BuildScriptInfoCaches (151ms)
			ResolveRequiredComponents (4ms)
	FinalizeReload (737ms)
		ReleaseScriptCaches (0ms)
		RebuildScriptCaches (0ms)
		SetupLoadedEditorAssemblies (602ms)
			LogAssemblyErrors (0ms)
			InitializePlatformSupportModulesInManaged (2ms)
			SetLoadedEditorAssemblies (3ms)
			BeforeProcessingInitializeOnLoad (106ms)
			ProcessInitializeOnLoadAttributes (459ms)
			ProcessInitializeOnLoadMethodAttributes (26ms)
			AfterProcessingInitializeOnLoad (5ms)
			EditorAssembliesLoaded (0ms)
		ExecutionOrderSort2 (0ms)
		AwakeInstancesAfterBackupRestoration (8ms)
Refreshing native plugins compatible for Editor in 1.30 ms, found 3 plugins.
Preloading 0 native plugins for Editor in 0.00 ms.
Unloading 0 Unused Serialized files (Serialized files now loaded: 0)
Unloading 3669 unused Assets / (1.0 MB). Loaded Objects now: 4160.
Memory consumption went from 82.7 MB to 81.7 MB.
Total: 8.140500 ms (FindLiveObjects: 0.628100 ms CreateObjectMapping: 0.371500 ms MarkObjects: 5.587100 ms  DeleteObjects: 1.552200 ms)

Prepare: number of updated asset objects reloaded= 0
========================================================================
Received Prepare
Begin MonoManager ReloadAssembly
- Loaded All Assemblies, in  0.615 seconds
Refreshing native plugins compatible for Editor in 0.99 ms, found 3 plugins.
Native extension for WindowsStandalone target not found
Mono: successfully reloaded assembly
- Finished resetting the current domain, in  0.685 seconds
Domain Reload Profiling: 1301ms
	BeginReloadAssembly (187ms)
		ExecutionOrderSort (0ms)
		DisableScriptedObjects (7ms)
		BackupInstance (0ms)
		ReleaseScriptingObjects (0ms)
		CreateAndSetChildDomain (52ms)
	RebuildCommonClasses (32ms)
	RebuildNativeTypeToScriptingClass (11ms)
	initialDomainReloadingComplete (30ms)
	LoadAllAssembliesAndSetupDomain (354ms)
		LoadAssemblies (296ms)
		RebuildTransferFunctionScriptingTraits (0ms)
		AnalyzeDomain (150ms)
			TypeCache.Refresh (7ms)
				TypeCache.ScanAssembly (0ms)
			BuildScriptInfoCaches (136ms)
			ResolveRequiredComponents (4ms)
	FinalizeReload (686ms)
		ReleaseScriptCaches (0ms)
		RebuildScriptCaches (0ms)
		SetupLoadedEditorAssemblies (558ms)
			LogAssemblyErrors (0ms)
			InitializePlatformSupportModulesInManaged (2ms)
			SetLoadedEditorAssemblies (3ms)
			BeforeProcessingInitializeOnLoad (94ms)
			ProcessInitializeOnLoadAttributes (421ms)
			ProcessInitializeOnLoadMethodAttributes (32ms)
			AfterProcessingInitializeOnLoad (6ms)
			EditorAssembliesLoaded (0ms)
		ExecutionOrderSort2 (0ms)
		AwakeInstancesAfterBackupRestoration (7ms)
Refreshing native plugins compatible for Editor in 1.47 ms, found 3 plugins.
Preloading 0 native plugins for Editor in 0.00 ms.
Unloading 0 Unused Serialized files (Serialized files now loaded: 0)
Unloading 3669 unused Assets / (1.1 MB). Loaded Objects now: 4160.
Memory consumption went from 82.7 MB to 81.6 MB.
Total: 8.883600 ms (FindLiveObjects: 0.731300 ms CreateObjectMapping: 0.546600 ms MarkObjects: 5.823500 ms  DeleteObjects: 1.780100 ms)

Prepare: number of updated asset objects reloaded= 0
========================================================================
Received Prepare
Begin MonoManager ReloadAssembly
- Loaded All Assemblies, in  0.601 seconds
Refreshing native plugins compatible for Editor in 0.99 ms, found 3 plugins.
Native extension for WindowsStandalone target not found
Mono: successfully reloaded assembly
- Finished resetting the current domain, in  0.708 seconds
Domain Reload Profiling: 1310ms
	BeginReloadAssembly (179ms)
		ExecutionOrderSort (0ms)
		DisableScriptedObjects (5ms)
		BackupInstance (0ms)
		ReleaseScriptingObjects (0ms)
		CreateAndSetChildDomain (48ms)
	RebuildCommonClasses (31ms)
	RebuildNativeTypeToScriptingClass (11ms)
	initialDomainReloadingComplete (32ms)
	LoadAllAssembliesAndSetupDomain (348ms)
		LoadAssemblies (292ms)
		RebuildTransferFunctionScriptingTraits (0ms)
		AnalyzeDomain (145ms)
			TypeCache.Refresh (6ms)
				TypeCache.ScanAssembly (0ms)
			BuildScriptInfoCaches (132ms)
			ResolveRequiredComponents (4ms)
	FinalizeReload (709ms)
		ReleaseScriptCaches (0ms)
		RebuildScriptCaches (0ms)
		SetupLoadedEditorAssemblies (576ms)
			LogAssemblyErrors (0ms)
			InitializePlatformSupportModulesInManaged (3ms)
			SetLoadedEditorAssemblies (3ms)
			BeforeProcessingInitializeOnLoad (89ms)
			ProcessInitializeOnLoadAttributes (447ms)
			ProcessInitializeOnLoadMethodAttributes (27ms)
			AfterProcessingInitializeOnLoad (6ms)
			EditorAssembliesLoaded (0ms)
		ExecutionOrderSort2 (0ms)
		AwakeInstancesAfterBackupRestoration (8ms)
Refreshing native plugins compatible for Editor in 1.37 ms, found 3 plugins.
Preloading 0 native plugins for Editor in 0.00 ms.
Unloading 0 Unused Serialized files (Serialized files now loaded: 0)
Unloading 3669 unused Assets / (1.2 MB). Loaded Objects now: 4160.
Memory consumption went from 82.7 MB to 81.5 MB.
Total: 8.422300 ms (FindLiveObjects: 0.563000 ms CreateObjectMapping: 0.468000 ms MarkObjects: 5.677500 ms  DeleteObjects: 1.711500 ms)

Prepare: number of updated asset objects reloaded= 0
========================================================================
Received Prepare
Begin MonoManager ReloadAssembly
- Loaded All Assemblies, in  0.660 seconds
Refreshing native plugins compatible for Editor in 1.10 ms, found 3 plugins.
Native extension for WindowsStandalone target not found
Mono: successfully reloaded assembly
- Finished resetting the current domain, in  0.710 seconds
Domain Reload Profiling: 1370ms
	BeginReloadAssembly (191ms)
		ExecutionOrderSort (0ms)
		DisableScriptedObjects (6ms)
		BackupInstance (0ms)
		ReleaseScriptingObjects (0ms)
		CreateAndSetChildDomain (50ms)
	RebuildCommonClasses (34ms)
	RebuildNativeTypeToScriptingClass (14ms)
	initialDomainReloadingComplete (33ms)
	LoadAllAssembliesAndSetupDomain (387ms)
		LoadAssemblies (333ms)
		RebuildTransferFunctionScriptingTraits (0ms)
		AnalyzeDomain (153ms)
			TypeCache.Refresh (6ms)
				TypeCache.ScanAssembly (0ms)
			BuildScriptInfoCaches (140ms)
			ResolveRequiredComponents (4ms)
	FinalizeReload (711ms)
		ReleaseScriptCaches (0ms)
		RebuildScriptCaches (0ms)
		SetupLoadedEditorAssemblies (580ms)
			LogAssemblyErrors (0ms)
			InitializePlatformSupportModulesInManaged (2ms)
			SetLoadedEditorAssemblies (3ms)
			BeforeProcessingInitializeOnLoad (96ms)
			ProcessInitializeOnLoadAttributes (445ms)
			ProcessInitializeOnLoadMethodAttributes (28ms)
			AfterProcessingInitializeOnLoad (5ms)
			EditorAssembliesLoaded (0ms)
		ExecutionOrderSort2 (0ms)
		AwakeInstancesAfterBackupRestoration (6ms)
Refreshing native plugins compatible for Editor in 1.08 ms, found 3 plugins.
Preloading 0 native plugins for Editor in 0.00 ms.
Unloading 0 Unused Serialized files (Serialized files now loaded: 0)
Unloading 3669 unused Assets / (1.0 MB). Loaded Objects now: 4160.
Memory consumption went from 82.7 MB to 81.7 MB.
Total: 9.957800 ms (FindLiveObjects: 0.591100 ms CreateObjectMapping: 0.811500 ms MarkObjects: 6.854600 ms  DeleteObjects: 1.698900 ms)

Prepare: number of updated asset objects reloaded= 0
========================================================================
Received Prepare
Begin MonoManager ReloadAssembly
- Loaded All Assemblies, in  0.604 seconds
Refreshing native plugins compatible for Editor in 0.79 ms, found 3 plugins.
Native extension for WindowsStandalone target not found
Mono: successfully reloaded assembly
- Finished resetting the current domain, in  0.668 seconds
Domain Reload Profiling: 1273ms
	BeginReloadAssembly (184ms)
		ExecutionOrderSort (0ms)
		DisableScriptedObjects (5ms)
		BackupInstance (0ms)
		ReleaseScriptingObjects (0ms)
		CreateAndSetChildDomain (52ms)
	RebuildCommonClasses (39ms)
	RebuildNativeTypeToScriptingClass (11ms)
	initialDomainReloadingComplete (30ms)
	LoadAllAssembliesAndSetupDomain (340ms)
		LoadAssemblies (282ms)
		RebuildTransferFunctionScriptingTraits (0ms)
		AnalyzeDomain (148ms)
			TypeCache.Refresh (7ms)
				TypeCache.ScanAssembly (0ms)
			BuildScriptInfoCaches (134ms)
			ResolveRequiredComponents (4ms)
	FinalizeReload (669ms)
		ReleaseScriptCaches (0ms)
		RebuildScriptCaches (0ms)
		SetupLoadedEditorAssemblies (531ms)
			LogAssemblyErrors (0ms)
			InitializePlatformSupportModulesInManaged (3ms)
			SetLoadedEditorAssemblies (3ms)
			BeforeProcessingInitializeOnLoad (86ms)
			ProcessInitializeOnLoadAttributes (408ms)
			ProcessInitializeOnLoadMethodAttributes (26ms)
			AfterProcessingInitializeOnLoad (6ms)
			EditorAssembliesLoaded (0ms)
		ExecutionOrderSort2 (0ms)
		AwakeInstancesAfterBackupRestoration (8ms)
Refreshing native plugins compatible for Editor in 1.19 ms, found 3 plugins.
Preloading 0 native plugins for Editor in 0.00 ms.
Unloading 0 Unused Serialized files (Serialized files now loaded: 0)
Unloading 3669 unused Assets / (1.2 MB). Loaded Objects now: 4160.
Memory consumption went from 82.7 MB to 81.4 MB.
Total: 10.196800 ms (FindLiveObjects: 0.679200 ms CreateObjectMapping: 0.457200 ms MarkObjects: 6.716800 ms  DeleteObjects: 2.341700 ms)

Prepare: number of updated asset objects reloaded= 0
========================================================================
Received Prepare
Refreshing native plugins compatible for Editor in 2.17 ms, found 3 plugins.
Preloading 0 native plugins for Editor in 0.00 ms.
Unloading 0 Unused Serialized files (Serialized files now loaded: 0)
Unloading 3662 unused Assets / (0.9 MB). Loaded Objects now: 4160.
Memory consumption went from 82.8 MB to 81.9 MB.
Total: 8.609700 ms (FindLiveObjects: 0.561000 ms CreateObjectMapping: 0.319500 ms MarkObjects: 6.120200 ms  DeleteObjects: 1.607300 ms)

Prepare: number of updated asset objects reloaded= 0
========================================================================
Received Prepare
Begin MonoManager ReloadAssembly
- Loaded All Assemblies, in  1.191 seconds
Refreshing native plugins compatible for Editor in 2.30 ms, found 3 plugins.
Native extension for WindowsStandalone target not found
Mono: successfully reloaded assembly
- Finished resetting the current domain, in  0.937 seconds
Domain Reload Profiling: 2127ms
	BeginReloadAssembly (345ms)
		ExecutionOrderSort (0ms)
		DisableScriptedObjects (9ms)
		BackupInstance (0ms)
		ReleaseScriptingObjects (0ms)
		CreateAndSetChildDomain (70ms)
	RebuildCommonClasses (87ms)
	RebuildNativeTypeToScriptingClass (32ms)
	initialDomainReloadingComplete (62ms)
	LoadAllAssembliesAndSetupDomain (664ms)
		LoadAssemblies (572ms)
		RebuildTransferFunctionScriptingTraits (0ms)
		AnalyzeDomain (291ms)
			TypeCache.Refresh (15ms)
				TypeCache.ScanAssembly (0ms)
			BuildScriptInfoCaches (259ms)
			ResolveRequiredComponents (11ms)
	FinalizeReload (938ms)
		ReleaseScriptCaches (0ms)
		RebuildScriptCaches (0ms)
		SetupLoadedEditorAssemblies (696ms)
			LogAssemblyErrors (0ms)
			InitializePlatformSupportModulesInManaged (5ms)
			SetLoadedEditorAssemblies (5ms)
			BeforeProcessingInitializeOnLoad (189ms)
			ProcessInitializeOnLoadAttributes (470ms)
			ProcessInitializeOnLoadMethodAttributes (22ms)
			AfterProcessingInitializeOnLoad (5ms)
			EditorAssembliesLoaded (0ms)
		ExecutionOrderSort2 (0ms)
		AwakeInstancesAfterBackupRestoration (6ms)
Refreshing native plugins compatible for Editor in 1.11 ms, found 3 plugins.
Preloading 0 native plugins for Editor in 0.00 ms.
Unloading 0 Unused Serialized files (Serialized files now loaded: 0)
Unloading 3669 unused Assets / (0.9 MB). Loaded Objects now: 4160.
Memory consumption went from 82.7 MB to 81.8 MB.
Total: 6.900500 ms (FindLiveObjects: 0.524900 ms CreateObjectMapping: 0.302800 ms MarkObjects: 4.929400 ms  DeleteObjects: 1.142100 ms)

Prepare: number of updated asset objects reloaded= 0
========================================================================
Received Prepare
Begin MonoManager ReloadAssembly
- Loaded All Assemblies, in  0.622 seconds
Refreshing native plugins compatible for Editor in 1.08 ms, found 3 plugins.
Native extension for WindowsStandalone target not found
Mono: successfully reloaded assembly
- Finished resetting the current domain, in  0.771 seconds
Domain Reload Profiling: 1394ms
	BeginReloadAssembly (194ms)
		ExecutionOrderSort (0ms)
		DisableScriptedObjects (5ms)
		BackupInstance (0ms)
		ReleaseScriptingObjects (0ms)
		CreateAndSetChildDomain (53ms)
	RebuildCommonClasses (34ms)
	RebuildNativeTypeToScriptingClass (11ms)
	initialDomainReloadingComplete (34ms)
	LoadAllAssembliesAndSetupDomain (349ms)
		LoadAssemblies (293ms)
		RebuildTransferFunctionScriptingTraits (0ms)
		AnalyzeDomain (150ms)
			TypeCache.Refresh (7ms)
				TypeCache.ScanAssembly (0ms)
			BuildScriptInfoCaches (135ms)
			ResolveRequiredComponents (4ms)
	FinalizeReload (772ms)
		ReleaseScriptCaches (0ms)
		RebuildScriptCaches (0ms)
		SetupLoadedEditorAssemblies (617ms)
			LogAssemblyErrors (0ms)
			InitializePlatformSupportModulesInManaged (3ms)
			SetLoadedEditorAssemblies (3ms)
			BeforeProcessingInitializeOnLoad (106ms)
			ProcessInitializeOnLoadAttributes (468ms)
			ProcessInitializeOnLoadMethodAttributes (30ms)
			AfterProcessingInitializeOnLoad (6ms)
			EditorAssembliesLoaded (0ms)
		ExecutionOrderSort2 (0ms)
		AwakeInstancesAfterBackupRestoration (7ms)
Refreshing native plugins compatible for Editor in 1.14 ms, found 3 plugins.
Preloading 0 native plugins for Editor in 0.00 ms.
Unloading 0 Unused Serialized files (Serialized files now loaded: 0)
Unloading 3669 unused Assets / (0.8 MB). Loaded Objects now: 4160.
Memory consumption went from 82.7 MB to 81.9 MB.
Total: 7.951900 ms (FindLiveObjects: 0.847600 ms CreateObjectMapping: 0.351900 ms MarkObjects: 5.497100 ms  DeleteObjects: 1.253600 ms)

Prepare: number of updated asset objects reloaded= 0
========================================================================
Received Prepare
Begin MonoManager ReloadAssembly
- Loaded All Assemblies, in  0.635 seconds
Refreshing native plugins compatible for Editor in 0.91 ms, found 3 plugins.
Native extension for WindowsStandalone target not found
Mono: successfully reloaded assembly
- Finished resetting the current domain, in  0.765 seconds
Domain Reload Profiling: 1400ms
	BeginReloadAssembly (195ms)
		ExecutionOrderSort (0ms)
		DisableScriptedObjects (5ms)
		BackupInstance (0ms)
		ReleaseScriptingObjects (0ms)
		CreateAndSetChildDomain (53ms)
	RebuildCommonClasses (46ms)
	RebuildNativeTypeToScriptingClass (10ms)
	initialDomainReloadingComplete (31ms)
	LoadAllAssembliesAndSetupDomain (352ms)
		LoadAssemblies (302ms)
		RebuildTransferFunctionScriptingTraits (0ms)
		AnalyzeDomain (147ms)
			TypeCache.Refresh (5ms)
				TypeCache.ScanAssembly (0ms)
			BuildScriptInfoCaches (134ms)
			ResolveRequiredComponents (4ms)
	FinalizeReload (766ms)
		ReleaseScriptCaches (0ms)
		RebuildScriptCaches (0ms)
		SetupLoadedEditorAssemblies (614ms)
			LogAssemblyErrors (0ms)
			InitializePlatformSupportModulesInManaged (3ms)
			SetLoadedEditorAssemblies (3ms)
			BeforeProcessingInitializeOnLoad (106ms)
			ProcessInitializeOnLoadAttributes (464ms)
			ProcessInitializeOnLoadMethodAttributes (30ms)
			AfterProcessingInitializeOnLoad (5ms)
			EditorAssembliesLoaded (0ms)
		ExecutionOrderSort2 (0ms)
		AwakeInstancesAfterBackupRestoration (8ms)
Refreshing native plugins compatible for Editor in 1.14 ms, found 3 plugins.
Preloading 0 native plugins for Editor in 0.00 ms.
Unloading 0 Unused Serialized files (Serialized files now loaded: 0)
Unloading 3669 unused Assets / (0.9 MB). Loaded Objects now: 4160.
Memory consumption went from 82.7 MB to 81.8 MB.
Total: 9.075100 ms (FindLiveObjects: 0.622600 ms CreateObjectMapping: 0.616200 ms MarkObjects: 6.127000 ms  DeleteObjects: 1.707400 ms)

Prepare: number of updated asset objects reloaded= 0
========================================================================
Received Prepare
Begin MonoManager ReloadAssembly
- Loaded All Assemblies, in  0.595 seconds
Refreshing native plugins compatible for Editor in 0.87 ms, found 3 plugins.
Native extension for WindowsStandalone target not found
Mono: successfully reloaded assembly
- Finished resetting the current domain, in  0.678 seconds
Domain Reload Profiling: 1273ms
	BeginReloadAssembly (182ms)
		ExecutionOrderSort (0ms)
		DisableScriptedObjects (5ms)
		BackupInstance (0ms)
		ReleaseScriptingObjects (0ms)
		CreateAndSetChildDomain (49ms)
	RebuildCommonClasses (31ms)
	RebuildNativeTypeToScriptingClass (10ms)
	initialDomainReloadingComplete (31ms)
	LoadAllAssembliesAndSetupDomain (340ms)
		LoadAssemblies (286ms)
		RebuildTransferFunctionScriptingTraits (0ms)
		AnalyzeDomain (145ms)
			TypeCache.Refresh (6ms)
				TypeCache.ScanAssembly (0ms)
			BuildScriptInfoCaches (132ms)
			ResolveRequiredComponents (4ms)
	FinalizeReload (679ms)
		ReleaseScriptCaches (0ms)
		RebuildScriptCaches (0ms)
		SetupLoadedEditorAssemblies (541ms)
			LogAssemblyErrors (0ms)
			InitializePlatformSupportModulesInManaged (2ms)
			SetLoadedEditorAssemblies (2ms)
			BeforeProcessingInitializeOnLoad (89ms)
			ProcessInitializeOnLoadAttributes (412ms)
			ProcessInitializeOnLoadMethodAttributes (28ms)
			AfterProcessingInitializeOnLoad (6ms)
			EditorAssembliesLoaded (0ms)
		ExecutionOrderSort2 (0ms)
		AwakeInstancesAfterBackupRestoration (6ms)
Refreshing native plugins compatible for Editor in 1.16 ms, found 3 plugins.
Preloading 0 native plugins for Editor in 0.00 ms.
Unloading 0 Unused Serialized files (Serialized files now loaded: 0)
Unloading 3669 unused Assets / (1.0 MB). Loaded Objects now: 4160.
Memory consumption went from 82.7 MB to 81.7 MB.
Total: 9.676100 ms (FindLiveObjects: 0.645400 ms CreateObjectMapping: 0.331900 ms MarkObjects: 7.018300 ms  DeleteObjects: 1.678800 ms)

Prepare: number of updated asset objects reloaded= 0
========================================================================
Received Prepare
Begin MonoManager ReloadAssembly
- Loaded All Assemblies, in  0.595 seconds
Refreshing native plugins compatible for Editor in 0.79 ms, found 3 plugins.
Native extension for WindowsStandalone target not found
Mono: successfully reloaded assembly
- Finished resetting the current domain, in  0.678 seconds
Domain Reload Profiling: 1273ms
	BeginReloadAssembly (183ms)
		ExecutionOrderSort (0ms)
		DisableScriptedObjects (5ms)
		BackupInstance (0ms)
		ReleaseScriptingObjects (0ms)
		CreateAndSetChildDomain (50ms)
	RebuildCommonClasses (32ms)
	RebuildNativeTypeToScriptingClass (10ms)
	initialDomainReloadingComplete (31ms)
	LoadAllAssembliesAndSetupDomain (338ms)
		LoadAssemblies (289ms)
		RebuildTransferFunctionScriptingTraits (0ms)
		AnalyzeDomain (141ms)
			TypeCache.Refresh (7ms)
				TypeCache.ScanAssembly (0ms)
			BuildScriptInfoCaches (127ms)
			ResolveRequiredComponents (4ms)
	FinalizeReload (678ms)
		ReleaseScriptCaches (0ms)
		RebuildScriptCaches (0ms)
		SetupLoadedEditorAssemblies (546ms)
			LogAssemblyErrors (0ms)
			InitializePlatformSupportModulesInManaged (3ms)
			SetLoadedEditorAssemblies (3ms)
			BeforeProcessingInitializeOnLoad (86ms)
			ProcessInitializeOnLoadAttributes (420ms)
			ProcessInitializeOnLoadMethodAttributes (28ms)
			AfterProcessingInitializeOnLoad (5ms)
			EditorAssembliesLoaded (0ms)
		ExecutionOrderSort2 (0ms)
		AwakeInstancesAfterBackupRestoration (7ms)
Refreshing native plugins compatible for Editor in 1.27 ms, found 3 plugins.
Preloading 0 native plugins for Editor in 0.00 ms.
Unloading 0 Unused Serialized files (Serialized files now loaded: 0)
Unloading 3669 unused Assets / (0.9 MB). Loaded Objects now: 4160.
Memory consumption went from 82.7 MB to 81.8 MB.
Total: 7.937500 ms (FindLiveObjects: 0.583800 ms CreateObjectMapping: 0.347300 ms MarkObjects: 5.725600 ms  DeleteObjects: 1.279500 ms)

Prepare: number of updated asset objects reloaded= 0
